time_s,frame_index,side,valid_mask,x,y,z,world_x,world_y,world_z,raw_speed,smoothed_speed,motion_source,motion_weight,boundary_x,boundary_y,interpolated_for_motion
0.0,0,left,False,,,,,,,,,,0.0,,,False
0.0,0,right,False,,,,,,,,,,0.0,,,False
0.14,7,left,False,,,,,,,,,,0.0,,,False
0.14,7,right,False,,,,,,,,,,0.0,,,False
0.26,13,left,False,,,,,,,,,,0.0,,,False
0.26,13,right,False,,,,,,,,,,0.0,,,False
0.38,19,left,False,,,,,,,,,,0.0,,,False
0.38,19,right,False,,,,,,,,,,0.0,,,False
0.5,25,left,False,,,,,,,,,,0.0,,,False
0.5,25,right,False,,,,,,,,,,0.0,,,False
0.64,32,left,False,,,,,,,,,,0.0,,,False
0.64,32,right,False,,,,,,,,,,0.0,,,False
0.76,38,left,False,,,,,,,,,,0.0,,,False
0.76,38,right,False,,,,,,,,,,0.0,,,False
0.88,44,left,False,,,,,,,,,,0.0,,,False
0.88,44,right,False,,,,,,,,,,0.0,,,False
1.0,50,left,False,,,,,,,,,,0.0,,,False
1.0,50,right,False,,,,,,,,,,0.0,,,False
1.14,57,left,False,,,,,,,,,,0.0,,,False
1.14,57,right,False,,,,,,,,,,0.0,,,False
1.26,63,left,False,,,,,,,,,,0.0,,,False
1.26,63,right,False,,,,,,,,,,0.0,,,False
1.38,69,left,False,,,,,,,,,,0.0,,,False
1.38,69,right,False,,,,,,,,,,0.0,,,False
1.5,75,left,False,,,,,,,,,,0.0,,,False
1.5,75,right,False,,,,,,,,,,0.0,,,False
1.64,82,left,False,,,,,,,,,,0.0,,,False
1.64,82,right,False,,,,,,,,,,0.0,,,False
1.76,88,left,False,,,,,,,,,,0.0,,,False
1.76,88,right,False,,,,,,,,,,0.0,,,False
1.88,94,left,False,,,,,,,,,,0.0,,,False
1.88,94,right,False,,,,,,,,,,0.0,,,False
2.0,100,left,False,,,,,,,,,,0.0,,,False
2.0,100,right,False,,,,,,,,,,0.0,,,False
2.14,107,left,True,0.7342047691345215,0.7977496981620789,9.699085090630888e-09,0.030226048082113266,0.05321977287530899,0.022771397605538368,,,,0.0,0.706631,0.695741,False
2.14,107,right,False,,,,,,,,,,0.0,,,False
2.26,113,left,True,0.7268344163894653,0.7214891910552979,1.0145549111939545e-07,0.0533691868185997,0.07826260477304459,0.023908812552690506,0.8180397,0.4856211,observed,1.0,0.686039,0.612525,False
2.26,113,right,True,0.7065637111663818,0.6554962992668152,-1.8350196029359722e-08,0.05085798725485802,0.07059954106807709,-0.0021454934030771255,,,,0.0,0.673982,0.570964,False
2.38,119,left,True,0.7226381301879883,0.7097133994102478,-1.3997328096593264e-07,0.058554667979478836,0.06717881560325623,0.027881477028131485,0.3850652,0.3809924,observed,1.0,0.677583,0.621188,False
2.38,119,right,False,,,,,,,,,,0.0,,,False
2.5,125,left,True,0.7288953065872192,0.7632144689559937,-1.9648327054255788e-07,0.070200115442276,0.060584988445043564,0.006555144675076008,0.1539756,0.232126,observed,1.0,0.675733,0.689448,False
2.5,125,right,False,,,,,,,,,,0.0,,,False
2.64,132,left,True,0.7261775135993958,0.7846375703811646,-1.7449271183522796e-07,0.0725477784872055,0.0587608702480793,-0.004849183838814497,0.0883204,0.104042,observed,1.0,0.669798,0.71179,False
2.64,132,right,False,,,,,,,,,,0.0,,,False
2.76,138,left,True,0.7051528692245483,0.7644768953323364,-7.056809181449353e-08,0.0787012055516243,0.0545591339468956,-0.010412621311843395,0.0412512,0.0908902,observed,1.0,0.645204,0.694791,False
2.76,138,right,False,,,,,,,,,,0.0,,,False
2.88,144,left,True,0.6895942687988281,0.7549433708190918,-4.9024126980157234e-08,0.08117382228374481,0.05076281353831291,-0.011084452271461487,0.153817,0.0934703,observed,1.0,0.633542,0.692956,False
2.88,144,right,True,0.4198397099971771,0.6684373617172241,5.691733662160914e-08,-0.05772937834262848,0.043016642332077026,-0.007792135234922171,,,,0.0,0.464936,0.592173,False
3.0,150,left,False,,,,,,,,,,0.0,,,False
3.0,150,right,False,,,,,,,,,,0.0,,,False
3.14,157,left,False,,,,,,,,,,0.0,,,False
3.14,157,right,False,,,,,,,,,,0.0,,,False
3.26,163,left,False,,,,,,,,,,0.0,,,False
3.26,163,right,False,,,,,,,,,,0.0,,,False
3.38,169,left,False,,,,,,,,,,0.0,,,False
3.38,169,right,False,,,,,,,,,,0.0,,,False
3.5,175,left,False,,,,,,,,,,0.0,,,False
3.5,175,right,False,,,,,,,,,,0.0,,,False
3.64,182,left,False,,,,,,,,,,0.0,,,False
3.64,182,right,False,,,,,,,,,,0.0,,,False
3.76,188,left,False,,,,,,,,,,0.0,,,False
3.76,188,right,True,0.15746450424194336,0.6904861330986023,7.312882388532671e-08,-0.06205153465270996,0.04822841286659241,0.01051625981926918,,,,0.0,0.22416,0.586589,False
3.88,194,left,False,,,,,,,,,,0.0,,,False
3.88,194,right,False,,,,,,,,,,0.0,,,False
4.0,200,left,True,0.37427908182144165,0.9857969880104065,4.644562920930184e-07,-0.029924120754003525,0.03771514818072319,0.05677515268325806,,,,0.0,0.404219,0.877941,False
4.0,200,right,False,,,,,,,,,,0.0,,,False
4.14,207,left,True,0.43107351660728455,1.0396511554718018,3.4859593256442167e-07,-0.03397325053811073,0.06824887543916702,0.021905362606048584,0.5308414,0.3768907,observed,1.0,0.465597,0.922275,False
4.14,207,right,False,,,,,,,,,,0.0,,,False
4.26,213,left,True,0.47447678446769714,0.987917959690094,1.1538860889004354e-07,-0.011527087539434433,0.0648488849401474,-0.014321176335215569,0.3329736,0.3246929,observed,1.0,0.482881,0.902264,False
4.26,213,right,False,,,,,,,,,,0.0,,,False
4.38,219,left,True,0.4498802721500397,0.9809854030609131,3.974222977376485e-07,-0.019211160019040108,0.03907502442598343,0.0477960966527462,0.0757272,0.2698348,observed,1.0,0.460695,0.912881,False
4.38,219,right,False,,,,,,,,,,0.0,,,False
4.5,225,left,False,,,,,,,,,,0.0,,,False
4.5,225,right,False,,,,,,,,,,0.0,,,False
4.64,232,left,False,,,,,,,,,,0.0,,,False
4.64,232,right,False,,,,,,,,,,0.0,,,False
4.76,238,left,False,,,,,,,,,,0.0,,,False
4.76,238,right,False,,,,,,,,,,0.0,,,False
4.88,244,left,False,,,,,,,,,,0.0,,,False
4.88,244,right,False,,,,,,,,,,0.0,,,False
5.0,250,left,False,,,,,,,,,,0.0,,,False
5.0,250,right,True,0.32879772782325745,0.8827458024024963,4.0259376987705764e-07,-0.007756966166198254,0.04950215667486191,0.043822310864925385,,,,0.0,0.341221,0.725082,False
5.14,257,left,False,,,,,,,,,,0.0,,,False
5.14,257,right,True,0.43424344062805176,0.554071307182312,3.1186783644443494e-07,-0.007514175958931446,0.05013571307063103,0.02558187022805214,1.5228885,0.8227421,observed,1.0,0.44064,0.428858,False
5.26,263,left,False,,,,,,,,,,0.0,,,False
5.26,263,right,True,0.4342685341835022,0.5868189930915833,1.1847017589161624e-07,0.004320517182350159,0.07989886403083801,0.011278362944722176,0.1225956,0.8227421,observed,1.0,0.42865,0.456529,False
5.38,269,left,True,0.4442393183708191,0.8784336447715759,-2.787415951388539e-07,-0.04365929588675499,0.05965709313750267,0.03833560273051262,,,,0.0,0.502808,0.746804,False
5.38,269,right,False,,,,,,,,,,0.0,,,False
5.5,275,left,False,,,,,,,,,,0.0,,,False
5.5,275,right,False,,,,,,,,,,0.0,,,False
5.64,282,left,False,,,,,,,,,,0.0,,,False
5.64,282,right,False,,,,,,,,,,0.0,,,False
5.76,288,left,False,,,,,,,,,,0.0,,,False
5.76,288,right,False,,,,,,,,,,0.0,,,False
5.88,294,left,False,,,,,,,,,,0.0,,,False
5.88,294,right,False,,,,,,,,,,0.0,,,False
6.0,300,left,False,,,,,,,,,,0.0,,,False
6.0,300,right,False,,,,,,,,,,0.0,,,False
6.14,307,left,False,,,,,,,,,,0.0,,,False
6.14,307,right,True,0.4544440507888794,0.6155678033828735,-1.023777187469932e-07,-0.030169276520609856,0.06394443660974503,0.025230618193745613,,,,0.0,0.482409,0.488853,False
6.26,313,left,True,0.6864035129547119,0.9741336107254028,-6.100459870594932e-08,-0.012625565752387047,0.07393912225961685,0.0396747924387455,,,,0.0,0.700146,0.847849,False
6.26,313,right,True,0.42971694469451904,0.6027731895446777,-2.3990244812921446e-07,-0.03434643894433975,0.04879222810268402,-0.019361305981874466,0.1093943,0.1154315,observed,1.0,0.461135,0.505254,False
6.38,319,left,True,0.6608448624610901,0.9262558817863464,-1.637933735310071e-07,-0.016227182000875473,0.0782940462231636,0.038978010416030884,0.3328755,0.1911912,observed,1.0,0.678878,0.785989,False
6.38,319,right,True,0.4086991250514984,0.6265549063682556,-2.0229686015227344e-07,-0.03767476603388786,0.054701801389455795,-0.015579869970679283,0.1293518,0.1136262,observed,1.0,0.440245,0.534435,False
6.5,325,left,True,0.6475611925125122,0.9239155650138855,-2.3726160236492433e-07,-0.01645093783736229,0.0724506601691246,0.030808832496404648,0.1025026,0.1691437,observed,1.0,0.666862,0.783322,False
6.5,325,right,True,0.4012446403503418,0.6307012438774109,-1.4533185321852216e-07,-0.047957152128219604,0.05904947593808174,-0.0076562222093343735,0.011556,0.1061708,observed,1.0,0.434089,0.545848,False
6.64,332,left,True,0.6531500220298767,0.9757921099662781,-2.7785975476035674e-07,-0.024867359548807144,0.07369711250066757,0.04158780351281166,0.149183,0.1714865,observed,1.0,0.679298,0.839009,False
6.64,332,right,True,0.4132041037082672,0.6166696548461914,-3.885422827920593e-08,-0.043952349573373795,0.06130330264568329,-0.013825247064232826,0.1145882,0.0899044,observed,1.0,0.443667,0.532812,False
6.76,338,left,True,0.6710605621337891,1.0377827882766724,-1.5951107457112812e-07,-0.0283819492906332,0.07615252584218979,0.03946543112397194,0.3022761,0.1961217,observed,1.0,0.698358,0.904594,False
6.76,338,right,True,0.4092850983142853,0.5883187055587769,-4.070987102977597e-09,-0.040697019547224045,0.05698434263467789,-0.02916225604712963,0.08269,0.081265,observed,1.0,0.43719,0.508713,False
6.88,344,left,False,,,,,,,,,,0.0,,,False
6.88,344,right,True,0.4057460129261017,0.5666190981864929,-3.4082457744943895e-08,-0.031999487429857254,0.033253878355026245,-0.028925033286213875,0.0547622,0.0781023,observed,1.0,0.430766,0.499953,False
7.0,350,left,False,,,,,,,,,,0.0,,,False
7.0,350,right,True,0.42188727855682373,0.5741565227508545,3.9202067370069926e-08,-0.018307404592633247,0.0532052107155323,-0.026915881782770157,0.0809465,0.073783,observed,1.0,0.435454,0.500654,False
7.14,357,left,False,,,,,,,,,,0.0,,,False
7.14,357,right,False,,,,,,,,,,0.0,,,False
7.26,363,left,False,,,,,,,,,,0.0,,,False
7.26,363,right,False,,,,,,,,,,0.0,,,False
7.38,369,left,False,,,,,,,,,,0.0,,,False
7.38,369,right,False,,,,,,,,,,0.0,,,False
7.5,375,left,False,,,,,,,,,,0.0,,,False
7.5,375,right,False,,,,,,,,,,0.0,,,False
7.64,382,left,False,,,,,,,,,,0.0,,,False
7.64,382,right,True,0.4782092869281769,0.5352803468704224,3.947057436448631e-08,-0.017044637352228165,0.04930094629526138,-0.015995843335986137,,,,0.0,0.492705,0.439889,False
7.76,388,left,True,0.6502481698989868,0.936919629573822,-2.915533343639254e-07,-0.031707361340522766,0.06770876795053482,0.02280137501657009,,,,0.0,0.681227,0.812768,False
7.76,388,right,True,0.5080316662788391,0.5418270826339722,1.1597943228025542e-07,-0.027418173849582672,0.058587510138750076,0.004747061058878899,0.0227457,0.119819,observed,1.0,0.52851,0.444798,False
7.88,394,left,True,0.6409745812416077,0.880054771900177,-1.8254181100019196e-07,-0.03477679193019867,0.06766966730356216,0.009488618932664394,0.3436898,0.2422638,observed,1.0,0.676021,0.762164,False
7.88,394,right,False,,,,,,,0.1588219,0.1384183,interpolated_for_motion,0.4,0.574523,0.493044,True
8.0,400,left,True,0.6384328007698059,0.8602299094200134,-2.892392672038113e-07,-0.03607304394245148,0.056736622005701065,0.006646990776062012,0.1482077,0.2283163,observed,1.0,0.680453,0.762007,False
8.0,400,right,True,0.600538969039917,0.6153782606124878,2.1639115743710136e-07,-0.022688571363687515,0.049988605082035065,-0.034197233617305756,0.1563688,0.151251,interpolated_for_motion,0.4,0.612831,0.537875,False
8.14,407,left,True,0.6837050914764404,0.8677240610122681,-2.5295281602666364e-07,-0.04855673760175705,0.06486163288354874,-0.040298476815223694,0.236422,0.2076706,observed,1.0,0.725761,0.753564,False
8.14,407,right,False,,,,,,,,,,0.0,,,False
8.26,413,left,False,,,,,,,,,,0.0,,,False
8.26,413,right,False,,,,,,,,,,0.0,,,False
8.38,419,left,False,,,,,,,,,,0.0,,,False
8.38,419,right,False,,,,,,,,,,0.0,,,False
8.5,425,left,False,,,,,,,,,,0.0,,,False
8.5,425,right,False,,,,,,,,,,0.0,,,False
8.64,432,left,False,,,,,,,,,,0.0,,,False
8.64,432,right,False,,,,,,,,,,0.0,,,False
8.76,438,left,False,,,,,,,,,,0.0,,,False
8.76,438,right,False,,,,,,,,,,0.0,,,False
8.88,444,left,False,,,,,,,,,,0.0,,,False
8.88,444,right,False,,,,,,,,,,0.0,,,False
9.0,450,left,False,,,,,,,,,,0.0,,,False
9.0,450,right,False,,,,,,,,,,0.0,,,False
9.14,457,left,False,,,,,,,,,,0.0,,,False
9.14,457,right,False,,,,,,,,,,0.0,,,False
9.26,463,left,False,,,,,,,,,,0.0,,,False
9.26,463,right,False,,,,,,,,,,0.0,,,False
9.38,469,left,False,,,,,,,,,,0.0,,,False
9.38,469,right,False,,,,,,,,,,0.0,,,False
9.5,475,left,False,,,,,,,,,,0.0,,,False
9.5,475,right,False,,,,,,,,,,0.0,,,False
9.64,482,left,False,,,,,,,,,,0.0,,,False
9.64,482,right,False,,,,,,,,,,0.0,,,False
9.76,488,left,False,,,,,,,,,,0.0,,,False
9.76,488,right,False,,,,,,,,,,0.0,,,False
9.88,494,left,False,,,,,,,,,,0.0,,,False
9.88,494,right,False,,,,,,,,,,0.0,,,False
10.0,500,left,True,0.6076709628105164,0.8441087603569031,3.6064605524188664e-08,-0.00034204311668872833,0.06999538093805313,0.021612048149108887,,,,0.0,0.607783,0.732865,False
10.0,500,right,False,,,,,,,,,,0.0,,,False
10.14,507,left,True,0.6149441003799438,0.791820228099823,5.937912384013089e-09,-0.004988143686205149,0.07200999557971954,-0.010098033584654331,0.2076014,0.1923444,observed,1.0,0.620258,0.669505,False
10.14,507,right,False,,,,,,,,,,0.0,,,False
10.26,513,left,True,0.6450494527816772,0.8073527812957764,-3.2479792366757465e-07,0.008551109582185745,0.07223521918058395,-0.01905491203069687,0.1770874,0.1923444,observed,1.0,0.636435,0.693284,False
10.26,513,right,False,,,,,,,,,,0.0,,,False
10.38,519,left,False,,,,,,,,,,0.0,,,False
10.38,519,right,False,,,,,,,,,,0.0,,,False
10.5,525,left,False,,,,,,,,,,0.0,,,False
10.5,525,right,False,,,,,,,,,,0.0,,,False
10.64,532,left,False,,,,,,,,,,0.0,,,False
10.64,532,right,True,0.4527924954891205,0.9021682739257812,1.8180087124619604e-07,-0.0749606266617775,0.037374965846538544,0.02292426861822605,,,,0.0,0.522088,0.823097,False
10.76,538,left,False,,,,,,,,,,0.0,,,False
10.76,538,right,True,0.4754605293273926,0.8737022876739502,-3.3803282395439282e-09,-0.07199918478727341,0.043152984231710434,0.004667485132813454,0.2228612,0.1919275,observed,1.0,0.547614,0.790613,False
10.88,544,left,False,,,,,,,,,,0.0,,,False
10.88,544,right,True,0.46491485834121704,0.8638899922370911,-1.7651697703513491e-07,-0.04880908876657486,0.03881291300058365,-0.009770868346095085,0.1799292,0.1859164,observed,1.0,0.521124,0.778416,False
11.0,550,left,False,,,,,,,,,,0.0,,,False
11.0,550,right,True,0.45568910241127014,0.8299747109413147,-7.787924261037915e-08,-0.05119479075074196,0.05181474611163139,-0.036886271089315414,0.1018869,0.1816529,observed,1.0,0.503526,0.73753,False
11.14,557,left,True,0.45485174655914307,0.8292268514633179,-1.2635156565465877e-07,-0.05936771258711815,0.030772138386964798,-0.03980400785803795,,,,0.0,0.510718,0.756302,False
11.14,557,right,True,0.46257227659225464,0.8215293884277344,-9.283500190804261e-08,-0.03853679448366165,0.02556135505437851,-0.01603730395436287,0.1810641,0.205156,observed,1.0,0.516157,0.746972,False
11.26,563,left,False,,,,,,,,,,0.0,,,False
11.26,563,right,True,0.47542017698287964,0.850695788860321,-6.945452213358294e-08,-0.06503552943468094,0.036558620631694794,-0.0738997608423233,0.251696,0.2334776,observed,1.0,0.533375,0.783375,False
11.38,569,left,False,,,,,,,,,,0.0,,,False
11.38,569,right,True,0.4867612421512604,0.8221672773361206,3.665529035856707e-08,-0.05948125943541527,0.0457097589969635,-0.03452284634113312,0.2623213,0.2484155,observed,1.0,0.541903,0.736209,False
11.5,575,left,False,,,,,,,,,,0.0,,,False
11.5,575,right,False,,,,,,,,,,0.0,,,False
11.64,582,left,False,,,,,,,,,,0.0,,,False
11.64,582,right,False,,,,,,,,,,0.0,,,False
11.76,588,left,False,,,,,,,,,,0.0,,,False
11.76,588,right,False,,,,,,,,,,0.0,,,False
11.88,594,left,False,,,,,,,,,,0.0,,,False
11.88,594,right,False,,,,,,,,,,0.0,,,False
12.0,600,left,False,,,,,,,,,,0.0,,,False
12.0,600,right,False,,,,,,,,,,0.0,,,False
12.14,607,left,False,,,,,,,,,,0.0,,,False
12.14,607,right,False,,,,,,,,,,0.0,,,False
12.26,613,left,False,,,,,,,,,,0.0,,,False
12.26,613,right,False,,,,,,,,,,0.0,,,False
12.38,619,left,False,,,,,,,,,,0.0,,,False
12.38,619,right,False,,,,,,,,,,0.0,,,False
12.5,625,left,True,0.7020936012268066,0.8536268472671509,-1.7441021782360622e-07,0.024234194308519363,0.060465008020401,0.04192968085408211,,,,0.0,0.671766,0.716027,False
12.5,625,right,False,,,,,,,,,,0.0,,,False
12.64,632,left,False,,,,,,,0.4177853,0.4125092,interpolated_for_motion,0.4,0.695489,0.749967,True
12.64,632,right,True,0.14759138226509094,0.9014914631843567,4.836119842366315e-07,-0.03363403305411339,0.0508413091301918,0.05768653377890587,,,,0.0,0.223709,0.700752,False
12.76,638,left,False,,,,,,,0.4104627,0.4118264,interpolated_for_motion,0.4,0.711272,0.739862,True
12.76,638,right,False,,,,,,,,,,0.0,,,False
12.88,644,left,False,,,,,,,0.408235,0.4123333,interpolated_for_motion,0.4,0.700563,0.73494,True
12.88,644,right,False,,,,,,,,,,0.0,,,False
13.0,650,left,True,0.739982545375824,0.7697923183441162,-3.740393594853231e-07,0.020599383860826492,0.011507198214530945,0.05469531938433647,0.41672,0.4145947,interpolated_for_motion,0.4,0.708215,0.742543,False
13.0,650,right,False,,,,,,,,,,0.0,,,False
13.14,657,left,True,0.7520365118980408,0.9849627017974854,-3.498514900002192e-08,0.027140146121382713,0.08490746468305588,0.021368740126490593,0.5388495,0.3949444,observed,1.0,0.70138,0.808994,False
13.14,657,right,False,,,,,,,,,,0.0,,,False
13.26,663,left,True,0.710310697555542,0.9608364105224609,5.3928386201107514e-09,0.032827481627464294,0.07727969437837601,0.02206486463546753,0.2628485,0.3742148,observed,1.0,0.656042,0.794296,False
13.26,663,right,True,0.3865058720111847,0.7066141366958618,2.7254756673755764e-07,-0.060994960367679596,0.06046009063720703,0.00817886646836996,,,,0.0,0.443949,0.597488,False
13.38,669,left,True,0.6814609169960022,0.947524905204773,-1.8262704770677374e-07,0.02820986695587635,0.08335088938474655,0.035325612872838974,0.3526099,0.3763019,observed,1.0,0.641092,0.78324,False
13.38,669,right,True,0.41624829173088074,0.7377550601959229,1.8209823338111164e-07,-0.05400446802377701,0.0719064325094223,0.018115069717168808,0.7060783,0.7043794,observed,1.0,0.468362,0.620658,False
13.5,675,left,True,0.6800186038017273,0.9397406578063965,-3.19638900236896e-07,0.03130023181438446,0.0840924009680748,0.022261887788772583,0.4274099,0.4188893,observed,1.0,0.640334,0.785619,False
13.5,675,right,True,0.4418816566467285,0.7600536346435547,2.0380907983508223e-07,-0.06012129783630371,0.06726126372814178,0.008380935527384281,0.7036281,0.6844431,observed,1.0,0.497581,0.657318,False
13.64,682,left,True,0.687932550907135,0.969167947769165,-4.1163966102431004e-07,0.022707877680659294,0.07122305035591125,0.033388908952474594,0.5743112,0.475289,observed,1.0,0.657604,0.820899,False
13.64,682,right,True,0.45867007970809937,0.8098287582397461,7.145386149431943e-08,-0.051314257085323334,0.05703848600387573,0.026818320155143738,0.6244165,0.5906563,observed,1.0,0.513713,0.704558,False
13.76,688,left,False,,,,,,,,,,0.0,,,False
13.76,688,right,False,,,,,,,0.4635149,0.5131748,interpolated_for_motion,0.4,0.512565,0.799671,True
13.88,694,left,False,,,,,,,,,,0.0,,,False
13.88,694,right,False,,,,,,,0.4714088,0.4889176,interpolated_for_motion,0.4,0.522901,0.881138,True
14.0,700,left,False,,,,,,,,,,0.0,,,False
14.0,700,right,True,0.4934564530849457,0.9391387104988098,2.779707699573919e-07,-0.05657446011900902,0.05408070236444473,0.034736718982458115,0.500177,0.5675367,interpolated_for_motion,0.4,0.536501,0.868297,False
14.14,707,left,False,,,,,,,,,,0.0,,,False
14.14,707,right,False,,,,,,,0.8356832,0.7245477,interpolated_for_motion,0.4,0.489914,0.725878,True
14.26,713,left,False,,,,,,,,,,0.0,,,False
14.26,713,right,True,0.4347214698791504,0.6438086032867432,-3.938774284506508e-08,-0.013547214679419994,0.033536460250616074,-0.013528111390769482,0.9130157,0.6651893,interpolated_for_motion,0.4,0.439567,0.580658,False
14.38,719,left,False,,,,,,,,,,0.0,,,False
14.38,719,right,True,0.40550386905670166,0.6234222054481506,-3.0816593721283425e-08,-0.010713111609220505,0.04237140342593193,-0.014373358339071274,0.3366742,0.4684228,observed,1.0,0.40425,0.564943,False
14.5,725,left,False,,,,,,,,,,0.0,,,False
14.5,725,right,True,0.40749603509902954,0.6445729732513428,-6.517962702901059e-08,0.028121860697865486,0.05428590625524521,0.004043060354888439,0.0990371,0.3144168,observed,1.0,0.392676,0.597513,False
14.64,732,left,False,,,,,,,,,,0.0,,,False
14.64,732,right,False,,,,,,,,,,0.0,,,False
14.76,738,left,False,,,,,,,,,,0.0,,,False
14.76,738,right,False,,,,,,,,,,0.0,,,False
14.88,744,left,False,,,,,,,,,,0.0,,,False
14.88,744,right,False,,,,,,,,,,0.0,,,False
15.0,750,left,False,,,,,,,,,,0.0,,,False
15.0,750,right,False,,,,,,,,,,0.0,,,False
15.14,757,left,False,,,,,,,,,,0.0,,,False
15.14,757,right,False,,,,,,,,,,0.0,,,False
15.26,763,left,False,,,,,,,,,,0.0,,,False
15.26,763,right,False,,,,,,,,,,0.0,,,False
15.38,769,left,True,0.7404739856719971,0.7707361578941345,1.4318198182650121e-08,-0.025352422147989273,0.04032692685723305,0.02398444339632988,,,,0.0,0.760075,0.699554,False
15.38,769,right,False,,,,,,,,,,0.0,,,False
15.5,775,left,True,0.766853392124176,0.7725672721862793,1.2403320681642072e-07,-0.02782834693789482,0.05534397438168526,-0.011302299797534943,0.2528437,0.2528437,observed,1.0,0.789754,0.691672,False
15.5,775,right,False,,,,,,,,,,0.0,,,False
15.64,782,left,False,,,,,,,,,,0.0,,,False
15.64,782,right,True,0.7692780494689941,0.8091495633125305,1.9864054934259912e-07,-0.039428357034921646,0.052567921578884125,0.051655642688274384,,,,0.0,0.790312,0.737407,False
15.76,788,left,False,,,,,,,,,,0.0,,,False
15.76,788,right,False,,,,,,,,,,0.0,,,False
15.88,794,left,False,,,,,,,,,,0.0,,,False
15.88,794,right,False,,,,,,,,,,0.0,,,False
16.0,800,left,False,,,,,,,,,,0.0,,,False
16.0,800,right,False,,,,,,,,,,0.0,,,False
16.14,807,left,False,,,,,,,,,,0.0,,,False
16.14,807,right,False,,,,,,,,,,0.0,,,False
16.26,813,left,False,,,,,,,,,,0.0,,,False
16.26,813,right,False,,,,,,,,,,0.0,,,False
16.38,819,left,False,,,,,,,,,,0.0,,,False
16.38,819,right,False,,,,,,,,,,0.0,,,False
16.5,825,left,False,,,,,,,,,,0.0,,,False
16.5,825,right,False,,,,,,,,,,0.0,,,False
16.64,832,left,False,,,,,,,,,,0.0,,,False
16.64,832,right,False,,,,,,,,,,0.0,,,False
16.76,838,left,False,,,,,,,,,,0.0,,,False
16.76,838,right,False,,,,,,,,,,0.0,,,False
16.88,844,left,True,0.728099524974823,0.9782972931861877,-2.2963523349517345e-07,-0.07226545363664627,0.04428543522953987,0.03176717832684517,,,,0.0,0.792383,0.894384,False
16.88,844,right,False,,,,,,,,,,0.0,,,False
17.0,850,left,True,0.7231969833374023,0.9344696998596191,-2.2302607760593673e-07,-0.06867841631174088,0.048814065754413605,0.05171062424778938,0.3346179,0.2719869,observed,1.0,0.788753,0.843799,False
17.0,850,right,False,,,,,,,,,,0.0,,,False
17.14,857,left,True,0.7628638744354248,0.8585004806518555,-6.998445911676754e-08,-0.0621948316693306,0.05346686393022537,0.05660223960876465,0.2417037,0.2494545,observed,1.0,0.808141,0.796159,False
17.14,857,right,True,0.7430557012557983,0.9060643911361694,-2.2256595855196792e-07,-0.06377072632312775,0.05707450956106186,0.057277828454971313,,,,0.0,0.802772,0.798808,False
17.26,863,left,True,0.7839318513870239,0.9039300680160522,-1.894305938776597e-07,-0.06819012761116028,0.0703582763671875,0.029979906976222992,0.1987152,0.2271311,observed,1.0,0.843142,0.79525,False
17.26,863,right,False,,,,,,,,,,0.0,,,False
17.38,869,left,True,0.8266055583953857,0.8960628509521484,-2.3063896037456288e-07,-0.0512978658080101,0.07571770250797272,0.0488903746008873,0.2498674,0.2105236,observed,1.0,0.873094,0.763967,False
17.38,869,right,False,,,,,,,,,,0.0,,,False
17.5,875,left,True,0.8751916885375977,0.911563515663147,-1.951609220895989e-07,-0.042277492582798004,0.07588858902454376,0.04433596134185791,0.1306093,0.197781,observed,1.0,0.91474,0.77958,False
17.5,875,right,False,,,,,,,,,,0.0,,,False
17.64,882,left,False,,,,,,,,,,0.0,,,False
17.64,882,right,False,,,,,,,,,,0.0,,,False
17.76,888,left,False,,,,,,,,,,0.0,,,False
17.76,888,right,False,,,,,,,,,,0.0,,,False
17.88,894,left,False,,,,,,,,,,0.0,,,False
17.88,894,right,False,,,,,,,,,,0.0,,,False
18.0,900,left,False,,,,,,,,,,0.0,,,False
18.0,900,right,False,,,,,,,,,,0.0,,,False
18.14,907,left,False,,,,,,,,,,0.0,,,False
18.14,907,right,False,,,,,,,,,,0.0,,,False
18.26,913,left,False,,,,,,,,,,0.0,,,False
18.26,913,right,False,,,,,,,,,,0.0,,,False
18.38,919,left,False,,,,,,,,,,0.0,,,False
18.38,919,right,False,,,,,,,,,,0.0,,,False
18.5,925,left,False,,,,,,,,,,0.0,,,False
18.5,925,right,False,,,,,,,,,,0.0,,,False
18.64,932,left,False,,,,,,,,,,0.0,,,False
18.64,932,right,False,,,,,,,,,,0.0,,,False
18.76,938,left,False,,,,,,,,,,0.0,,,False
18.76,938,right,False,,,,,,,,,,0.0,,,False
18.88,944,left,False,,,,,,,,,,0.0,,,False
18.88,944,right,False,,,,,,,,,,0.0,,,False
19.0,950,left,False,,,,,,,,,,0.0,,,False
19.0,950,right,False,,,,,,,,,,0.0,,,False
19.14,957,left,True,0.5687148571014404,0.7168188095092773,2.844942059709865e-08,0.002065533772110939,0.09257012605667114,0.033762384206056595,,,,0.0,0.572224,0.564487,False
19.14,957,right,False,,,,,,,,,,0.0,,,False
19.26,963,left,True,0.5339199304580688,0.6473671793937683,-1.301152821042706e-07,-0.008431828580796719,0.09301972389221191,0.0030980482697486877,0.5536852,0.5536852,observed,1.0,0.535829,0.462654,False
19.26,963,right,True,0.5174141526222229,0.5583497285842896,-2.8585634481714806e-07,-0.009625185281038284,0.08412855863571167,0.02060849964618683,,,,0.0,0.526456,0.416946,False
19.38,969,left,False,,,,,,,,,,0.0,,,False
19.38,969,right,False,,,,,,,,,,0.0,,,False
19.5,975,left,False,,,,,,,,,,0.0,,,False
19.5,975,right,False,,,,,,,,,,0.0,,,False
19.64,982,left,False,,,,,,,,,,0.0,,,False
19.64,982,right,False,,,,,,,,,,0.0,,,False
19.76,988,left,False,,,,,,,,,,0.0,,,False
19.76,988,right,False,,,,,,,,,,0.0,,,False
19.88,994,left,False,,,,,,,,,,0.0,,,False
19.88,994,right,False,,,,,,,,,,0.0,,,False
20.0,1000,left,False,,,,,,,,,,0.0,,,False
20.0,1000,right,False,,,,,,,,,,0.0,,,False
20.14,1007,left,False,,,,,,,,,,0.0,,,False
20.14,1007,right,False,,,,,,,,,,0.0,,,False
20.26,1013,left,False,,,,,,,,,,0.0,,,False
20.26,1013,right,False,,,,,,,,,,0.0,,,False
20.38,1019,left,False,,,,,,,,,,0.0,,,False
20.38,1019,right,False,,,,,,,,,,0.0,,,False
20.5,1025,left,False,,,,,,,,,,0.0,,,False
20.5,1025,right,False,,,,,,,,,,0.0,,,False
20.64,1032,left,False,,,,,,,,,,0.0,,,False
20.64,1032,right,False,,,,,,,,,,0.0,,,False
20.76,1038,left,False,,,,,,,,,,0.0,,,False
20.76,1038,right,False,,,,,,,,,,0.0,,,False
20.88,1044,left,False,,,,,,,,,,0.0,,,False
20.88,1044,right,False,,,,,,,,,,0.0,,,False
21.0,1050,left,False,,,,,,,,,,0.0,,,False
21.0,1050,right,False,,,,,,,,,,0.0,,,False
21.14,1057,left,False,,,,,,,,,,0.0,,,False
21.14,1057,right,False,,,,,,,,,,0.0,,,False
21.26,1063,left,False,,,,,,,,,,0.0,,,False
21.26,1063,right,False,,,,,,,,,,0.0,,,False
21.38,1069,left,False,,,,,,,,,,0.0,,,False
21.38,1069,right,False,,,,,,,,,,0.0,,,False
21.5,1075,left,False,,,,,,,,,,0.0,,,False
21.5,1075,right,False,,,,,,,,,,0.0,,,False
21.64,1082,left,False,,,,,,,,,,0.0,,,False
21.64,1082,right,False,,,,,,,,,,0.0,,,False
21.76,1088,left,False,,,,,,,,,,0.0,,,False
21.76,1088,right,False,,,,,,,,,,0.0,,,False
21.88,1094,left,False,,,,,,,,,,0.0,,,False
21.88,1094,right,False,,,,,,,,,,0.0,,,False
22.0,1100,left,False,,,,,,,,,,0.0,,,False
22.0,1100,right,False,,,,,,,,,,0.0,,,False
22.14,1107,left,False,,,,,,,,,,0.0,,,False
22.14,1107,right,False,,,,,,,,,,0.0,,,False
22.26,1113,left,True,0.5406433939933777,0.8104591369628906,1.9964350173040657e-09,0.03278457745909691,0.0808243528008461,-0.017108704894781113,,,,0.0,0.522897,0.724785,False
22.26,1113,right,False,,,,,,,,,,0.0,,,False
22.38,1119,left,False,,,,,,,,,,0.0,,,False
22.38,1119,right,False,,,,,,,,,,0.0,,,False
22.5,1125,left,False,,,,,,,,,,0.0,,,False
22.5,1125,right,True,0.5152860283851624,0.7135233879089355,-1.184862199465897e-07,-0.043357402086257935,0.029811058193445206,-0.07111277431249619,,,,0.0,0.550375,0.649752,False
22.64,1132,left,False,,,,,,,,,,0.0,,,False
22.64,1132,right,False,,,,,,,,,,0.0,,,False
22.76,1138,left,False,,,,,,,,,,0.0,,,False
22.76,1138,right,False,,,,,,,,,,0.0,,,False
22.88,1144,left,False,,,,,,,,,,0.0,,,False
22.88,1144,right,False,,,,,,,,,,0.0,,,False
23.0,1150,left,False,,,,,,,,,,0.0,,,False
23.0,1150,right,False,,,,,,,,,,0.0,,,False
23.14,1157,left,False,,,,,,,,,,0.0,,,False
23.14,1157,right,False,,,,,,,,,,0.0,,,False
23.26,1163,left,False,,,,,,,,,,0.0,,,False
23.26,1163,right,False,,,,,,,,,,0.0,,,False
23.38,1169,left,False,,,,,,,,,,0.0,,,False
23.38,1169,right,False,,,,,,,,,,0.0,,,False
23.5,1175,left,False,,,,,,,,,,0.0,,,False
23.5,1175,right,False,,,,,,,,,,0.0,,,False
23.64,1182,left,False,,,,,,,,,,0.0,,,False
23.64,1182,right,False,,,,,,,,,,0.0,,,False
23.76,1188,left,False,,,,,,,,,,0.0,,,False
23.76,1188,right,False,,,,,,,,,,0.0,,,False
23.88,1194,left,True,0.872715950012207,0.9043399691581726,-2.116527753059927e-07,0.06414513289928436,0.06441755592823029,-0.009242430329322815,,,,0.0,0.822903,0.82136,False
23.88,1194,right,False,,,,,,,,,,0.0,,,False
24.0,1200,left,False,,,,,,,,,,0.0,,,False
24.0,1200,right,False,,,,,,,,,,0.0,,,False
24.14,1207,left,False,,,,,,,,,,0.0,,,False
24.14,1207,right,True,0.818690299987793,0.5417835712432861,-1.5854065793519112e-07,-0.03674466535449028,0.07917675375938416,0.017942432314157486,,,,0.0,0.842582,0.436534,False
24.26,1213,left,False,,,,,,,,,,0.0,,,False
24.26,1213,right,True,0.7320581674575806,0.5336641669273376,-1.0939643146912204e-07,-0.04523744434118271,0.09272120147943497,-0.015636522322893143,0.3590179,0.3590179,observed,1.0,0.754057,0.432096,False
24.38,1219,left,False,,,,,,,,,,0.0,,,False
24.38,1219,right,False,,,,,,,,,,0.0,,,False
24.5,1225,left,True,0.8064087629318237,0.985309362411499,-2.5303796391540345e-08,-0.06163465231657028,0.0651923269033432,0.01317673921585083,,,,0.0,0.847681,0.869531,False
24.5,1225,right,False,,,,,,,,,,0.0,,,False
24.64,1232,left,False,,,,,,,,,,0.0,,,False
24.64,1232,right,False,,,,,,,,,,0.0,,,False
24.76,1238,left,False,,,,,,,,,,0.0,,,False
24.76,1238,right,False,,,,,,,,,,0.0,,,False
24.88,1244,left,False,,,,,,,,,,0.0,,,False
24.88,1244,right,False,,,,,,,,,,0.0,,,False
25.0,1250,left,False,,,,,,,,,,0.0,,,False
25.0,1250,right,False,,,,,,,,,,0.0,,,False
25.14,1257,left,False,,,,,,,,,,0.0,,,False
25.14,1257,right,False,,,,,,,,,,0.0,,,False
25.26,1263,left,False,,,,,,,,,,0.0,,,False
25.26,1263,right,False,,,,,,,,,,0.0,,,False
25.38,1269,left,False,,,,,,,,,,0.0,,,False
25.38,1269,right,False,,,,,,,,,,0.0,,,False
25.5,1275,left,False,,,,,,,,,,0.0,,,False
25.5,1275,right,True,0.3551161587238312,0.6021538972854614,-1.5677859721563436e-07,-0.029678892344236374,0.047412361949682236,0.0018686241237446666,,,,0.0,0.381651,0.493199,False
25.64,1282,left,False,,,,,,,,,,0.0,,,False
25.64,1282,right,True,0.344941645860672,0.5976502299308777,-1.849850548296672e-07,-0.031515829265117645,0.0587274506688118,-0.02247040905058384,0.0758387,0.1673716,observed,1.0,0.370526,0.498487,False
25.76,1288,left,False,,,,,,,,,,0.0,,,False
25.76,1288,right,True,0.3064086437225342,0.613163411617279,-1.8190036144005717e-07,-0.044288814067840576,0.0501125231385231,0.015070327557623386,0.2337989,0.1786057,observed,1.0,0.338506,0.525579,False
25.88,1294,left,False,,,,,,,,,,0.0,,,False
25.88,1294,right,True,0.29231247305870056,0.6541519165039062,-2.9136782586647314e-07,-0.05536136403679848,0.0528511218726635,0.018277058377861977,0.1783775,0.1869336,observed,1.0,0.336912,0.572136,False
26.0,1300,left,False,,,,,,,,,,0.0,,,False
26.0,1300,right,True,0.2983796298503876,0.7095762491226196,-1.9906308068584622e-07,-0.05511245131492615,0.06175638362765312,0.031119955703616142,0.2028118,0.164458,observed,1.0,0.340749,0.611983,False
26.14,1307,left,False,,,,,,,,,,0.0,,,False
26.14,1307,right,True,0.32829055190086365,0.7441607117652893,-1.0367850222792185e-07,-0.046778466552495956,0.06583413481712341,0.0372190922498703,0.0889722,0.109202,observed,1.0,0.365799,0.636689,False
26.26,1313,left,False,,,,,,,,,,0.0,,,False
26.26,1313,right,True,0.35192763805389404,0.7356845736503601,-1.322332678910243e-07,-0.04473046958446503,0.0639406144618988,0.017029762268066406,0.0842187,0.0839871,observed,1.0,0.395916,0.621276,False
26.38,1319,left,False,,,,,,,,,,0.0,,,False
26.38,1319,right,True,0.37421563267707825,0.7355328798294067,-1.4329850195338167e-08,-0.04754602164030075,0.061235059052705765,0.01871301606297493,0.1199825,0.0720822,observed,1.0,0.415519,0.628754,False
26.5,1325,left,False,,,,,,,,,,0.0,,,False
26.5,1325,right,True,0.39708930253982544,0.7351300120353699,-1.930918891446254e-08,-0.04500779137015343,0.05457620695233345,0.00765160983428359,0.0179989,0.0498709,observed,1.0,0.440231,0.625687,False
26.64,1332,left,False,,,,,,,,,,0.0,,,False
26.64,1332,right,True,0.4126807153224945,0.7207018136978149,-6.812720165783048e-09,-0.04635801166296005,0.059719204902648926,0.00828083697706461,0.0317129,0.0581381,observed,1.0,0.455694,0.608805,False
26.76,1338,left,False,,,,,,,,,,0.0,,,False
26.76,1338,right,True,0.4059497117996216,0.6840089559555054,-2.5705103823270292e-08,-0.04764672368764877,0.06288590282201767,0.0005020825774408877,0.0916147,0.1050897,observed,1.0,0.450678,0.572005,False
26.88,1344,left,False,,,,,,,,,,0.0,,,False
26.88,1344,right,True,0.3852592706680298,0.623432457447052,-5.69900615587926e-09,-0.05617452785372734,0.06411853432655334,-0.014188295230269432,0.180822,0.1478138,observed,1.0,0.435409,0.515096,False
27.0,1350,left,False,,,,,,,,,,0.0,,,False
27.0,1350,right,True,0.37900346517562866,0.578389048576355,-8.229530124026496e-08,-0.06113126873970032,0.06339233368635178,-0.020635584369301796,0.187782,0.1660757,observed,1.0,0.431749,0.465676,False
27.14,1357,left,False,,,,,,,,,,0.0,,,False
27.14,1357,right,True,0.3960253596305847,0.5565339922904968,-4.029313416253899e-08,-0.05356325954198837,0.06793524324893951,-0.038623664528131485,0.0893772,0.1445922,observed,1.0,0.441071,0.440203,False
27.26,1363,left,False,,,,,,,,,,0.0,,,False
27.26,1363,right,True,0.37666985392570496,0.4916263520717621,2.0928500532590988e-07,-0.06099044531583786,0.062052175402641296,-0.016366031020879745,0.1431206,0.1266428,observed,1.0,0.427291,0.404725,False
27.38,1369,left,True,0.39138728380203247,0.45571067929267883,-1.7510411964849482e-07,-0.07481594383716583,0.03683948516845703,-0.01474747247993946,,,,0.0,0.458282,0.396197,False
27.38,1369,right,False,,,,,,,,,,0.0,,,False
27.5,1375,left,False,,,,,,,,,,0.0,,,False
27.5,1375,right,False,,,,,,,,,,0.0,,,False
27.64,1382,left,False,,,,,,,,,,0.0,,,False
27.64,1382,right,False,,,,,,,,,,0.0,,,False
27.76,1388,left,False,,,,,,,,,,0.0,,,False
27.76,1388,right,False,,,,,,,,,,0.0,,,False
27.88,1394,left,False,,,,,,,,,,0.0,,,False
27.88,1394,right,False,,,,,,,,,,0.0,,,False
28.0,1400,left,False,,,,,,,,,,0.0,,,False
28.0,1400,right,False,,,,,,,,,,0.0,,,False
28.14,1407,left,False,,,,,,,,,,0.0,,,False
28.14,1407,right,False,,,,,,,,,,0.0,,,False
28.26,1413,left,False,,,,,,,,,,0.0,,,False
28.26,1413,right,False,,,,,,,,,,0.0,,,False
28.38,1419,left,False,,,,,,,,,,0.0,,,False
28.38,1419,right,True,0.3596162796020508,0.6124768257141113,2.748169549704471e-07,-0.05731230601668358,0.04761518910527229,0.008116730488836765,,,,0.0,0.411872,0.518575,False
28.5,1425,left,False,,,,,,,,,,0.0,,,False
28.5,1425,right,True,0.35799360275268555,0.5777775645256042,-3.6235736189382806e-08,-0.05839790776371956,0.05596638470888138,-0.004917602986097336,0.2273704,0.1751883,observed,1.0,0.413446,0.470962,False
28.64,1432,left,True,0.4147525727748871,0.47494614124298096,-2.3418013483933464e-07,-0.046010736376047134,0.048196710646152496,-0.016910389065742493,,,,0.0,0.463044,0.368091,False
28.64,1432,right,True,0.38043200969696045,0.5272709131240845,-3.972799866858168e-09,-0.06206668168306351,0.06375428289175034,-0.02042035385966301,0.1499573,0.1627907,observed,1.0,0.446431,0.391974,False
28.76,1438,left,False,,,,,,,0.0772695,0.0773635,interpolated_for_motion,0.4,0.491286,0.339263,True
28.76,1438,right,True,0.4121478199958801,0.47082754969596863,1.8870048634767045e-08,-0.06311876326799393,0.06402323395013809,-0.009551573544740677,0.0990759,0.1687873,observed,1.0,0.476103,0.33886,False
28.88,1444,left,True,0.4566222131252289,0.4445946514606476,-5.074414666239591e-09,-0.06405290961265564,0.06437107920646667,-0.009000512771308422,0.0774576,0.0773635,interpolated_for_motion,0.4,0.523248,0.315068,False
28.88,1444,right,True,0.503455400466919,0.38111260533332825,-1.649711407480936e-07,-0.04343170300126076,0.03932737931609154,-0.045790791511535645,0.2736192,0.1888725,observed,1.0,0.549908,0.273337,False
29.0,1450,left,False,,,,,,,,,,0.0,,,False
29.0,1450,right,False,,,,,,,0.2077025,0.2034129,interpolated_for_motion,0.4,0.633698,0.244701,True
29.14,1457,left,False,,,,,,,,,,0.0,,,False
29.14,1457,right,True,0.6743624806404114,0.3292761445045471,9.685243895773965e-08,-0.06654424220323563,0.04003344848752022,0.004933544900268316,0.2046174,0.206697,interpolated_for_motion,0.4,0.742544,0.237972,False
29.26,1463,left,False,,,,,,,,,,0.0,,,False
29.26,1463,right,False,,,,,,,,,,0.0,,,False
29.38,1469,left,False,,,,,,,,,,0.0,,,False
29.38,1469,right,False,,,,,,,,,,0.0,,,False
29.5,1475,left,False,,,,,,,,,,0.0,,,False
29.5,1475,right,False,,,,,,,,,,0.0,,,False
29.64,1482,left,False,,,,,,,,,,0.0,,,False
29.64,1482,right,False,,,,,,,,,,0.0,,,False
29.76,1488,left,False,,,,,,,,,,0.0,,,False
29.76,1488,right,True,0.07470828294754028,0.4330354928970337,1.0478496506038937e-06,-0.05257128179073334,0.05163421109318733,0.0514964684844017,,,,0.0,0.197112,0.137822,False
29.88,1494,left,False,,,,,,,,,,0.0,,,False
29.88,1494,right,True,0.11039920151233673,0.624605655670166,1.3263134235330654e-07,-0.06363869458436966,0.04531175643205643,0.03630856052041054,1.3495466,0.7034968,observed,1.0,0.250166,0.441338,False
30.0,1500,left,False,,,,,,,,,,0.0,,,False
30.0,1500,right,False,,,,,,,0.413446,0.5553926,interpolated_for_motion,0.4,0.331942,0.482716,True
30.14,1507,left,False,,,,,,,,,,0.0,,,False
30.14,1507,right,True,0.384981244802475,0.6061217784881592,1.0495601543425437e-07,-0.04364081099629402,0.03069750964641571,0.004728188272565603,0.4213066,0.4937877,interpolated_for_motion,0.4,0.423442,0.547832,False
30.26,1513,left,False,,,,,,,,,,0.0,,,False
30.26,1513,right,True,0.46932452917099,0.5903543829917908,7.414706004738036e-08,-0.0637826919555664,0.041217707097530365,0.030998628586530685,0.6346997,0.5607966,observed,1.0,0.527312,0.505747,False
30.38,1519,left,False,,,,,,,,,,0.0,,,False
30.38,1519,right,True,0.6010777950286865,0.5445511937141418,-1.422851028110017e-07,-0.05541595071554184,0.04129747301340103,-0.03144148737192154,0.8400069,0.5479088,observed,1.0,0.658917,0.448632,False
30.5,1525,left,True,0.6856366991996765,0.5409464836120605,-1.6598495733433083e-07,-0.04963116720318794,0.0316709466278553,-0.05034393444657326,,,,0.0,0.744746,0.448392,False
30.5,1525,right,True,0.6399627327919006,0.5621275901794434,1.931788631281961e-07,-0.06526408344507217,0.044605378061532974,0.029838068410754204,0.3217601,0.4424896,observed,1.0,0.698938,0.484659,False
30.64,1532,left,False,,,,,,,,,,0.0,,,False
30.64,1532,right,True,0.6662524938583374,0.5714397430419922,-7.66441932142925e-09,-0.0681062713265419,0.03177030384540558,0.019541827961802483,0.3552987,0.3715146,observed,1.0,0.736163,0.485058,False
30.76,1538,left,False,,,,,,,,,,0.0,,,False
30.76,1538,right,True,0.6502407789230347,0.5728864073753357,-5.936709612797131e-08,-0.03665270283818245,0.03232633322477341,-0.05904974415898323,0.0887621,0.493237,observed,1.0,0.701265,0.458266,False
30.88,1544,left,False,,,,,,,,,,0.0,,,False
30.88,1544,right,True,0.4726245105266571,0.6405472755432129,-2.0254346111414634e-07,-0.05943673849105835,0.04479650780558586,-0.0031951956916600466,0.8882518,0.6562438,observed,1.0,0.560443,0.50798,False
31.0,1550,left,False,,,,,,,,,,0.0,,,False
31.0,1550,right,True,0.4323382079601288,0.751207172870636,-2.489763346602558e-07,-0.06139978766441345,0.019894544035196304,-0.03415783494710922,0.8051186,0.6783286,observed,1.0,0.503815,0.68768,False
31.14,1557,left,False,,,,,,,,,,0.0,,,False
31.14,1557,right,False,,,,,,,0.3865132,0.4900435,interpolated_for_motion,0.4,0.480813,0.783205,True
31.26,1563,left,False,,,,,,,,,,0.0,,,False
31.26,1563,right,True,0.5136148929595947,0.9482397437095642,-2.2381519215741719e-07,0.062105510383844376,0.05255824699997902,0.030888257548213005,0.3869375,0.3868074,interpolated_for_motion,0.4,0.460939,0.876453,False
31.38,1569,left,False,,,,,,,,,,0.0,,,False
31.38,1569,right,False,,,,,,,,,,0.0,,,False
31.5,1575,left,False,,,,,,,,,,0.0,,,False
31.5,1575,right,False,,,,,,,,,,0.0,,,False
31.64,1582,left,False,,,,,,,,,,0.0,,,False
31.64,1582,right,False,,,,,,,,,,0.0,,,False
31.76,1588,left,False,,,,,,,,,,0.0,,,False
31.76,1588,right,False,,,,,,,,,,0.0,,,False
31.88,1594,left,False,,,,,,,,,,0.0,,,False
31.88,1594,right,False,,,,,,,,,,0.0,,,False
32.0,1600,left,False,,,,,,,,,,0.0,,,False
32.0,1600,right,False,,,,,,,,,,0.0,,,False
32.14,1607,left,False,,,,,,,,,,0.0,,,False
32.14,1607,right,False,,,,,,,,,,0.0,,,False
32.26,1613,left,False,,,,,,,,,,0.0,,,False
32.26,1613,right,False,,,,,,,,,,0.0,,,False
32.38,1619,left,False,,,,,,,,,,0.0,,,False
32.38,1619,right,False,,,,,,,,,,0.0,,,False
32.5,1625,left,False,,,,,,,,,,0.0,,,False
32.5,1625,right,False,,,,,,,,,,0.0,,,False
32.64,1632,left,False,,,,,,,,,,0.0,,,False
32.64,1632,right,True,0.7272971868515015,0.7347997426986694,-5.51615471522382e-07,-0.016985688358545303,0.07093919068574905,-0.013500631786882877,,,,0.0,0.736661,0.551169,False
32.76,1638,left,True,0.19143107533454895,0.3732912242412567,5.109878884468344e-07,-0.05098216235637665,0.04549184441566467,0.06172028183937073,,,,0.0,0.261569,0.252956,False
32.76,1638,right,False,,,,,,,0.2587473,0.2585365,interpolated_for_motion,0.4,0.706669,0.539446,True
32.88,1644,left,False,,,,,,,,,,0.0,,,False
32.88,1644,right,False,,,,,,,0.2575656,0.258959,interpolated_for_motion,0.4,0.670392,0.53533,True
33.0,1650,left,False,,,,,,,,,,0.0,,,False
33.0,1650,right,True,0.6467278599739075,0.63880455493927,-1.0086889545846134e-07,0.00946442224085331,0.08186308294534683,0.0057287500239908695,0.2600972,0.3263496,interpolated_for_motion,0.4,0.640478,0.53325,False
33.14,1657,left,False,,,,,,,,,,0.0,,,False
33.14,1657,right,False,,,,,,,0.5504529,0.4886615,interpolated_for_motion,0.4,0.562254,0.513704,True
33.26,1663,left,False,,,,,,,,,,0.0,,,False
33.26,1663,right,False,,,,,,,0.5636855,0.5775247,interpolated_for_motion,0.4,0.493352,0.471561,True
33.38,1669,left,False,,,,,,,,,,0.0,,,False
33.38,1669,right,True,0.39478710293769836,0.5230522155761719,-5.5627619843789944e-08,-0.0389937087893486,0.07379179447889328,-0.0005556540563702583,0.5705124,0.6274356,interpolated_for_motion,0.4,0.424491,0.416603,False
33.5,1675,left,False,,,,,,,,,,0.0,,,False
33.5,1675,right,True,0.2816261351108551,0.6880177855491638,1.7874401692097308e-07,-0.036099135875701904,0.07933700084686279,0.029396172612905502,1.0309859,0.6985977,observed,1.0,0.309871,0.540671,False
33.64,1682,left,False,,,,,,,,,,0.0,,,False
33.64,1682,right,False,,,,,,,,,,0.0,,,False
33.76,1688,left,False,,,,,,,,,,0.0,,,False
33.76,1688,right,False,,,,,,,,,,0.0,,,False
33.88,1694,left,False,,,,,,,,,,0.0,,,False
33.88,1694,right,False,,,,,,,,,,0.0,,,False
34.0,1700,left,False,,,,,,,,,,0.0,,,False
34.0,1700,right,False,,,,,,,,,,0.0,,,False
34.14,1707,left,False,,,,,,,,,,0.0,,,False
34.14,1707,right,False,,,,,,,,,,0.0,,,False
34.26,1713,left,False,,,,,,,,,,0.0,,,False
34.26,1713,right,False,,,,,,,,,,0.0,,,False
34.38,1719,left,False,,,,,,,,,,0.0,,,False
34.38,1719,right,False,,,,,,,,,,0.0,,,False
34.5,1725,left,True,0.4862743020057678,0.8018966913223267,1.3148198085843887e-08,0.0056324303150177,0.07632355391979218,-0.005128180608153343,,,,0.0,0.48218,0.732354,False
34.5,1725,right,False,,,,,,,,,,0.0,,,False
34.64,1732,left,True,0.45173996686935425,0.8417794704437256,-2.2866399262966297e-07,-0.019268875941634178,0.08090285956859589,-0.06726159900426865,0.1035716,0.1035716,observed,1.0,0.461031,0.737834,False
34.64,1732,right,False,,,,,,,,,,0.0,,,False
34.76,1738,left,False,,,,,,,,,,0.0,,,False
34.76,1738,right,False,,,,,,,,,,0.0,,,False
34.88,1744,left,False,,,,,,,,,,0.0,,,False
34.88,1744,right,False,,,,,,,,,,0.0,,,False
35.0,1750,left,False,,,,,,,,,,0.0,,,False
35.0,1750,right,False,,,,,,,,,,0.0,,,False
35.14,1757,left,False,,,,,,,,,,0.0,,,False
35.14,1757,right,False,,,,,,,,,,0.0,,,False
35.26,1763,left,False,,,,,,,,,,0.0,,,False
35.26,1763,right,False,,,,,,,,,,0.0,,,False
35.38,1769,left,False,,,,,,,,,,0.0,,,False
35.38,1769,right,False,,,,,,,,,,0.0,,,False
35.5,1775,left,False,,,,,,,,,,0.0,,,False
35.5,1775,right,False,,,,,,,,,,0.0,,,False
35.64,1782,left,False,,,,,,,,,,0.0,,,False
35.64,1782,right,False,,,,,,,,,,0.0,,,False
35.76,1788,left,False,,,,,,,,,,0.0,,,False
35.76,1788,right,False,,,,,,,,,,0.0,,,False
35.88,1794,left,False,,,,,,,,,,0.0,,,False
35.88,1794,right,False,,,,,,,,,,0.0,,,False
36.0,1800,left,False,,,,,,,,,,0.0,,,False
36.0,1800,right,False,,,,,,,,,,0.0,,,False
36.14,1807,left,True,0.2798897922039032,0.598495364189148,2.6805537345353514e-07,-0.037306420505046844,0.06051450967788696,0.04198518767952919,,,,0.0,0.303561,0.483191,False
36.14,1807,right,False,,,,,,,,,,0.0,,,False
36.26,1813,left,True,0.3420390188694,0.6096539497375488,1.3913007634869246e-08,-0.041420936584472656,0.0617646649479866,-0.01102928165346384,0.3624823,0.3624823,observed,1.0,0.379996,0.498949,False
36.26,1813,right,True,0.38178423047065735,0.5860990881919861,1.4546046145369473e-07,-0.022424738854169846,0.04316766560077667,0.008495817892253399,,,,0.0,0.396166,0.509549,False
36.38,1819,left,False,,,,,,,,,,0.0,,,False
36.38,1819,right,True,0.3845936357975006,0.6428472995758057,1.2810599514523346e-07,-0.04101313650608063,0.052865125238895416,0.0004522199451457709,0.0921643,0.0921643,observed,1.0,0.41833,0.55412,False
36.5,1825,left,False,,,,,,,,,,0.0,,,False
36.5,1825,right,False,,,,,,,,,,0.0,,,False
36.64,1832,left,False,,,,,,,,,,0.0,,,False
36.64,1832,right,False,,,,,,,,,,0.0,,,False
36.76,1838,left,False,,,,,,,,,,0.0,,,False
36.76,1838,right,False,,,,,,,,,,0.0,,,False
36.88,1844,left,False,,,,,,,,,,0.0,,,False
36.88,1844,right,False,,,,,,,,,,0.0,,,False
37.0,1850,left,False,,,,,,,,,,0.0,,,False
37.0,1850,right,False,,,,,,,,,,0.0,,,False
37.14,1857,left,False,,,,,,,,,,0.0,,,False
37.14,1857,right,False,,,,,,,,,,0.0,,,False
37.26,1863,left,False,,,,,,,,,,0.0,,,False
37.26,1863,right,False,,,,,,,,,,0.0,,,False
37.38,1869,left,False,,,,,,,,,,0.0,,,False
37.38,1869,right,False,,,,,,,,,,0.0,,,False
37.5,1875,left,False,,,,,,,,,,0.0,,,False
37.5,1875,right,False,,,,,,,,,,0.0,,,False
37.64,1882,left,False,,,,,,,,,,0.0,,,False
37.64,1882,right,False,,,,,,,,,,0.0,,,False
37.76,1888,left,False,,,,,,,,,,0.0,,,False
37.76,1888,right,False,,,,,,,,,,0.0,,,False
37.88,1894,left,False,,,,,,,,,,0.0,,,False
37.88,1894,right,False,,,,,,,,,,0.0,,,False
38.0,1900,left,False,,,,,,,,,,0.0,,,False
38.0,1900,right,False,,,,,,,,,,0.0,,,False
38.14,1907,left,False,,,,,,,,,,0.0,,,False
38.14,1907,right,False,,,,,,,,,,0.0,,,False
38.26,1913,left,False,,,,,,,,,,0.0,,,False
38.26,1913,right,False,,,,,,,,,,0.0,,,False
38.38,1919,left,False,,,,,,,,,,0.0,,,False
38.38,1919,right,False,,,,,,,,,,0.0,,,False
38.5,1925,left,False,,,,,,,,,,0.0,,,False
38.5,1925,right,False,,,,,,,,,,0.0,,,False
38.64,1932,left,False,,,,,,,,,,0.0,,,False
38.64,1932,right,False,,,,,,,,,,0.0,,,False
38.76,1938,left,False,,,,,,,,,,0.0,,,False
38.76,1938,right,False,,,,,,,,,,0.0,,,False
38.88,1944,left,False,,,,,,,,,,0.0,,,False
38.88,1944,right,False,,,,,,,,,,0.0,,,False
39.0,1950,left,False,,,,,,,,,,0.0,,,False
39.0,1950,right,False,,,,,,,,,,0.0,,,False
39.14,1957,left,False,,,,,,,,,,0.0,,,False
39.14,1957,right,False,,,,,,,,,,0.0,,,False
39.26,1963,left,False,,,,,,,,,,0.0,,,False
39.26,1963,right,False,,,,,,,,,,0.0,,,False
39.38,1969,left,True,0.6416857242584229,0.8770245313644409,1.8112289978944318e-07,0.0038178381510078907,0.06953015178442001,0.0020810405258089304,,,,0.0,0.638311,0.793517,False
39.38,1969,right,False,,,,,,,,,,0.0,,,False
39.5,1975,left,True,0.6000998020172119,0.8854192495346069,3.2130316185430274e-08,0.004621076863259077,0.07022728025913239,-0.024436548352241516,0.1640592,0.179008,observed,1.0,0.598832,0.792468,False
39.5,1975,right,False,,,,,,,,,,0.0,,,False
39.64,1982,left,True,0.5713728666305542,0.9444697499275208,-9.661768984869923e-08,-0.005405656527727842,0.056911781430244446,-0.01816190406680107,0.2099248,0.1475575,observed,1.0,0.575104,0.850863,False
39.64,1982,right,True,0.5676367878913879,0.9442394971847534,-2.1274399131243626e-08,-0.004158718511462212,0.05813378840684891,0.005642079282552004,,,,0.0,0.572843,0.855083,False
39.76,1988,left,True,0.56683748960495,0.9810172319412231,-4.3588428866314644e-08,-0.007608638610690832,0.06583399325609207,0.013005309738218784,0.1102352,0.1066114,observed,1.0,0.574028,0.889341,False
39.76,1988,right,True,0.34492063522338867,0.8575167059898376,2.6904862693299947e-07,-0.00886130053550005,0.07037344574928284,0.008705319836735725,1.6824221,0.583583,observed,1.0,0.353721,0.746917,False
39.88,1994,left,True,0.5725632309913635,1.0167059898376465,-4.131165454168695e-08,-0.0036541230510920286,0.05369401350617409,0.03123803809285164,0.030139,0.0754618,observed,1.0,0.578691,0.926161,False
39.88,1994,right,True,0.35780906677246094,0.8320116400718689,1.6984057538138586e-07,-0.00693435687571764,0.038157738745212555,0.0030095484107732773,0.1627239,0.3625088,observed,1.0,0.359339,0.740708,False
40.0,2000,left,True,0.5798346996307373,1.051464557647705,-7.812757019109995e-08,0.0015542288310825825,0.06399396061897278,0.04499037191271782,0.0589907,0.0554619,observed,1.0,0.581641,0.971662,False
40.0,2000,right,True,0.34139007329940796,0.8747941255569458,1.3683471422609728e-07,-0.011329038068652153,0.05076077952980995,0.04998729005455971,0.0450155,0.1857438,observed,1.0,0.339892,0.78891,False
40.14,2007,left,False,,,,,,,,,,0.0,,,False
40.14,2007,right,True,0.3449556827545166,0.9236205220222473,1.915802556595736e-07,-0.007894441485404968,0.04317645728588104,0.05938798561692238,0.1191719,0.160757,observed,1.0,0.342941,0.847979,False
40.26,2013,left,False,,,,,,,,,,0.0,,,False
40.26,2013,right,True,0.3284219205379486,0.9717047214508057,2.958121854135243e-07,-0.013827177695930004,0.03511372208595276,0.056938473135232925,0.2173986,0.2331982,observed,1.0,0.32986,0.888858,False
40.38,2019,left,False,,,,,,,,,,0.0,,,False
40.38,2019,right,True,0.34246623516082764,1.0208102464675903,3.1829424074203416e-07,-0.0033110440708696842,0.04787520319223404,0.04915386065840721,0.3380461,0.3004958,observed,1.0,0.334757,0.928472,False
40.5,2025,left,False,,,,,,,,,,0.0,,,False
40.5,2025,right,True,0.3551763892173767,1.0630730390548706,2.6259652941007516e-07,-0.009146163240075111,0.05602756515145302,0.0611560083925724,0.4010958,0.344991,observed,1.0,0.355004,0.974515,False
40.64,2032,left,False,,,,,,,,,,0.0,,,False
40.64,2032,right,False,,,,,,,,,,0.0,,,False
40.76,2038,left,False,,,,,,,,,,0.0,,,False
40.76,2038,right,False,,,,,,,,,,0.0,,,False
40.88,2044,left,False,,,,,,,,,,0.0,,,False
40.88,2044,right,False,,,,,,,,,,0.0,,,False
41.0,2050,left,False,,,,,,,,,,0.0,,,False
41.0,2050,right,False,,,,,,,,,,0.0,,,False
41.14,2057,left,False,,,,,,,,,,0.0,,,False
41.14,2057,right,False,,,,,,,,,,0.0,,,False
41.26,2063,left,False,,,,,,,,,,0.0,,,False
41.26,2063,right,False,,,,,,,,,,0.0,,,False
41.38,2069,left,False,,,,,,,,,,0.0,,,False
41.38,2069,right,False,,,,,,,,,,0.0,,,False
41.5,2075,left,False,,,,,,,,,,0.0,,,False
41.5,2075,right,False,,,,,,,,,,0.0,,,False
41.64,2082,left,False,,,,,,,,,,0.0,,,False
41.64,2082,right,False,,,,,,,,,,0.0,,,False
41.76,2088,left,False,,,,,,,,,,0.0,,,False
41.76,2088,right,False,,,,,,,,,,0.0,,,False
41.88,2094,left,False,,,,,,,,,,0.0,,,False
41.88,2094,right,False,,,,,,,,,,0.0,,,False
42.0,2100,left,False,,,,,,,,,,0.0,,,False
42.0,2100,right,False,,,,,,,,,,0.0,,,False
42.14,2107,left,False,,,,,,,,,,0.0,,,False
42.14,2107,right,False,,,,,,,,,,0.0,,,False
42.26,2113,left,False,,,,,,,,,,0.0,,,False
42.26,2113,right,False,,,,,,,,,,0.0,,,False
42.38,2119,left,True,0.5705850720405579,0.6956173777580261,-2.0166981418157093e-09,0.02768198400735855,0.08601540327072144,0.028027677908539772,,,,0.0,0.555741,0.612001,False
42.38,2119,right,False,,,,,,,,,,0.0,,,False
42.5,2125,left,True,0.5532287359237671,0.6544451117515564,1.9244809834617627e-07,0.030333630740642548,0.08930068463087082,0.00623092008754611,0.3851751,0.2532704,observed,1.0,0.531203,0.568574,False
42.5,2125,right,True,0.5465519428253174,0.6233084201812744,1.1290116219697666e-07,0.03664122894406319,0.0806838795542717,0.01963133178651333,,,,0.0,0.527813,0.555236,False
42.64,2132,left,True,0.5338559746742249,0.675992488861084,-4.559845834251064e-09,0.04135183244943619,0.06506823003292084,0.015939507633447647,0.189492,0.1975922,observed,1.0,0.50277,0.602799,False
42.64,2132,right,False,,,,,,,0.1502153,0.1464725,interpolated_for_motion,0.4,0.482117,0.620906,True
42.76,2138,left,False,,,,,,,0.1391671,0.1661415,interpolated_for_motion,0.4,0.451847,0.640103,True
42.76,2138,right,True,0.4721069633960724,0.7075681686401367,-2.8439120569601073e-07,0.053898099809885025,0.05168754979968071,-0.011462747119367123,0.1571104,0.1333053,interpolated_for_motion,0.4,0.430459,0.643473,False
42.88,2144,left,True,0.4424777925014496,0.7388991117477417,-1.8940882284823601e-07,0.03854350373148918,0.05777202546596527,-0.05482180789113045,0.147117,0.1816802,interpolated_for_motion,0.4,0.409664,0.658674,False
42.88,2144,right,True,0.4382437467575073,0.7429664731025696,-3.288691061698046e-07,0.03888941928744316,0.05340486019849777,-0.01832754537463188,0.0151688,0.1147056,observed,1.0,0.405352,0.664472,False
43.0,2150,left,True,0.4379023611545563,0.7813686728477478,-3.117629887583462e-07,0.020906805992126465,0.039862602949142456,-0.04424711689352989,0.2690771,0.2946146,observed,1.0,0.417804,0.711235,False
43.0,2150,right,False,,,,,,,,,,0.0,,,False
43.14,2157,left,True,0.5593492388725281,0.9296160936355591,-3.898633167409571e-07,0.031367070972919464,0.0630199983716011,0.003797293407842517,0.8516263,0.4589457,observed,1.0,0.52923,0.826079,False
43.14,2157,right,False,,,,,,,,,,0.0,,,False
43.26,2163,left,False,,,,,,,,,,0.0,,,False
43.26,2163,right,False,,,,,,,,,,0.0,,,False
43.38,2169,left,False,,,,,,,,,,0.0,,,False
43.38,2169,right,False,,,,,,,,,,0.0,,,False
43.5,2175,left,False,,,,,,,,,,0.0,,,False
43.5,2175,right,False,,,,,,,,,,0.0,,,False
43.64,2182,left,False,,,,,,,,,,0.0,,,False
43.64,2182,right,False,,,,,,,,,,0.0,,,False
43.76,2188,left,False,,,,,,,,,,0.0,,,False
43.76,2188,right,False,,,,,,,,,,0.0,,,False
43.88,2194,left,False,,,,,,,,,,0.0,,,False
43.88,2194,right,False,,,,,,,,,,0.0,,,False
44.0,2200,left,False,,,,,,,,,,0.0,,,False
44.0,2200,right,False,,,,,,,,,,0.0,,,False
44.14,2207,left,False,,,,,,,,,,0.0,,,False
44.14,2207,right,False,,,,,,,,,,0.0,,,False
44.26,2213,left,False,,,,,,,,,,0.0,,,False
44.26,2213,right,False,,,,,,,,,,0.0,,,False
44.38,2219,left,False,,,,,,,,,,0.0,,,False
44.38,2219,right,False,,,,,,,,,,0.0,,,False
44.5,2225,left,False,,,,,,,,,,0.0,,,False
44.5,2225,right,False,,,,,,,,,,0.0,,,False
44.64,2232,left,False,,,,,,,,,,0.0,,,False
44.64,2232,right,True,0.3848596513271332,0.7742943167686462,4.44023925183501e-07,0.008870737627148628,0.08585305511951447,0.0029239929281175137,,,,0.0,0.374013,0.590029,False
44.76,2238,left,False,,,,,,,,,,0.0,,,False
44.76,2238,right,True,0.32401353120803833,0.8021668195724487,4.882465418631909e-07,0.01853800378739834,0.08704543113708496,-0.005961478687822819,0.4147973,0.3052726,observed,1.0,0.306896,0.598182,False
44.88,2244,left,False,,,,,,,,,,0.0,,,False
44.88,2244,right,True,0.3139650821685791,0.7863207459449768,4.427280089203123e-07,0.02090516686439514,0.08341533690690994,-0.0006201834185048938,0.0990352,0.3036926,observed,1.0,0.288774,0.575156,False
45.0,2250,left,False,,,,,,,,,,0.0,,,False
45.0,2250,right,True,0.38067564368247986,0.6945703029632568,2.2374779007350298e-07,0.042143404483795166,0.0809391438961029,0.006454356946051121,0.4401401,0.2452485,observed,1.0,0.336502,0.50681,False
45.14,2257,left,False,,,,,,,,,,0.0,,,False
45.14,2257,right,True,0.4169977307319641,0.6456038951873779,1.505731432871471e-07,0.04346051067113876,0.07583700120449066,0.024825340136885643,0.1743301,0.1817832,observed,1.0,0.363347,0.476159,False
45.26,2263,left,False,,,,,,,,,,0.0,,,False
45.26,2263,right,True,0.4146758019924164,0.6176133155822754,-8.79957084976013e-08,0.023447856307029724,0.08081353455781937,0.01855882816016674,0.0872696,0.2138636,observed,1.0,0.379757,0.451629,False
45.38,2269,left,False,,,,,,,,,,0.0,,,False
45.38,2269,right,True,0.4027462899684906,0.5805092453956604,1.946629595295235e-07,0.043455783277750015,0.06975468248128891,0.0380559079349041,0.2837036,0.2634507,observed,1.0,0.34572,0.43018,False
45.5,2275,left,False,,,,,,,,,,0.0,,,False
45.5,2275,right,True,0.4282838702201843,0.6481050252914429,2.0955596369276464e-07,0.045528750866651535,0.0648752748966217,0.04852671176195145,0.3428304,0.3750558,observed,1.0,0.370189,0.504033,False
45.64,2282,left,False,,,,,,,,,,0.0,,,False
45.64,2282,right,True,0.46087589859962463,0.8832508325576782,5.849032049809466e-07,0.02855399250984192,0.0661497488617897,0.05818651616573334,0.8627335,0.512281,observed,1.0,0.428407,0.744037,False
45.76,2288,left,False,,,,,,,,,,0.0,,,False
45.76,2288,right,False,,,,,,,,,,0.0,,,False
45.88,2294,left,False,,,,,,,,,,0.0,,,False
45.88,2294,right,False,,,,,,,,,,0.0,,,False
46.0,2300,left,False,,,,,,,,,,0.0,,,False
46.0,2300,right,False,,,,,,,,,,0.0,,,False
46.14,2307,left,False,,,,,,,,,,0.0,,,False
46.14,2307,right,False,,,,,,,,,,0.0,,,False
46.26,2313,left,False,,,,,,,,,,0.0,,,False
46.26,2313,right,True,0.3239527940750122,0.8765274286270142,4.626984662081668e-07,0.00449396250769496,0.05575291067361832,0.03691678121685982,,,,0.0,0.313769,0.746264,False
46.38,2319,left,False,,,,,,,,,,0.0,,,False
46.38,2319,right,True,0.31123295426368713,0.6647130250930786,2.5118876578744675e-07,0.002025883411988616,0.06959887593984604,0.013453682884573936,0.8940798,0.5068353,observed,1.0,0.304269,0.536676,False
46.5,2325,left,False,,,,,,,,,,0.0,,,False
46.5,2325,right,True,0.31701019406318665,0.6076735258102417,2.3018986894385307e-07,-0.0003407038748264313,0.07886414229869843,0.01977439597249031,0.3356063,0.3761997,observed,1.0,0.312066,0.472716,False
46.64,2332,left,False,,,,,,,,,,0.0,,,False
46.64,2332,right,True,0.3408885598182678,0.5719751715660095,1.33336328644873e-07,0.011640140786767006,0.07894043624401093,0.011232560500502586,0.1703565,0.205532,observed,1.0,0.330522,0.446036,False
46.76,2338,left,False,,,,,,,,,,0.0,,,False
46.76,2338,right,True,0.35985416173934937,0.5663325190544128,1.2835286611334595e-07,0.026059739291667938,0.08507385849952698,0.01630672626197338,0.1319682,0.1585866,observed,1.0,0.336297,0.444792,False
46.88,2344,left,True,0.34982535243034363,0.570937991142273,3.2356342671846505e-07,0.005002026446163654,0.06635689735412598,-0.020492499694228172,,,,0.0,0.344586,0.462393,False
46.88,2344,right,False,,,,,,,,,,0.0,,,False
47.0,2350,left,True,0.35036420822143555,0.5535495281219482,3.5190967651033134e-07,0.012069192714989185,0.05989307537674904,-0.03925129026174545,0.169713,0.2166837,observed,1.0,0.340829,0.462757,False
47.0,2350,right,False,,,,,,,,,,0.0,,,False
47.14,2357,left,True,0.3466777205467224,0.5176591873168945,2.1782456371965964e-07,0.04204351454973221,0.054811883717775345,-0.04726308956742287,0.313827,0.201113,observed,1.0,0.319464,0.411818,False
47.14,2357,right,False,,,,,,,,,,0.0,,,False
47.26,2363,left,True,0.34471943974494934,0.49632498621940613,-2.7956286885455484e-07,0.012246625497937202,0.07040494680404663,-0.03548460826277733,0.1191093,0.1983835,observed,1.0,0.334002,0.393265,False
47.26,2363,right,False,,,,,,,,,,0.0,,,False
47.38,2369,left,False,,,,,,,,,,0.0,,,False
47.38,2369,right,False,,,,,,,,,,0.0,,,False
47.5,2375,left,False,,,,,,,,,,0.0,,,False
47.5,2375,right,False,,,,,,,,,,0.0,,,False
47.64,2382,left,False,,,,,,,,,,0.0,,,False
47.64,2382,right,False,,,,,,,,,,0.0,,,False
47.76,2388,left,False,,,,,,,,,,0.0,,,False
47.76,2388,right,False,,,,,,,,,,0.0,,,False
47.88,2394,left,False,,,,,,,,,,0.0,,,False
47.88,2394,right,False,,,,,,,,,,0.0,,,False
48.0,2400,left,False,,,,,,,,,,0.0,,,False
48.0,2400,right,False,,,,,,,,,,0.0,,,False
48.14,2407,left,False,,,,,,,,,,0.0,,,False
48.14,2407,right,False,,,,,,,,,,0.0,,,False
48.26,2413,left,False,,,,,,,,,,0.0,,,False
48.26,2413,right,False,,,,,,,,,,0.0,,,False
48.38,2419,left,False,,,,,,,,,,0.0,,,False
48.38,2419,right,False,,,,,,,,,,0.0,,,False
48.5,2425,left,False,,,,,,,,,,0.0,,,False
48.5,2425,right,True,0.3945152163505554,0.7327816486358643,1.3631870388053358e-07,-0.023045457899570465,0.08732253313064575,-0.04130544513463974,,,,0.0,0.410215,0.620191,False
48.64,2432,left,False,,,,,,,,,,0.0,,,False
48.64,2432,right,False,,,,,,,,,,0.0,,,False
48.76,2438,left,False,,,,,,,,,,0.0,,,False
48.76,2438,right,False,,,,,,,,,,0.0,,,False
48.88,2444,left,False,,,,,,,,,,0.0,,,False
48.88,2444,right,False,,,,,,,,,,0.0,,,False
49.0,2450,left,False,,,,,,,,,,0.0,,,False
49.0,2450,right,False,,,,,,,,,,0.0,,,False
49.14,2457,left,False,,,,,,,,,,0.0,,,False
49.14,2457,right,False,,,,,,,,,,0.0,,,False
49.26,2463,left,False,,,,,,,,,,0.0,,,False
49.26,2463,right,False,,,,,,,,,,0.0,,,False
49.38,2469,left,False,,,,,,,,,,0.0,,,False
49.38,2469,right,False,,,,,,,,,,0.0,,,False
49.5,2475,left,False,,,,,,,,,,0.0,,,False
49.5,2475,right,False,,,,,,,,,,0.0,,,False
49.64,2482,left,False,,,,,,,,,,0.0,,,False
49.64,2482,right,False,,,,,,,,,,0.0,,,False
49.76,2488,left,False,,,,,,,,,,0.0,,,False
49.76,2488,right,False,,,,,,,,,,0.0,,,False
49.88,2494,left,False,,,,,,,,,,0.0,,,False
49.88,2494,right,False,,,,,,,,,,0.0,,,False
50.0,2500,left,True,0.8605006337165833,0.9193678498268127,-2.540178911658586e-07,-0.020780619233846664,0.0667683556675911,0.004747234284877777,,,,0.0,0.878951,0.812551,False
50.0,2500,right,False,,,,,,,,,,0.0,,,False
50.14,2507,left,False,,,,,,,,,,0.0,,,False
50.14,2507,right,False,,,,,,,,,,0.0,,,False
50.26,2513,left,False,,,,,,,,,,0.0,,,False
50.26,2513,right,False,,,,,,,,,,0.0,,,False
50.38,2519,left,False,,,,,,,,,,0.0,,,False
50.38,2519,right,False,,,,,,,,,,0.0,,,False
50.5,2525,left,False,,,,,,,,,,0.0,,,False
50.5,2525,right,False,,,,,,,,,,0.0,,,False
50.64,2532,left,False,,,,,,,,,,0.0,,,False
50.64,2532,right,False,,,,,,,,,,0.0,,,False
50.76,2538,left,False,,,,,,,,,,0.0,,,False
50.76,2538,right,False,,,,,,,,,,0.0,,,False
50.88,2544,left,False,,,,,,,,,,0.0,,,False
50.88,2544,right,False,,,,,,,,,,0.0,,,False
51.0,2550,left,False,,,,,,,,,,0.0,,,False
51.0,2550,right,False,,,,,,,,,,0.0,,,False
51.14,2557,left,False,,,,,,,,,,0.0,,,False
51.14,2557,right,False,,,,,,,,,,0.0,,,False
51.26,2563,left,False,,,,,,,,,,0.0,,,False
51.26,2563,right,False,,,,,,,,,,0.0,,,False
51.38,2569,left,False,,,,,,,,,,0.0,,,False
51.38,2569,right,False,,,,,,,,,,0.0,,,False
51.5,2575,left,True,0.8236040472984314,0.9179543256759644,-1.9476355817005242e-07,0.010279222391545773,0.0825570598244667,0.009632816538214684,,,,0.0,0.813619,0.809399,False
51.5,2575,right,False,,,,,,,,,,0.0,,,False
51.64,2582,left,True,0.8384045362472534,0.9533195495605469,-2.493572708317515e-07,0.010884851217269897,0.06390217691659927,0.007351144682615995,,,,0.0,0.830408,0.847047,False
51.64,2582,right,False,,,,,,,,,,0.0,,,False
51.76,2588,left,True,0.825044572353363,0.9960779547691345,-5.13427522719212e-08,0.012869473546743393,0.07519892603158951,0.03645632788538933,0.2992129,0.2362883,observed,1.0,0.81805,0.888121,False
51.76,2588,right,False,,,,,,,,,,0.0,,,False
51.88,2594,left,True,0.8155012726783752,0.97774338722229,4.463876379645626e-08,0.005493069998919964,0.07102237641811371,0.05363861098885536,0.2030523,0.2268635,observed,1.0,0.815748,0.863454,False
51.88,2594,right,False,,,,,,,,,,0.0,,,False
52.0,2600,left,True,0.831763744354248,0.9664353132247925,-4.5907661672117683e-08,0.003550127847120166,0.07243011891841888,0.05459311604499817,0.2174764,0.2277795,observed,1.0,0.828878,0.829197,False
52.0,2600,right,False,,,,,,,,,,0.0,,,False
52.14,2607,left,True,0.8884521126747131,0.9483774304389954,-1.0044377773965607e-07,0.013680892996490002,0.0838199034333229,0.048301663249731064,0.252317,0.2643975,observed,1.0,0.870201,0.766961,False
52.14,2607,right,False,,,,,,,,,,0.0,,,False
52.26,2613,left,True,0.9234172701835632,0.9118105173110962,-1.3847395052835054e-07,0.02147291600704193,0.06327076256275177,0.05153755843639374,0.2760003,0.3274698,observed,1.0,0.892829,0.711625,False
52.26,2613,right,False,,,,,,,,,,0.0,,,False
52.38,2619,left,True,0.8732547163963318,0.8705642223358154,-8.614113511384858e-08,0.03246527910232544,0.06855856627225876,0.06220300868153572,0.4527718,0.3935794,observed,1.0,0.820094,0.682663,False
52.38,2619,right,False,,,,,,,,,,0.0,,,False
52.5,2625,left,True,0.7985764145851135,0.8278511762619019,-3.860263220190063e-08,0.045197341591119766,0.07028058916330338,0.039714664220809937,0.6338132,0.4027655,observed,1.0,0.725183,0.646349,False
52.5,2625,right,True,0.7682628631591797,0.7851377129554749,-3.744599439414742e-07,0.04004821553826332,0.0568307563662529,0.049021609127521515,,,,0.0,0.716128,0.634967,False
52.64,2632,left,True,0.7546171545982361,0.7678179740905762,1.8717527439093828e-07,0.047556519508361816,0.07101331651210785,0.04936535283923149,0.2243368,0.3256114,observed,1.0,0.690478,0.604206,False
52.64,2632,right,False,,,,,,,0.2566993,0.2542896,interpolated_for_motion,0.4,0.697598,0.678159,True
52.76,2638,left,True,0.759080171585083,0.8115251660346985,1.581793327432024e-07,0.04551294818520546,0.0649295225739479,0.029155785217881203,0.287651,0.296596,observed,1.0,0.694515,0.669365,False
52.76,2638,right,False,,,,,,,0.2533129,0.2538296,interpolated_for_motion,0.4,0.677049,0.72809,True
52.88,2644,left,True,0.6798537969589233,0.9049902558326721,1.6522854195955006e-07,0.03228092938661575,0.0719183087348938,0.04491913691163063,0.5925915,0.3232921,observed,1.0,0.648322,0.793826,False
52.88,2644,right,True,0.6984667181968689,0.9174641370773315,2.3390991543692508e-07,0.029888778924942017,0.06667900085449219,0.04292304441332817,0.2533893,0.253511,interpolated_for_motion,0.4,0.653695,0.780192,False
53.0,2650,left,True,0.6718507409095764,0.9864687323570251,1.5463864144749095e-07,0.03670990467071533,0.07556632906198502,0.039352938532829285,0.2561717,0.3640757,observed,1.0,0.632036,0.85421,False
53.0,2650,right,False,,,,,,,,,,0.0,,,False
53.14,2657,left,False,,,,,,,,,,0.0,,,False
53.14,2657,right,True,0.28414422273635864,0.9973476529121399,2.6026859245575906e-07,-0.04605691879987717,0.028520017862319946,0.07492165267467499,,,,0.0,0.341351,0.888337,False
53.26,2663,left,False,,,,,,,,,,0.0,,,False
53.26,2663,right,True,0.26216980814933777,0.9895219802856445,-1.5648953421987244e-07,-0.056741684675216675,0.024995766580104828,0.07222156226634979,0.1460123,0.1367713,observed,1.0,0.331213,0.898749,False
53.38,2669,left,False,,,,,,,,,,0.0,,,False
53.38,2669,right,True,0.267372190952301,1.0050928592681885,-1.3571850843163702e-07,-0.05015752092003822,0.023554516956210136,0.0716283917427063,0.133665,0.1343013,observed,1.0,0.337239,0.907167,False
53.5,2675,left,False,,,,,,,,,,0.0,,,False
53.5,2675,right,True,0.28038233518600464,1.0303813219070435,-5.647574852218895e-08,-0.04684291407465935,0.033065758645534515,0.06779803335666656,0.1118998,0.1274066,observed,1.0,0.341708,0.915485,False
53.64,2682,left,False,,,,,,,,,,0.0,,,False
53.64,2682,right,True,0.30562108755111694,1.009559988975525,2.448838358759531e-07,-0.035916414111852646,0.050554729998111725,0.06088168919086456,0.1297728,0.1198343,observed,1.0,0.344142,0.856445,False
53.76,2688,left,False,,,,,,,,,,0.0,,,False
53.76,2688,right,True,0.34569090604782104,1.0238807201385498,2.3314372299410024e-07,-0.014564761891961098,0.07282775640487671,0.06814958155155182,0.0388165,0.1196489,observed,1.0,0.34981,0.847993,False
53.88,2694,left,False,,,,,,,,,,0.0,,,False
53.88,2694,right,True,0.3256320655345917,1.0108931064605713,-6.363569582390483e-08,0.0013032257556915283,0.07549591362476349,0.03801894187927246,0.225335,0.1274328,observed,1.0,0.314692,0.841278,False
54.0,2700,left,False,,,,,,,,,,0.0,,,False
54.0,2700,right,True,0.30784550309181213,0.9997175931930542,1.5329179348100297e-07,-0.012641601264476776,0.09229879081249237,0.044403914362192154,0.0968253,0.1523527,observed,1.0,0.316483,0.834549,False
54.14,2707,left,True,0.31603312492370605,1.0047715902328491,4.07549123337958e-08,-0.019530408084392548,0.08716893196105957,0.035413652658462524,,,,0.0,0.331164,0.857194,False
54.14,2707,right,False,,,,,,,0.1775143,0.1721553,interpolated_for_motion,0.4,0.333273,0.838613,True
54.26,2713,left,False,,,,,,,,,,0.0,,,False
54.26,2713,right,True,0.32538047432899475,0.9812918901443481,8.744162727225557e-08,-0.030175361782312393,0.07983531057834625,0.025555189698934555,0.1784006,0.1502088,interpolated_for_motion,0.4,0.349785,0.83967,False
54.38,2719,left,False,,,,,,,,,,0.0,,,False
54.38,2719,right,True,0.32230156660079956,0.9603503942489624,7.290893933031839e-08,-0.03652600571513176,0.061754290014505386,-0.004542312119156122,0.0988725,0.1178971,observed,1.0,0.358423,0.83724,False
54.5,2725,left,False,,,,,,,,,,0.0,,,False
54.5,2725,right,True,0.32854920625686646,0.9536705017089844,2.130076808271042e-07,-0.033324893563985825,0.07432994246482849,0.03884391114115715,0.021916,0.0851228,observed,1.0,0.355675,0.820621,False
54.64,2732,left,False,,,,,,,,,,0.0,,,False
54.64,2732,right,True,0.32508066296577454,0.9722151756286621,2.5628651201259345e-07,-0.0246050413697958,0.080183245241642,0.0034117968752980232,0.0734778,0.0656409,observed,1.0,0.345637,0.826511,False
54.76,2738,left,False,,,,,,,,,,0.0,,,False
54.76,2738,right,True,0.32288381457328796,0.9786579608917236,2.0510522347194637e-07,-0.02449839375913143,0.07295751571655273,0.014244182035326958,0.0633013,0.0617843,observed,1.0,0.345539,0.824999,False
54.88,2744,left,False,,,,,,,,,,0.0,,,False
54.88,2744,right,True,0.3151208162307739,0.9753135442733765,1.6561759252908814e-07,-0.02758615091443062,0.07617385685443878,0.028408166021108627,0.0401121,0.0572567,observed,1.0,0.344237,0.813293,False
55.0,2750,left,False,,,,,,,,,,0.0,,,False
55.0,2750,right,True,0.3201851546764374,0.9699562191963196,1.2522569647899218e-07,-0.03053811751306057,0.076424740254879,0.04431484267115593,0.075494,0.0423993,observed,1.0,0.354309,0.799761,False
55.14,2757,left,False,,,,,,,,,,0.0,,,False
55.14,2757,right,True,0.3169175088405609,0.9655184149742126,1.1883892625519366e-07,-0.0300429854542017,0.08038997650146484,0.037638965994119644,0.0157996,0.0223228,observed,1.0,0.350188,0.790276,False
55.26,2763,left,False,,,,,,,,,,0.0,,,False
55.26,2763,right,True,0.3201395571231842,0.9636276960372925,8.649609384292489e-08,-0.028745289891958237,0.08001258224248886,0.042241089046001434,0.0119412,0.0202682,observed,1.0,0.351381,0.788745,False
55.38,2769,left,False,,,,,,,,,,0.0,,,False
55.38,2769,right,True,0.3101767301559448,0.9619332551956177,7.218573472300704e-08,-0.031104721128940582,0.08091580867767334,0.04302593320608139,0.0295032,0.0250347,observed,1.0,0.343705,0.78804,False
55.5,2775,left,False,,,,,,,,,,0.0,,,False
55.5,2775,right,True,0.2992957830429077,0.9617834091186523,1.1286289947065598e-07,-0.029382959008216858,0.08035355061292648,0.03911067545413971,0.0548904,0.0251058,observed,1.0,0.330276,0.788179,False
55.64,2782,left,False,,,,,,,,,,0.0,,,False
55.64,2782,right,True,0.29487931728363037,0.9533096551895142,1.255014865364501e-07,-0.02669876255095005,0.08107089251279831,0.035730160772800446,0.0144372,0.0205364,observed,1.0,0.324458,0.781019,False
55.76,2788,left,False,,,,,,,,,,0.0,,,False
55.76,2788,right,True,0.2935803532600403,0.950981616973877,9.557785318747847e-08,-0.027410995215177536,0.07997149229049683,0.040269624441862106,0.0090838,0.0270492,observed,1.0,0.323696,0.774624,False
55.88,2794,left,False,,,,,,,,,,0.0,,,False
55.88,2794,right,True,0.30225905776023865,0.9507937431335449,1.0247146775554938e-07,-0.02815280109643936,0.0770559012889862,0.04684298112988472,0.0855051,0.0405019,observed,1.0,0.334213,0.774436,False
56.0,2800,left,False,,,,,,,,,,0.0,,,False
56.0,2800,right,True,0.3038572371006012,0.9544793367385864,9.48541654111068e-08,-0.028922012075781822,0.07872213423252106,0.039108891040086746,0.0531139,0.0495903,observed,1.0,0.336733,0.775935,False
56.14,2807,left,False,,,,,,,,,,0.0,,,False
56.14,2807,right,True,0.29636141657829285,0.9425490498542786,6.51765077464006e-08,-0.028239408507943153,0.08135917782783508,0.04437935724854469,0.037133,0.0447089,observed,1.0,0.327801,0.760277,False
56.26,2813,left,False,,,,,,,,,,0.0,,,False
56.26,2813,right,True,0.2992650866508484,0.9448207020759583,1.1274335065536434e-07,-0.02943546324968338,0.08030945807695389,0.0397990457713604,0.0492511,0.034003,observed,1.0,0.331241,0.761496,False
56.38,2819,left,False,,,,,,,,,,0.0,,,False
56.38,2819,right,True,0.30165809392929077,0.9339578747749329,1.0069756939401486e-07,-0.027067428454756737,0.07925929129123688,0.04990949481725693,0.0178475,0.024929,observed,1.0,0.331862,0.749782,False
56.5,2825,left,False,,,,,,,,,,0.0,,,False
56.5,2825,right,True,0.2945575416088104,0.9281379580497742,8.957647423812887e-08,-0.028247902169823647,0.0802982822060585,0.044539373368024826,0.0161772,0.0187777,observed,1.0,0.326453,0.744194,False
56.64,2832,left,False,,,,,,,,,,0.0,,,False
56.64,2832,right,True,0.2908177673816681,0.9262367486953735,1.0641439729397462e-07,-0.02965906821191311,0.08048708736896515,0.04440072551369667,0.0222712,0.0189227,observed,1.0,0.323718,0.746332,False
56.76,2838,left,False,,,,,,,,,,0.0,,,False
56.76,2838,right,True,0.2904428541660309,0.9296765327453613,1.2836919438541372e-07,-0.02965676598250866,0.07962653785943985,0.04594884812831879,0.0133643,0.0233704,observed,1.0,0.3223,0.748305,False
56.88,2844,left,False,,,,,,,,,,0.0,,,False
56.88,2844,right,True,0.29303696751594543,0.9387800097465515,1.319856437476119e-07,-0.03219553828239441,0.0803874060511589,0.047401271760463715,0.02655,0.0299056,observed,1.0,0.327962,0.756897,False
57.0,2850,left,False,,,,,,,,,,0.0,,,False
57.0,2850,right,True,0.29697373509407043,0.950484573841095,1.1979986425103561e-07,-0.029681038111448288,0.08163077384233475,0.043012961745262146,0.0463052,0.0445141,observed,1.0,0.328101,0.760049,False
57.14,2857,left,False,,,,,,,,,,0.0,,,False
57.14,2857,right,True,0.297691285610199,0.964337944984436,2.466437081238837e-07,-0.03700202330946922,0.08536258339881897,0.030178004875779152,0.06897,0.0756438,observed,1.0,0.339467,0.788873,False
57.26,2863,left,False,,,,,,,,,,0.0,,,False
57.26,2863,right,False,,,,,,,0.1039589,0.0949749,interpolated_for_motion,0.4,0.344431,0.804181,True
57.38,2869,left,False,,,,,,,,,,0.0,,,False
57.38,2869,right,False,,,,,,,0.1060441,0.1022134,interpolated_for_motion,0.4,0.352715,0.846243,True
57.5,2875,left,False,,,,,,,,,,0.0,,,False
57.5,2875,right,True,0.32941827178001404,0.9893024563789368,7.181198498074082e-07,-0.030659988522529602,0.04539346322417259,0.06917224824428558,0.1031973,0.1289417,interpolated_for_motion,0.4,0.367761,0.870133,False
57.64,2882,left,False,,,,,,,,,,0.0,,,False
57.64,2882,right,True,0.3354070782661438,1.0140655040740967,3.5008989129892143e-07,-0.04099120944738388,0.035015955567359924,0.062468718737363815,0.2087252,0.2005228,observed,1.0,0.385041,0.898363,False
57.76,2888,left,False,,,,,,,,,,0.0,,,False
57.76,2888,right,True,0.3678351044654846,1.0486713647842407,2.5393407554474834e-07,-0.04166894033551216,0.04359474778175354,0.054568152874708176,0.246412,0.2465539,observed,1.0,0.415251,0.916078,False
57.88,2894,left,False,,,,,,,,,,0.0,,,False
57.88,2894,right,True,0.4219870865345001,1.0874578952789307,1.550977657416297e-07,-0.04822971671819687,0.0647982582449913,0.051726024597883224,0.3228034,0.2644265,observed,1.0,0.475464,0.933819,False
58.0,2900,left,False,,,,,,,,,,0.0,,,False
58.0,2900,right,False,,,,,,,,,,0.0,,,False
58.14,2907,left,False,,,,,,,,,,0.0,,,False
58.14,2907,right,False,,,,,,,,,,0.0,,,False
58.26,2913,left,False,,,,,,,,,,0.0,,,False
58.26,2913,right,False,,,,,,,,,,0.0,,,False
58.38,2919,left,False,,,,,,,,,,0.0,,,False
58.38,2919,right,False,,,,,,,,,,0.0,,,False
58.5,2925,left,False,,,,,,,,,,0.0,,,False
58.5,2925,right,False,,,,,,,,,,0.0,,,False
58.64,2932,left,True,0.5895534157752991,0.826750636100769,1.5707106726381426e-08,-0.018582969903945923,0.07979191094636917,0.02667946368455887,,,,0.0,0.597262,0.748953,False
58.64,2932,right,False,,,,,,,,,,0.0,,,False
58.76,2938,left,True,0.587900698184967,0.7916291952133179,1.0474408007610236e-08,-0.02221423201262951,0.075121209025383,-0.006515987683087587,0.4698576,0.3473349,observed,1.0,0.600769,0.71964,False
58.76,2938,right,False,,,,,,,,,,0.0,,,False
58.88,2944,left,True,0.5803917646408081,0.7551704049110413,6.112716022244058e-08,-0.029298994690179825,0.08531247079372406,-0.002757227746769786,0.3124794,0.3056571,observed,1.0,0.593442,0.677823,False
58.88,2944,right,False,,,,,,,,,,0.0,,,False
59.0,2950,left,True,0.5728100538253784,0.717797577381134,1.9017612373772863e-07,-0.025619670748710632,0.0807117372751236,-0.012688672170042992,0.2093299,0.2296974,observed,1.0,0.582979,0.638294,False
59.0,2950,right,False,,,,,,,,,,0.0,,,False
59.14,2957,left,True,0.5542224049568176,0.7105603814125061,8.799381845392418e-08,-0.013145931996405125,0.06849664449691772,0.009257123805582523,0.0350728,0.1525348,observed,1.0,0.559987,0.633074,False
59.14,2957,right,False,,,,,,,,,,0.0,,,False
59.26,2963,left,False,,,,,,,,,,0.0,,,False
59.26,2963,right,False,,,,,,,,,,0.0,,,False
59.38,2969,left,False,,,,,,,,,,0.0,,,False
59.38,2969,right,False,,,,,,,,,,0.0,,,False
59.5,2975,left,False,,,,,,,,,,0.0,,,False
59.5,2975,right,False,,,,,,,,,,0.0,,,False
59.64,2982,left,False,,,,,,,,,,0.0,,,False
59.64,2982,right,False,,,,,,,,,,0.0,,,False
59.76,2988,left,False,,,,,,,,,,0.0,,,False
59.76,2988,right,False,,,,,,,,,,0.0,,,False
59.88,2994,left,False,,,,,,,,,,0.0,,,False
59.88,2994,right,False,,,,,,,,,,0.0,,,False
60.0,3000,left,False,,,,,,,,,,0.0,,,False
60.0,3000,right,False,,,,,,,,,,0.0,,,False
60.14,3007,left,False,,,,,,,,,,0.0,,,False
60.14,3007,right,True,0.7874462008476257,0.8328225016593933,-1.4267381232002663e-07,-0.02190168760716915,0.06312490999698639,0.019207563251256943,,,,0.0,0.807508,0.74773,False
60.26,3013,left,True,0.7609521150588989,0.7635062336921692,-2.1005737593782214e-08,-0.01736370101571083,0.062362439930438995,0.03535639867186546,,,,0.0,0.77804,0.674972,False
60.26,3013,right,True,0.7655701637268066,0.7856912016868591,1.0862873978112475e-07,-0.02154909446835518,0.07458929717540741,0.027922339737415314,0.3534493,0.3534493,observed,1.0,0.782958,0.686247,False
60.38,3019,left,True,0.7331034541130066,0.7607795000076294,-6.391799445282231e-08,-0.010628179647028446,0.06194225326180458,-0.0007838236051611602,0.1569453,0.1522003,observed,1.0,0.743551,0.668207,False
60.38,3019,right,False,,,,,,,,,,0.0,,,False
60.5,3025,left,True,0.6987437009811401,0.7953401803970337,-8.340691692865221e-08,-0.018079251050949097,0.07161059975624084,0.027629218995571136,0.1501021,0.1497493,observed,1.0,0.712952,0.708384,False
60.5,3025,right,False,,,,,,,,,,0.0,,,False
60.64,3032,left,True,0.6974012851715088,0.8072561025619507,-1.882723665858066e-08,-0.03168059512972832,0.0796138122677803,0.04007153585553169,0.063675,0.138756,observed,1.0,0.716035,0.716488,False
60.64,3032,right,False,,,,,,,,,,0.0,,,False
60.76,3038,left,True,0.715178906917572,0.790263831615448,6.528309626219198e-08,-0.04108310118317604,0.08318065106868744,0.04344537854194641,0.144631,0.1317738,observed,1.0,0.735879,0.696195,False
60.76,3038,right,False,,,,,,,,,,0.0,,,False
60.88,3044,left,True,0.7355930805206299,0.7385149002075195,9.628097785707723e-08,-0.037297047674655914,0.07126868516206741,0.014537586830556393,0.1196868,0.131276,observed,1.0,0.754972,0.647247,False
60.88,3044,right,True,0.7342973351478577,0.7661552429199219,1.382260137461344e-07,-0.03957260772585869,0.08724289387464523,0.008345349691808224,,,,0.0,0.754493,0.659224,False
61.0,3050,left,True,0.7629858255386353,0.7194967269897461,7.679663127646563e-08,-0.028501834720373154,0.0883924812078476,0.009070457890629768,0.139348,0.129667,observed,1.0,0.779555,0.605851,False
61.0,3050,right,False,,,,,,,0.0897422,0.0911965,interpolated_for_motion,0.4,0.771641,0.611115,True
61.14,3057,left,True,0.789273202419281,0.6206246614456177,-6.115105755100103e-09,-0.02860415354371071,0.09193426370620728,0.021578241139650345,0.1267164,0.1095356,observed,1.0,0.80321,0.523787,False
61.14,3057,right,True,0.7861514687538147,0.6655639410018921,5.159074234484251e-08,-0.021292872726917267,0.09240107983350754,0.0009726988500915468,0.0926508,0.0911965,interpolated_for_motion,0.4,0.798632,0.551264,False
61.26,3063,left,True,0.8017948269844055,0.6242591738700867,5.0428567988092254e-09,-0.019324637949466705,0.0866783857345581,-0.0021758913062512875,0.0688568,0.0857984,observed,1.0,0.813898,0.507202,False
61.26,3063,right,False,,,,,,,,,,0.0,,,False
61.38,3069,left,True,0.8122784495353699,0.5842422842979431,-3.7923243212389934e-08,-0.02168956585228443,0.09014648199081421,-0.002199631417170167,0.0779604,0.0674347,observed,1.0,0.825329,0.469628,False
61.38,3069,right,False,,,,,,,,,,0.0,,,False
61.5,3075,left,True,0.8222672343254089,0.5527128577232361,-6.649320738461029e-08,-0.025695741176605225,0.08588489145040512,0.005511866416782141,0.0276757,0.0474922,observed,1.0,0.837117,0.443323,False
61.5,3075,right,False,,,,,,,,,,0.0,,,False
61.64,3082,left,True,0.8330211639404297,0.5230909585952759,-2.5795868552336287e-08,-0.029019463807344437,0.08997611701488495,-0.004375127609819174,0.0397761,0.0276204,observed,1.0,0.851051,0.409376,False
61.64,3082,right,False,,,,,,,,,,0.0,,,False
61.76,3088,left,True,0.8371710777282715,0.4959140121936798,-2.5393147140562178e-08,-0.03966439142823219,0.09628109633922577,0.008252311497926712,0.0193229,0.0211634,observed,1.0,0.85908,0.384455,False
61.76,3088,right,False,,,,,,,,,,0.0,,,False
61.88,3094,left,True,0.8364008069038391,0.48643434047698975,-7.42304777645586e-08,-0.03831935301423073,0.09996401518583298,0.01157774031162262,0.0141743,0.0185273,observed,1.0,0.857857,0.372687,False
61.88,3094,right,False,,,,,,,,,,0.0,,,False
62.0,3100,left,True,0.8328731656074524,0.4681670069694519,-1.0690172302929568e-07,-0.03821957856416702,0.09320150315761566,0.008368070237338543,0.0260174,0.0154078,observed,1.0,0.856955,0.35169,False
62.0,3100,right,False,,,,,,,,,,0.0,,,False
62.14,3107,left,True,0.8316358923912048,0.4533594846725464,-7.82843869728822e-08,-0.03844029828906059,0.097855344414711,0.008188587613403797,0.0119329,0.0106055,observed,1.0,0.854568,0.333594,False
62.14,3107,right,False,,,,,,,,,,0.0,,,False
62.26,3113,left,True,0.8322368860244751,0.4415360689163208,-8.639419490918954e-08,-0.037476398050785065,0.0952664166688919,0.008116977289319038,0.0048039,0.0081818,observed,1.0,0.855393,0.322656,False
62.26,3113,right,False,,,,,,,,,,0.0,,,False
62.38,3119,left,True,0.8332313895225525,0.43351730704307556,-7.775896904149704e-08,-0.03570922091603279,0.09429454803466797,0.006819524802267551,0.0065078,0.0078982,observed,1.0,0.855712,0.313012,False
62.38,3119,right,False,,,,,,,,,,0.0,,,False
62.5,3125,left,True,0.8369526267051697,0.4278869330883026,-2.9744500196215995e-08,-0.035342324525117874,0.10105878114700317,0.006812858860939741,0.0104803,0.0112949,observed,1.0,0.857262,0.304612,False
62.5,3125,right,False,,,,,,,,,,0.0,,,False
62.64,3132,left,True,0.8393364548683167,0.4120541214942932,-1.074127524702817e-07,-0.03299593925476074,0.08997472375631332,0.010040782392024994,0.0305306,0.017251,observed,1.0,0.86283,0.289093,False
62.64,3132,right,False,,,,,,,,,,0.0,,,False
62.76,3138,left,True,0.8429855704307556,0.4150009751319885,-1.135163927301619e-07,-0.03288952261209488,0.09521976858377457,-0.0017106992891058326,0.0198928,0.0174382,observed,1.0,0.864041,0.292826,False
62.76,3138,right,False,,,,,,,,,,0.0,,,False
62.88,3144,left,True,0.8420892953872681,0.40998518466949463,-8.663937478559092e-08,-0.033674322068691254,0.09311623871326447,0.003817456541582942,0.0128796,0.0144985,observed,1.0,0.864151,0.290832,False
62.88,3144,right,False,,,,,,,,,,0.0,,,False
63.0,3150,left,True,0.8448306918144226,0.4089817404747009,-1.0027046215554947e-07,-0.03208058327436447,0.09422436356544495,0.0010239443508908153,0.0031941,0.0100277,observed,1.0,0.865659,0.288626,False
63.0,3150,right,False,,,,,,,,,,0.0,,,False
63.14,3157,left,True,0.8488211631774902,0.4049873352050781,-7.007139402048779e-08,-0.030707960948348045,0.09902586042881012,0.0010567557765170932,0.0103167,0.0067648,observed,1.0,0.86734,0.283277,False
63.14,3157,right,False,,,,,,,,,,0.0,,,False
63.26,3163,left,True,0.8508265018463135,0.39966893196105957,-6.798524765372349e-08,-0.030751973390579224,0.09782297909259796,0.0015943937469273806,0.0031837,0.0061945,observed,1.0,0.869391,0.279066,False
63.26,3163,right,False,,,,,,,,,,0.0,,,False
63.38,3169,left,True,0.8541396856307983,0.39496612548828125,-7.023273695949683e-08,-0.030655259266495705,0.09795726835727692,0.0014335347805172205,0.0205843,0.0052844,observed,1.0,0.873139,0.272062,False
63.38,3169,right,False,,,,,,,,,,0.0,,,False
63.5,3175,left,True,0.856332004070282,0.3924434185028076,-7.202167040532004e-08,-0.029590770602226257,0.09629137814044952,-0.002444949932396412,0.0031682,0.0042794,observed,1.0,0.874888,0.267933,False
63.5,3175,right,False,,,,,,,,,,0.0,,,False
63.64,3182,left,True,0.856586754322052,0.3884994387626648,-9.422821278803895e-08,-0.03014039807021618,0.09426070004701614,-0.0037261382676661015,0.0041069,0.0051126,observed,1.0,0.876925,0.264916,False
63.64,3182,right,False,,,,,,,,,,0.0,,,False
63.76,3188,left,True,0.8580840229988098,0.38822561502456665,-9.891565611042097e-08,-0.031083252280950546,0.09690189361572266,-0.001939870766364038,0.0092509,0.0062961,observed,1.0,0.877635,0.264563,False
63.76,3188,right,False,,,,,,,,,,0.0,,,False
63.88,3194,left,True,0.8590645790100098,0.38711845874786377,-1.0303347863782619e-07,-0.030646543949842453,0.09610826522111893,0.00372124626301229,0.007068,0.0068742,observed,1.0,0.879451,0.262338,False
63.88,3194,right,False,,,,,,,,,,0.0,,,False
64.0,3200,left,True,0.8596042990684509,0.3899516463279724,-7.010875435753405e-08,-0.030812349170446396,0.09864979982376099,0.0015087372157722712,0.0070337,0.0084331,observed,1.0,0.879015,0.262655,False
64.0,3200,right,False,,,,,,,,,,0.0,,,False
64.14,3207,left,True,0.8613239526748657,0.38494306802749634,-9.09340229782174e-08,-0.032006800174713135,0.0959814265370369,0.0025011422112584114,0.013906,0.011396,observed,1.0,0.882098,0.258855,False
64.14,3207,right,False,,,,,,,,,,0.0,,,False
64.26,3213,left,True,0.864783763885498,0.3852408528327942,-9.841603798577125e-08,-0.030742688104510307,0.09794135391712189,-0.00102931447327137,0.0130063,0.0117051,observed,1.0,0.884688,0.257922,False
64.26,3213,right,False,,,,,,,,,,0.0,,,False
64.38,3219,left,True,0.8672991991043091,0.3889217972755432,-9.600186956504331e-08,-0.031203098595142365,0.09946062415838242,-0.0006022979505360126,0.0094093,0.0100711,observed,1.0,0.886253,0.259521,False
64.38,3219,right,False,,,,,,,,,,0.0,,,False
64.5,3225,left,True,0.8684805035591125,0.39094096422195435,-8.568692777544129e-08,-0.029302645474672318,0.09963145107030869,-0.0043175844475626945,0.0074484,0.0083596,observed,1.0,0.886446,0.261265,False
64.5,3225,right,False,,,,,,,,,,0.0,,,False
64.64,3232,left,True,0.8686562180519104,0.39156657457351685,-9.841451031888937e-08,-0.02821343019604683,0.09720901399850845,-0.004091709386557341,0.0038852,0.0075185,observed,1.0,0.887001,0.260786,False
64.64,3232,right,False,,,,,,,,,,0.0,,,False
64.76,3238,left,True,0.8696002960205078,0.3904239535331726,-7.472159779808862e-08,-0.03013196960091591,0.0989857092499733,-0.001692066784016788,0.0074508,0.0080101,observed,1.0,0.888369,0.259113,False
64.76,3238,right,False,,,,,,,,,,0.0,,,False
64.88,3244,left,True,0.8702632188796997,0.3894991874694824,-9.019255031716966e-08,-0.030293278396129608,0.09886705130338669,-0.0005841642268933356,0.0084679,0.0090456,observed,1.0,0.889107,0.259388,False
64.88,3244,right,False,,,,,,,,,,0.0,,,False
65.0,3250,left,True,0.8700650930404663,0.39031273126602173,-1.183944178251295e-07,-0.027608757838606834,0.09373383969068527,-0.0011040836106985807,0.0119573,0.011087,observed,1.0,0.88976,0.261504,False
65.0,3250,right,False,,,,,,,,,,0.0,,,False
65.14,3257,left,True,0.8718969225883484,0.40342819690704346,-1.7422217979401466e-07,-0.029643859714269638,0.09268313646316528,-0.0050181555561721325,0.0136286,0.0249683,observed,1.0,0.89312,0.27397,False
65.14,3257,right,False,,,,,,,,,,0.0,,,False
65.26,3263,left,True,0.885470986366272,0.4333392381668091,-1.6920847656365368e-07,-0.03238005191087723,0.09330561012029648,-0.005676325410604477,0.0368394,0.0494351,observed,1.0,0.90751,0.303622,False
65.26,3263,right,False,,,,,,,,,,0.0,,,False
65.38,3269,left,True,0.9120655655860901,0.4685679078102112,-1.814284189549653e-07,-0.03417561203241348,0.09259044378995895,-0.006544589530676603,0.1014415,0.0743733,observed,1.0,0.937614,0.335279,False
65.38,3269,right,False,,,,,,,,,,0.0,,,False
65.5,3275,left,True,0.9431093335151672,0.5155153870582581,-1.9193188904864655e-07,-0.03572370857000351,0.09635313600301743,-0.017104437574744225,0.0931928,0.0905116,observed,1.0,0.967935,0.373755,False
65.5,3275,right,False,,,,,,,,,,0.0,,,False
65.64,3282,left,False,,,,,,,,,,0.0,,,False
65.64,3282,right,False,,,,,,,,,,0.0,,,False
65.76,3288,left,False,,,,,,,,,,0.0,,,False
65.76,3288,right,False,,,,,,,,,,0.0,,,False
65.88,3294,left,False,,,,,,,,,,0.0,,,False
65.88,3294,right,False,,,,,,,,,,0.0,,,False
66.0,3300,left,False,,,,,,,,,,0.0,,,False
66.0,3300,right,False,,,,,,,,,,0.0,,,False
66.14,3307,left,False,,,,,,,,,,0.0,,,False
66.14,3307,right,False,,,,,,,,,,0.0,,,False
66.26,3313,left,False,,,,,,,,,,0.0,,,False
66.26,3313,right,False,,,,,,,,,,0.0,,,False
66.38,3319,left,False,,,,,,,,,,0.0,,,False
66.38,3319,right,False,,,,,,,,,,0.0,,,False
66.5,3325,left,False,,,,,,,,,,0.0,,,False
66.5,3325,right,False,,,,,,,,,,0.0,,,False
66.64,3332,left,False,,,,,,,,,,0.0,,,False
66.64,3332,right,False,,,,,,,,,,0.0,,,False
66.76,3338,left,False,,,,,,,,,,0.0,,,False
66.76,3338,right,False,,,,,,,,,,0.0,,,False
66.88,3344,left,False,,,,,,,,,,0.0,,,False
66.88,3344,right,False,,,,,,,,,,0.0,,,False
67.0,3350,left,False,,,,,,,,,,0.0,,,False
67.0,3350,right,False,,,,,,,,,,0.0,,,False
67.14,3357,left,False,,,,,,,,,,0.0,,,False
67.14,3357,right,False,,,,,,,,,,0.0,,,False
67.26,3363,left,False,,,,,,,,,,0.0,,,False
67.26,3363,right,False,,,,,,,,,,0.0,,,False
67.38,3369,left,False,,,,,,,,,,0.0,,,False
67.38,3369,right,False,,,,,,,,,,0.0,,,False
67.5,3375,left,False,,,,,,,,,,0.0,,,False
67.5,3375,right,False,,,,,,,,,,0.0,,,False
67.64,3382,left,False,,,,,,,,,,0.0,,,False
67.64,3382,right,False,,,,,,,,,,0.0,,,False
67.76,3388,left,False,,,,,,,,,,0.0,,,False
67.76,3388,right,False,,,,,,,,,,0.0,,,False
67.88,3394,left,False,,,,,,,,,,0.0,,,False
67.88,3394,right,False,,,,,,,,,,0.0,,,False
68.0,3400,left,False,,,,,,,,,,0.0,,,False
68.0,3400,right,False,,,,,,,,,,0.0,,,False
68.14,3407,left,False,,,,,,,,,,0.0,,,False
68.14,3407,right,False,,,,,,,,,,0.0,,,False
68.26,3413,left,False,,,,,,,,,,0.0,,,False
68.26,3413,right,True,0.340154767036438,0.7893741130828857,1.8521430433793284e-07,-0.043242473155260086,0.060239557176828384,0.0230193343013525,,,,0.0,0.368717,0.701709,False
68.38,3419,left,False,,,,,,,,,,0.0,,,False
68.38,3419,right,False,,,,,,,,,,0.0,,,False
68.5,3425,left,False,,,,,,,,,,0.0,,,False
68.5,3425,right,False,,,,,,,,,,0.0,,,False
68.64,3432,left,False,,,,,,,,,,0.0,,,False
68.64,3432,right,False,,,,,,,,,,0.0,,,False
68.76,3438,left,False,,,,,,,,,,0.0,,,False
68.76,3438,right,False,,,,,,,,,,0.0,,,False
68.88,3444,left,False,,,,,,,,,,0.0,,,False
68.88,3444,right,False,,,,,,,,,,0.0,,,False
69.0,3450,left,False,,,,,,,,,,0.0,,,False
69.0,3450,right,True,0.3921051323413849,0.9200249314308167,2.208572027484479e-07,-0.030569441616535187,0.073337122797966,0.054748065769672394,,,,0.0,0.420869,0.803762,False
69.14,3457,left,True,0.4261515736579895,0.7990264892578125,2.7942675728809263e-07,-0.037394534796476364,0.07181036472320557,-0.005113457329571247,,,,0.0,0.455864,0.70696,False
69.14,3457,right,True,0.39510366320610046,0.8556162118911743,4.837037295146729e-07,-0.043382834643125534,0.06926058232784271,0.0028681738767772913,0.1498869,0.216929,observed,1.0,0.438619,0.741495,False
69.26,3463,left,False,,,,,,,0.3475512,0.3500441,interpolated_for_motion,0.4,0.503947,0.675926,True
69.26,3463,right,True,0.40275731682777405,0.9122974276542664,3.239838406443596e-07,-0.02821052446961403,0.07832253724336624,0.004958431702107191,0.283971,0.216929,observed,1.0,0.43451,0.787474,False
69.38,3469,left,False,,,,,,,0.3508557,0.3507477,interpolated_for_motion,0.4,0.557745,0.637404,True
69.38,3469,right,False,,,,,,,,,,0.0,,,False
69.5,3475,left,False,,,,,,,0.352121,0.3517964,interpolated_for_motion,0.4,0.62294,0.584366,True
69.5,3475,right,False,,,,,,,,,,0.0,,,False
69.64,3482,left,True,0.710038423538208,0.6778537034988403,-5.7277560472357436e-08,0.01772972196340561,0.07155334949493408,0.041825905442237854,0.3530683,0.478216,interpolated_for_motion,0.4,0.701178,0.525622,False
69.64,3482,right,False,,,,,,,,,,0.0,,,False
69.76,3488,left,True,0.6693949699401855,0.3696449398994446,-4.2236780473103863e-07,0.00831254106014967,0.06533211469650269,0.032401252537965775,1.2136989,0.6169394,observed,1.0,0.661031,0.207452,False
69.76,3488,right,False,,,,,,,,,,0.0,,,False
69.88,3494,left,False,,,,,,,,,,0.0,,,False
69.88,3494,right,False,,,,,,,,,,0.0,,,False
70.0,3500,left,False,,,,,,,,,,0.0,,,False
70.0,3500,right,False,,,,,,,,,,0.0,,,False
70.14,3507,left,False,,,,,,,,,,0.0,,,False
70.14,3507,right,False,,,,,,,,,,0.0,,,False
70.26,3513,left,False,,,,,,,,,,0.0,,,False
70.26,3513,right,False,,,,,,,,,,0.0,,,False
70.38,3519,left,False,,,,,,,,,,0.0,,,False
70.38,3519,right,False,,,,,,,,,,0.0,,,False
70.5,3525,left,False,,,,,,,,,,0.0,,,False
70.5,3525,right,False,,,,,,,,,,0.0,,,False
70.64,3532,left,False,,,,,,,,,,0.0,,,False
70.64,3532,right,False,,,,,,,,,,0.0,,,False
70.76,3538,left,True,0.8474342226982117,0.526980996131897,-3.617252559706685e-07,-0.00034546200186014175,0.06799987703561783,0.06952337175607681,,,,0.0,0.848379,0.294272,False
70.76,3538,right,False,,,,,,,,,,0.0,,,False
70.88,3544,left,False,,,,,,,,,,0.0,,,False
70.88,3544,right,True,0.7592179775238037,0.9396687746047974,-3.415308924559213e-07,-0.004506942816078663,0.07414725422859192,0.05158546194434166,,,,0.0,0.759503,0.777483,False
71.0,3550,left,False,,,,,,,,,,0.0,,,False
71.0,3550,right,False,,,,,,,,,,0.0,,,False
71.14,3557,left,False,,,,,,,,,,0.0,,,False
71.14,3557,right,False,,,,,,,,,,0.0,,,False
71.26,3563,left,False,,,,,,,,,,0.0,,,False
71.26,3563,right,False,,,,,,,,,,0.0,,,False
71.38,3569,left,False,,,,,,,,,,0.0,,,False
71.38,3569,right,False,,,,,,,,,,0.0,,,False
71.5,3575,left,False,,,,,,,,,,0.0,,,False
71.5,3575,right,False,,,,,,,,,,0.0,,,False
71.64,3582,left,False,,,,,,,,,,0.0,,,False
71.64,3582,right,False,,,,,,,,,,0.0,,,False
71.76,3588,left,False,,,,,,,,,,0.0,,,False
71.76,3588,right,False,,,,,,,,,,0.0,,,False
71.88,3594,left,False,,,,,,,,,,0.0,,,False
71.88,3594,right,False,,,,,,,,,,0.0,,,False
72.0,3600,left,False,,,,,,,,,,0.0,,,False
72.0,3600,right,False,,,,,,,,,,0.0,,,False
72.14,3607,left,True,0.5416306257247925,0.862290620803833,-2.148961613102074e-07,-0.008094528689980507,0.0682266354560852,0.04659188166260719,,,,0.0,0.547388,0.763975,False
72.14,3607,right,False,,,,,,,,,,0.0,,,False
72.26,3613,left,True,0.5067660808563232,0.8230043649673462,-1.0897506541596158e-07,-0.02563134767115116,0.08141360431909561,0.00195196398999542,0.4362338,0.4349282,observed,1.0,0.523476,0.725872,False
72.26,3613,right,False,,,,,,,,,,0.0,,,False
72.38,3619,left,True,0.4766928255558014,0.7681024074554443,-9.511479959201097e-08,-0.04040618985891342,0.06781530380249023,-0.02361311949789524,0.4336225,0.4349282,observed,1.0,0.499815,0.68519,False
72.38,3619,right,True,0.47725820541381836,0.7351231575012207,-2.1953734119506407e-07,-0.024469580501317978,0.05867885798215866,-0.029731208458542824,,,,0.0,0.496068,0.669534,False
72.5,3625,left,False,,,,,,,,,,0.0,,,False
72.5,3625,right,False,,,,,,,,,,0.0,,,False
72.64,3632,left,False,,,,,,,,,,0.0,,,False
72.64,3632,right,False,,,,,,,,,,0.0,,,False
72.76,3638,left,False,,,,,,,,,,0.0,,,False
72.76,3638,right,False,,,,,,,,,,0.0,,,False
72.88,3644,left,False,,,,,,,,,,0.0,,,False
72.88,3644,right,False,,,,,,,,,,0.0,,,False
73.0,3650,left,False,,,,,,,,,,0.0,,,False
73.0,3650,right,False,,,,,,,,,,0.0,,,False
73.14,3657,left,False,,,,,,,,,,0.0,,,False
73.14,3657,right,False,,,,,,,,,,0.0,,,False
73.26,3663,left,False,,,,,,,,,,0.0,,,False
73.26,3663,right,False,,,,,,,,,,0.0,,,False
73.38,3669,left,False,,,,,,,,,,0.0,,,False
73.38,3669,right,False,,,,,,,,,,0.0,,,False
73.5,3675,left,False,,,,,,,,,,0.0,,,False
73.5,3675,right,False,,,,,,,,,,0.0,,,False
73.64,3682,left,False,,,,,,,,,,0.0,,,False
73.64,3682,right,False,,,,,,,,,,0.0,,,False
73.76,3688,left,False,,,,,,,,,,0.0,,,False
73.76,3688,right,False,,,,,,,,,,0.0,,,False
73.88,3694,left,False,,,,,,,,,,0.0,,,False
73.88,3694,right,False,,,,,,,,,,0.0,,,False
74.0,3700,left,False,,,,,,,,,,0.0,,,False
74.0,3700,right,False,,,,,,,,,,0.0,,,False
74.14,3707,left,False,,,,,,,,,,0.0,,,False
74.14,3707,right,False,,,,,,,,,,0.0,,,False
74.26,3713,left,False,,,,,,,,,,0.0,,,False
74.26,3713,right,False,,,,,,,,,,0.0,,,False
74.38,3719,left,False,,,,,,,,,,0.0,,,False
74.38,3719,right,False,,,,,,,,,,0.0,,,False
74.5,3725,left,False,,,,,,,,,,0.0,,,False
74.5,3725,right,False,,,,,,,,,,0.0,,,False
74.64,3732,left,False,,,,,,,,,,0.0,,,False
74.64,3732,right,False,,,,,,,,,,0.0,,,False
74.76,3738,left,False,,,,,,,,,,0.0,,,False
74.76,3738,right,False,,,,,,,,,,0.0,,,False
74.88,3744,left,False,,,,,,,,,,0.0,,,False
74.88,3744,right,False,,,,,,,,,,0.0,,,False
75.0,3750,left,False,,,,,,,,,,0.0,,,False
75.0,3750,right,False,,,,,,,,,,0.0,,,False
75.14,3757,left,False,,,,,,,,,,0.0,,,False
75.14,3757,right,False,,,,,,,,,,0.0,,,False
75.26,3763,left,False,,,,,,,,,,0.0,,,False
75.26,3763,right,False,,,,,,,,,,0.0,,,False
75.38,3769,left,False,,,,,,,,,,0.0,,,False
75.38,3769,right,False,,,,,,,,,,0.0,,,False
75.5,3775,left,False,,,,,,,,,,0.0,,,False
75.5,3775,right,False,,,,,,,,,,0.0,,,False
75.64,3782,left,False,,,,,,,,,,0.0,,,False
75.64,3782,right,False,,,,,,,,,,0.0,,,False
75.76,3788,left,False,,,,,,,,,,0.0,,,False
75.76,3788,right,False,,,,,,,,,,0.0,,,False
75.88,3794,left,False,,,,,,,,,,0.0,,,False
75.88,3794,right,False,,,,,,,,,,0.0,,,False
76.0,3800,left,False,,,,,,,,,,0.0,,,False
76.0,3800,right,False,,,,,,,,,,0.0,,,False
76.14,3807,left,False,,,,,,,,,,0.0,,,False
76.14,3807,right,False,,,,,,,,,,0.0,,,False
76.26,3813,left,False,,,,,,,,,,0.0,,,False
76.26,3813,right,True,0.2980014979839325,0.9489122629165649,7.456951038875559e-07,0.0033900493290275335,0.06195444241166115,0.0693560540676117,,,,0.0,0.287836,0.736989,False
76.38,3819,left,True,0.339704304933548,0.5330057740211487,5.416430894911173e-07,0.005352122709155083,0.07240510731935501,0.0467538945376873,,,,0.0,0.327256,0.337218,False
76.38,3819,right,False,,,,,,,,,,0.0,,,False
76.5,3825,left,True,0.2806219160556793,0.4681583046913147,3.7337179037422175e-07,0.01766907051205635,0.0805123895406723,0.022980177775025368,0.4289731,0.4289731,observed,1.0,0.263794,0.258667,False
76.5,3825,right,True,0.27952030301094055,0.3821190297603607,1.8758861131118465e-07,0.016446683555841446,0.06656019389629364,0.04002409428358078,,,,0.0,0.254209,0.235659,False
76.64,3832,left,False,,,,,,,,,,0.0,,,False
76.64,3832,right,False,,,,,,,,,,0.0,,,False
76.76,3838,left,False,,,,,,,,,,0.0,,,False
76.76,3838,right,False,,,,,,,,,,0.0,,,False
76.88,3844,left,False,,,,,,,,,,0.0,,,False
76.88,3844,right,False,,,,,,,,,,0.0,,,False
77.0,3850,left,False,,,,,,,,,,0.0,,,False
77.0,3850,right,False,,,,,,,,,,0.0,,,False
77.14,3857,left,False,,,,,,,,,,0.0,,,False
77.14,3857,right,False,,,,,,,,,,0.0,,,False
77.26,3863,left,True,0.6309415102005005,0.9024295210838318,1.748221762909452e-07,0.023803167045116425,0.10019894689321518,0.03337715566158295,,,,0.0,0.630355,0.836923,False
77.26,3863,right,False,,,,,,,,,,0.0,,,False
77.38,3869,left,True,0.5782233476638794,0.8312654495239258,1.5120255625333812e-07,-0.012642521411180496,0.07292027771472931,-0.02651025541126728,0.5578821,0.5578821,observed,1.0,0.577162,0.759788,False
77.38,3869,right,False,,,,,,,,,,0.0,,,False
77.5,3875,left,False,,,,,,,,,,0.0,,,False
77.5,3875,right,False,,,,,,,,,,0.0,,,False
77.64,3882,left,False,,,,,,,,,,0.0,,,False
77.64,3882,right,False,,,,,,,,,,0.0,,,False
77.76,3888,left,False,,,,,,,,,,0.0,,,False
77.76,3888,right,False,,,,,,,,,,0.0,,,False
77.88,3894,left,False,,,,,,,,,,0.0,,,False
77.88,3894,right,False,,,,,,,,,,0.0,,,False
78.0,3900,left,False,,,,,,,,,,0.0,,,False
78.0,3900,right,False,,,,,,,,,,0.0,,,False
78.14,3907,left,False,,,,,,,,,,0.0,,,False
78.14,3907,right,False,,,,,,,,,,0.0,,,False
78.26,3913,left,False,,,,,,,,,,0.0,,,False
78.26,3913,right,False,,,,,,,,,,0.0,,,False
78.38,3919,left,False,,,,,,,,,,0.0,,,False
78.38,3919,right,False,,,,,,,,,,0.0,,,False
78.5,3925,left,False,,,,,,,,,,0.0,,,False
78.5,3925,right,False,,,,,,,,,,0.0,,,False
78.64,3932,left,False,,,,,,,,,,0.0,,,False
78.64,3932,right,True,0.21035194396972656,0.9557114839553833,3.691538097427838e-07,-0.0002546533942222595,0.08519699424505234,0.005634760949760675,,,,0.0,0.209853,0.800085,False
78.76,3938,left,False,,,,,,,,,,0.0,,,False
78.76,3938,right,True,0.23713023960590363,0.9092143177986145,4.150661538915301e-07,0.0040677860379219055,0.08279290050268173,0.0050368295051157475,0.1518932,0.1477078,observed,1.0,0.236339,0.75065,False
78.88,3944,left,False,,,,,,,,,,0.0,,,False
78.88,3944,right,True,0.2345450222492218,0.8656895160675049,4.078988240507897e-07,0.0031728765461593866,0.08617328852415085,0.007199344225227833,0.0540624,0.2112374,observed,1.0,0.233742,0.705716,False
79.0,3950,left,False,,,,,,,,,,0.0,,,False
79.0,3950,right,True,0.15611562132835388,0.8005161285400391,3.3981243063863076e-07,0.0295652374625206,0.07667025923728943,0.04736582562327385,0.7730929,0.2938317,observed,1.0,0.122347,0.636242,False
79.14,3957,left,False,,,,,,,,,,0.0,,,False
79.14,3957,right,False,,,,,,,,,,0.0,,,False
79.26,3963,left,False,,,,,,,,,,0.0,,,False
79.26,3963,right,False,,,,,,,,,,0.0,,,False
79.38,3969,left,False,,,,,,,,,,0.0,,,False
79.38,3969,right,False,,,,,,,,,,0.0,,,False
79.5,3975,left,False,,,,,,,,,,0.0,,,False
79.5,3975,right,False,,,,,,,,,,0.0,,,False
79.64,3982,left,False,,,,,,,,,,0.0,,,False
79.64,3982,right,False,,,,,,,,,,0.0,,,False
79.76,3988,left,False,,,,,,,,,,0.0,,,False
79.76,3988,right,False,,,,,,,,,,0.0,,,False
79.88,3994,left,True,0.5496700406074524,0.6305696368217468,5.9402562868626774e-08,-0.014977710321545601,0.07051150500774384,0.04744788259267807,,,,0.0,0.553938,0.477349,False
79.88,3994,right,False,,,,,,,,,,0.0,,,False
80.0,4000,left,True,0.37452593445777893,0.44470036029815674,1.6900486343729426e-07,-0.009298176504671574,0.05387803167104721,0.038068611174821854,1.286438,0.745345,observed,1.0,0.377922,0.254896,False
80.0,4000,right,False,,,,,,,,,,0.0,,,False
80.14,4007,left,True,0.29985982179641724,0.36440178751945496,3.30490422584262e-07,-0.007255546748638153,0.08048392087221146,0.045763809233903885,0.4837161,0.5640827,observed,1.0,0.293711,0.151427,False
80.14,4007,right,True,0.270820289850235,0.29557883739471436,2.4969833134491637e-07,-0.0026507768779993057,0.05205278843641281,0.052998315542936325,,,,0.0,0.274632,0.135045,False
80.26,4013,left,True,0.25438329577445984,0.290493369102478,-5.4270948623980075e-08,0.003590865060687065,0.07880622893571854,0.052206240594387054,0.3852001,0.4537088,observed,1.0,0.236479,0.065744,False
80.26,4013,right,False,,,,,,,0.1267106,0.1283964,interpolated_for_motion,0.4,0.237669,0.158553,True
80.38,4019,left,True,0.2378615140914917,0.3603437840938568,1.3720099723002477e-08,0.017011472955346107,0.05566442757844925,0.04751602187752724,0.4557453,0.438505,observed,1.0,0.20906,0.16674,False
80.38,4019,right,True,0.2220974862575531,0.3310927748680115,3.2035481467573845e-07,0.016553321853280067,0.06175925210118294,0.051151856780052185,0.1300821,0.1283964,interpolated_for_motion,0.4,0.206796,0.179881,False
80.5,4025,left,False,,,,,,,,,,0.0,,,False
80.5,4025,right,False,,,,,,,,,,0.0,,,False
80.64,4032,left,False,,,,,,,,,,0.0,,,False
80.64,4032,right,False,,,,,,,,,,0.0,,,False
80.76,4038,left,False,,,,,,,,,,0.0,,,False
80.76,4038,right,False,,,,,,,,,,0.0,,,False
80.88,4044,left,False,,,,,,,,,,0.0,,,False
80.88,4044,right,False,,,,,,,,,,0.0,,,False
81.0,4050,left,False,,,,,,,,,,0.0,,,False
81.0,4050,right,False,,,,,,,,,,0.0,,,False
81.14,4057,left,False,,,,,,,,,,0.0,,,False
81.14,4057,right,True,0.48901623487472534,0.9098837375640869,-4.5587988495299214e-08,-0.014839948154985905,0.07082051038742065,-0.03435210511088371,,,,0.0,0.494812,0.820583,False
81.26,4063,left,False,,,,,,,,,,0.0,,,False
81.26,4063,right,True,0.5270177125930786,0.9203133583068848,-6.220486881147735e-08,-0.014079038985073566,0.06592506915330887,0.00417747488245368,0.0380297,0.0380297,observed,1.0,0.531453,0.829422,False
81.38,4069,left,False,,,,,,,,,,0.0,,,False
81.38,4069,right,False,,,,,,,,,,0.0,,,False
81.5,4075,left,False,,,,,,,,,,0.0,,,False
81.5,4075,right,False,,,,,,,,,,0.0,,,False
81.64,4082,left,False,,,,,,,,,,0.0,,,False
81.64,4082,right,False,,,,,,,,,,0.0,,,False
81.76,4088,left,False,,,,,,,,,,0.0,,,False
81.76,4088,right,False,,,,,,,,,,0.0,,,False
81.88,4094,left,False,,,,,,,,,,0.0,,,False
81.88,4094,right,True,0.3103947937488556,0.9626816511154175,2.1087134882691316e-07,0.005572100169956684,0.07615140080451965,0.03743625059723854,,,,0.0,0.305463,0.849452,False
82.0,4100,left,True,0.6255967617034912,0.8294344544410706,-1.7257872286791098e-07,0.004831818863749504,0.0779324620962143,-0.019904864951968193,,,,0.0,0.62438,0.739813,False
82.0,4100,right,False,,,,,,,,,,0.0,,,False
82.14,4107,left,True,0.5969907641410828,0.7435591220855713,-2.3304257013023744e-07,0.0029321331530809402,0.069932721555233,-0.018329493701457977,0.4376628,0.190292,observed,1.0,0.596173,0.668151,False
82.14,4107,right,False,,,,,,,,,,0.0,,,False
82.26,4113,left,True,0.620868444442749,0.7430391907691956,-2.0121231614211865e-07,0.0058055841363966465,0.06067850813269615,-0.06772571802139282,0.0889512,0.1432769,observed,1.0,0.618043,0.675335,False
82.26,4113,right,False,,,,,,,,,,0.0,,,False
82.38,4119,left,True,0.6335864067077637,0.7684769034385681,-1.1077370487555527e-07,0.005820946767926216,0.026570389047265053,-0.08087792992591858,0.0987436,0.1105685,observed,1.0,0.627902,0.696424,False
82.38,4119,right,False,,,,,,,,,,0.0,,,False
82.5,4125,left,False,,,,,,,,,,0.0,,,False
82.5,4125,right,False,,,,,,,,,,0.0,,,False
82.64,4132,left,False,,,,,,,,,,0.0,,,False
82.64,4132,right,True,0.4221068024635315,1.000404953956604,2.603525786071259e-07,-0.005174310877919197,0.07297151535749435,0.022893281653523445,,,,0.0,0.420157,0.876009,False
82.76,4138,left,False,,,,,,,,,,0.0,,,False
82.76,4138,right,True,0.4331277012825012,1.006419062614441,3.7339776781664114e-07,-0.01829327642917633,0.04853339493274689,0.03456626459956169,0.2893003,0.1605957,observed,1.0,0.447422,0.882349,False
82.88,4144,left,False,,,,,,,,,,0.0,,,False
82.88,4144,right,True,0.43574583530426025,0.9844381213188171,3.085459070462093e-07,-0.017920775339007378,0.06361039727926254,0.04623573273420334,0.0930909,0.1411676,observed,1.0,0.448241,0.861934,False
83.0,4150,left,False,,,,,,,,,,0.0,,,False
83.0,4150,right,True,0.40726998448371887,0.986160933971405,2.38691995946283e-07,-0.022361189126968384,0.057611510157585144,0.03959028795361519,0.121817,0.1386215,observed,1.0,0.425442,0.869679,False
83.14,4157,left,False,,,,,,,,,,0.0,,,False
83.14,4157,right,True,0.36927640438079834,0.9922570586204529,3.3521084219501063e-07,-0.021864501759409904,0.05862414836883545,0.0520886592566967,0.1743488,0.1658072,observed,1.0,0.385786,0.878071,False
83.26,4163,left,True,0.3480032980442047,0.9867774844169617,3.5194483416489675e-07,-0.009081403724849224,0.0791897252202034,0.03344858065247536,,,,0.0,0.352383,0.861074,False
83.26,4163,right,True,0.32007601857185364,0.9832180738449097,3.0094935254965094e-07,-0.008113209158182144,0.07386746257543564,0.04745669290423393,0.3863578,0.1729641,observed,1.0,0.327336,0.856537,False
83.38,4169,left,False,,,,,,,,,,0.0,,,False
83.38,4169,right,True,0.29032233357429504,0.9575526714324951,3.607103451486182e-07,-0.011994915083050728,0.07551498711109161,0.021727608516812325,0.1847569,0.1478981,observed,1.0,0.298185,0.825336,False
83.5,4175,left,False,,,,,,,,,,0.0,,,False
83.5,4175,right,True,0.27670344710350037,0.9352145791053772,1.2507747726431262e-07,-0.01136764045804739,0.057888422161340714,0.0304386205971241,0.0459672,0.0931085,observed,1.0,0.283007,0.815786,False
83.64,4182,left,False,,,,,,,,,,0.0,,,False
83.64,4182,right,True,0.2710147500038147,0.9305335283279419,7.986366767909203e-08,-0.006035433150827885,0.04285075515508652,0.01976053975522518,0.026361,0.1045006,observed,1.0,0.272153,0.816345,False
83.76,4188,left,False,,,,,,,,,,0.0,,,False
83.76,4188,right,True,0.30010467767715454,0.9240423440933228,1.410241452504124e-07,-0.0032530175521969795,0.05986331030726433,0.027273910120129585,0.2258292,0.1744347,observed,1.0,0.299338,0.805272,False
83.88,4194,left,True,0.35844215750694275,0.8720611333847046,1.6042166350871412e-07,-0.030598627403378487,0.06527151167392731,0.00438595050945878,,,,0.0,0.375733,0.808874,False
83.88,4194,right,True,0.32551029324531555,0.9259154796600342,1.8140798374588485e-07,-0.01811216212809086,0.0746779665350914,0.021352795884013176,0.2164061,0.2091499,observed,1.0,0.333515,0.811238,False
84.0,4200,left,False,,,,,,,0.0967323,0.096489,interpolated_for_motion,0.4,0.384857,0.782912,True
84.0,4200,right,True,0.3685699701309204,0.9096753001213074,1.891659593411532e-07,-0.03079873137176037,0.08780763298273087,0.006071505602449179,0.3972424,0.2174543,observed,1.0,0.388288,0.800698,False
84.14,4207,left,True,0.38198721408843994,0.8699027895927429,1.6964854410161934e-07,-0.015498452819883823,0.09102360904216766,-0.0038350855465978384,0.0963714,0.0830431,interpolated_for_motion,0.4,0.39143,0.75248,False
84.14,4207,right,True,0.39197444915771484,0.8225967288017273,3.89278191903486e-08,-0.015589377842843533,0.0709952786564827,0.0016931967111304402,0.2098366,0.2087909,observed,1.0,0.395823,0.733767,False
84.26,4213,left,False,,,,,,,0.057009,0.0694083,interpolated_for_motion,0.4,0.387606,0.731014,True
84.26,4213,right,True,0.3881753385066986,0.8254944682121277,2.414768971448211e-07,-0.005373440682888031,0.09837270528078079,-0.03125951811671257,0.0571774,0.2427592,observed,1.0,0.392578,0.711886,False
84.38,4219,left,True,0.39409390091896057,0.8126782774925232,2.720115332977002e-07,0.013057790696620941,0.07563947886228561,-0.01765037700533867,0.0566865,0.068106,interpolated_for_motion,0.4,0.384024,0.721776,False
84.38,4219,right,True,0.6226275563240051,0.8381364345550537,1.128390323401618e-07,0.011847086250782013,0.08222108334302902,-0.024721719324588776,1.5527372,0.3644722,observed,1.0,0.60572,0.740418,False
84.5,4225,left,True,0.38342568278312683,0.8046495914459229,2.670649337233044e-07,0.033407364040613174,0.0719274953007698,-0.026444312185049057,0.1227163,0.0752822,observed,1.0,0.366098,0.726549,False
84.5,4225,right,True,0.6379636526107788,0.8609427213668823,1.7911691685412734e-08,0.011600244790315628,0.08389782160520554,-0.037149231880903244,0.1723276,0.5614323,observed,1.0,0.624293,0.759551,False
84.64,4232,left,False,,,,,,,,,,0.0,,,False
84.64,4232,right,False,,,,,,,,,,0.0,,,False
84.76,4238,left,False,,,,,,,,,,0.0,,,False
84.76,4238,right,False,,,,,,,,,,0.0,,,False
84.88,4244,left,False,,,,,,,,,,0.0,,,False
84.88,4244,right,False,,,,,,,,,,0.0,,,False
85.0,4250,left,False,,,,,,,,,,0.0,,,False
85.0,4250,right,False,,,,,,,,,,0.0,,,False
85.14,4257,left,False,,,,,,,,,,0.0,,,False
85.14,4257,right,False,,,,,,,,,,0.0,,,False
85.26,4263,left,False,,,,,,,,,,0.0,,,False
85.26,4263,right,False,,,,,,,,,,0.0,,,False
85.38,4269,left,False,,,,,,,,,,0.0,,,False
85.38,4269,right,False,,,,,,,,,,0.0,,,False
85.5,4275,left,False,,,,,,,,,,0.0,,,False
85.5,4275,right,False,,,,,,,,,,0.0,,,False
85.64,4282,left,False,,,,,,,,,,0.0,,,False
85.64,4282,right,True,0.27512243390083313,0.9574241638183594,2.3728917142307182e-07,-0.02656165324151516,0.09314967691898346,0.008590899407863617,,,,0.0,0.295234,0.854833,False
85.76,4288,left,True,0.6497072577476501,0.6706460118293762,-2.1279939232954348e-07,0.062427956610918045,0.0596315860748291,0.00515341479331255,,,,0.0,0.607803,0.611676,False
85.76,4288,right,True,0.2794843316078186,0.9204562306404114,4.619864455435163e-07,-0.007800905033946037,0.08952221274375916,0.028124503791332245,0.3926845,0.5969111,observed,1.0,0.287651,0.791409,False
85.88,4294,left,True,0.6516549587249756,0.6769850254058838,-3.1260334321103755e-09,0.055411070585250854,0.057927682995796204,-0.007298821583390236,0.027407,0.1294022,observed,1.0,0.614501,0.633814,False
85.88,4294,right,False,,,,,,,0.6749059,0.6383161,interpolated_for_motion,0.4,0.306155,0.660233,True
86.0,4300,left,True,0.6346727013587952,0.6846492886543274,2.5256758462433027e-08,0.046639759093523026,0.06228689104318619,-0.014674287289381027,0.2271674,0.142808,observed,1.0,0.599021,0.626336,False
86.0,4300,right,True,0.31164318323135376,0.6197078227996826,-2.162891554746693e-08,-0.037813715636730194,0.08874349296092987,0.0008463183185085654,0.6947536,0.6679664,interpolated_for_motion,0.4,0.331045,0.52266,False
86.14,4307,left,True,0.6168942451477051,0.7152382135391235,-3.4356364864152056e-08,0.03512638807296753,0.05660843476653099,-0.024229178205132484,0.1327551,0.1635266,observed,1.0,0.584039,0.665058,False
86.14,4307,right,False,,,,,,,,,,0.0,,,False
86.26,4313,left,False,,,,,,,,,,0.0,,,False
86.26,4313,right,False,,,,,,,,,,0.0,,,False
86.38,4319,left,False,,,,,,,,,,0.0,,,False
86.38,4319,right,False,,,,,,,,,,0.0,,,False
86.5,4325,left,False,,,,,,,,,,0.0,,,False
86.5,4325,right,False,,,,,,,,,,0.0,,,False
86.64,4332,left,False,,,,,,,,,,0.0,,,False
86.64,4332,right,False,,,,,,,,,,0.0,,,False
86.76,4338,left,True,0.6239069104194641,0.6940500140190125,-1.6308439398926566e-07,0.04497308284044266,0.059619273990392685,-0.030992897227406502,,,,0.0,0.597988,0.6179,False
86.76,4338,right,False,,,,,,,,,,0.0,,,False
86.88,4344,left,True,0.6308799386024475,0.69050133228302,7.057663253817736e-08,0.03587381914258003,0.06052533537149429,0.05465128272771835,0.0320763,0.1005465,observed,1.0,0.60367,0.602592,False
86.88,4344,right,False,,,,,,,,,,0.0,,,False
87.0,4350,left,True,0.6071907877922058,0.7016228437423706,-2.3457536713067384e-07,0.03145939111709595,0.06924040615558624,-0.035034991800785065,0.1483111,0.1168953,observed,1.0,0.582783,0.587965,False
87.0,4350,right,True,0.33021318912506104,0.6341183185577393,-9.933883404755761e-08,-0.051218412816524506,0.042571112513542175,-0.020417464897036552,,,,0.0,0.36478,0.575101,False
87.14,4357,left,True,0.6241114735603333,0.673505961894989,-1.982301682801335e-07,0.028708508238196373,0.06433955579996109,-0.028232311829924583,0.1169593,0.128863,observed,1.0,0.600078,0.56676,False
87.14,4357,right,True,0.3540969491004944,0.6531187295913696,-1.6007412284579914e-08,-0.038062579929828644,0.03819140046834946,-0.007573210634291172,0.1139285,0.1139285,observed,1.0,0.384541,0.588903,False
87.26,4363,left,True,0.6070312857627869,0.7190052270889282,-2.2383710529538803e-07,0.02953297458589077,0.06661573797464371,-0.008990481495857239,0.200502,0.1167024,observed,1.0,0.582168,0.604358,False
87.26,4363,right,False,,,,,,,,,,0.0,,,False
87.38,4369,left,True,0.5941808223724365,0.7121144533157349,-2.476591873801226e-07,0.026475690305233,0.07390647381544113,-0.028477562591433525,0.0811701,0.1000299,observed,1.0,0.571838,0.591473,False
87.38,4369,right,False,,,,,,,,,,0.0,,,False
87.5,4375,left,True,0.5929505825042725,0.7124009728431702,-2.0775721054633323e-07,0.02088312804698944,0.07365751266479492,0.0013428385136649013,0.0936043,0.0731252,observed,1.0,0.575205,0.599907,False
87.5,4375,right,False,,,,,,,,,,0.0,,,False
87.64,4382,left,True,0.5845087766647339,0.7062398195266724,-1.5961204269387963e-07,0.020588962361216545,0.0768134668469429,-0.017791515216231346,0.0208826,0.0446889,observed,1.0,0.56613,0.596462,False
87.64,4382,right,False,,,,,,,,,,0.0,,,False
87.76,4388,left,True,0.5839449763298035,0.7049537301063538,-1.1723243176220421e-07,0.028104525059461594,0.07661876082420349,-0.01330975629389286,0.0128604,0.061594,observed,1.0,0.561588,0.596622,False
87.76,4388,right,False,,,,,,,,,,0.0,,,False
87.88,4394,left,True,0.6208484768867493,0.7362058162689209,-1.924925356888707e-07,0.024917442351579666,0.058717578649520874,0.022741401568055153,0.3208334,0.1024684,observed,1.0,0.595397,0.633411,False
87.88,4394,right,False,,,,,,,,,,0.0,,,False
88.0,4400,left,False,,,,,,,,,,0.0,,,False
88.0,4400,right,False,,,,,,,,,,0.0,,,False
88.14,4407,left,False,,,,,,,,,,0.0,,,False
88.14,4407,right,False,,,,,,,,,,0.0,,,False
88.26,4413,left,False,,,,,,,,,,0.0,,,False
88.26,4413,right,False,,,,,,,,,,0.0,,,False
88.38,4419,left,False,,,,,,,,,,0.0,,,False
88.38,4419,right,False,,,,,,,,,,0.0,,,False
88.5,4425,left,False,,,,,,,,,,0.0,,,False
88.5,4425,right,False,,,,,,,,,,0.0,,,False
88.64,4432,left,True,0.6840587258338928,0.8178366422653198,-4.2168764480265963e-08,0.049941275268793106,0.07022160291671753,0.03509340062737465,,,,0.0,0.646725,0.732862,False
88.64,4432,right,False,,,,,,,,,,0.0,,,False
88.76,4438,left,True,0.6727671027183533,0.7836887240409851,-2.758279116221729e-08,0.04819389805197716,0.06752809882164001,0.014200766570866108,0.1719369,0.1160666,observed,1.0,0.633298,0.689255,False
88.76,4438,right,False,,,,,,,,,,0.0,,,False
88.88,4444,left,True,0.663777232170105,0.745358407497406,-9.312982740539155e-08,0.048082027584314346,0.06379979103803635,0.014626583084464073,0.0948529,0.1045653,observed,1.0,0.629588,0.658261,False
88.88,4444,right,False,,,,,,,,,,0.0,,,False
89.0,4450,left,True,0.6531676054000854,0.7169527411460876,-1.3333294646145077e-07,0.040915802121162415,0.0634254440665245,0.005741642322391272,0.0911334,0.0925699,observed,1.0,0.625214,0.633764,False
89.0,4450,right,False,,,,,,,,,,0.0,,,False
89.14,4457,left,True,0.6405249834060669,0.7025502324104309,-1.4855429242288665e-07,0.04073939472436905,0.06008102744817734,-0.02094862423837185,0.0804622,0.0739772,observed,1.0,0.612784,0.626344,False
89.14,4457,right,False,,,,,,,,,,0.0,,,False
89.26,4463,left,True,0.6285826563835144,0.686711847782135,-1.2579845076743368e-07,0.03827971592545509,0.059342604130506516,-0.041030656546354294,0.0490537,0.0610065,observed,1.0,0.605135,0.620206,False
89.26,4463,right,False,,,,,,,,,,0.0,,,False
89.38,4469,left,True,0.6261355876922607,0.6689240336418152,-1.3235599283234478e-07,0.042786456644535065,0.06567168980836868,-0.027750937268137932,0.0541471,0.0558686,observed,1.0,0.602737,0.604115,False
89.38,4469,right,False,,,,,,,,,,0.0,,,False
89.5,4475,left,True,0.627853274345398,0.6559103727340698,-1.4227738631689135e-07,0.037773557007312775,0.0687616616487503,-0.05534333735704422,0.0688459,0.05402,observed,1.0,0.60735,0.587369,False
89.5,4475,right,False,,,,,,,,,,0.0,,,False
89.64,4482,left,True,0.6319151520729065,0.64115971326828,-1.7038721011886082e-07,0.03703092038631439,0.07279691100120544,-0.058682288974523544,0.051915,0.0522858,observed,1.0,0.613089,0.570145,False
89.64,4482,right,True,0.41193506121635437,0.6098684072494507,4.9540432200956275e-08,-0.030512001365423203,0.056993890553712845,0.01552832406014204,,,,0.0,0.431948,0.522971,False
89.76,4488,left,True,0.6348532438278198,0.632514476776123,-1.291262776703661e-07,0.029172413051128387,0.07263951003551483,-0.06647589802742004,0.0535942,0.0482128,observed,1.0,0.6196,0.557261,False
89.76,4488,right,True,0.4146394729614258,0.6055476665496826,-3.103239976098848e-08,-0.029098045080900192,0.05841956287622452,-0.0300817359238863,0.0373693,0.0327867,observed,1.0,0.434339,0.530311,False
89.88,4494,left,True,0.637069821357727,0.6292774081230164,-1.6477713415952167e-07,0.023537158966064453,0.06380850821733475,-0.0611070841550827,0.0392193,0.043469,observed,1.0,0.622997,0.553483,False
89.88,4494,right,True,0.4097605049610138,0.5955119729042053,-9.62598090126221e-09,-0.03737882524728775,0.06155012920498848,-0.0044397590681910515,0.0142517,0.0400652,observed,1.0,0.433167,0.526253,False
90.0,4500,left,True,0.6396892070770264,0.6327526569366455,-1.985455639896827e-07,0.017743997275829315,0.06005393713712692,-0.06722208857536316,0.0376356,0.0402659,observed,1.0,0.627803,0.55518,False
90.0,4500,right,True,0.4040365517139435,0.5986787676811218,1.3601711756905388e-08,-0.028642654418945312,0.06422299891710281,-0.013443974778056145,0.082642,0.0561256,observed,1.0,0.422068,0.530882,False
90.14,4507,left,True,0.6345333456993103,0.6335211992263794,-1.7831942500379228e-07,0.008864549919962883,0.04647497087717056,-0.10540200769901276,0.0541688,0.0436312,observed,1.0,0.620446,0.559098,False
90.14,4507,right,True,0.41071411967277527,0.6087499856948853,-7.902570331452807e-08,-0.024387652054429054,0.03301201015710831,-0.07125731557607651,0.0585939,0.0673931,observed,1.0,0.428514,0.545055,False
90.26,4513,left,True,0.624248743057251,0.62965989112854,-1.889042096081539e-07,0.015078041702508926,0.04445713385939598,-0.06263487040996552,0.0400086,0.0529867,observed,1.0,0.616051,0.557367,False
90.26,4513,right,True,0.425149142742157,0.6190292835235596,-4.714806323136145e-08,-0.03027808666229248,0.06075825169682503,-0.038967158645391464,0.0831319,0.0568073,observed,1.0,0.440698,0.543104,False
90.38,4519,left,True,0.6232408285140991,0.6215830445289612,-1.589696125847695e-07,0.014802903868258,0.04762943461537361,-0.0640803799033165,0.0512084,0.0691935,observed,1.0,0.611974,0.543474,False
90.38,4519,right,True,0.4309997260570526,0.612924337387085,-5.242690548357132e-08,-0.0235508494079113,0.06635850667953491,-0.022733496502041817,0.0164093,0.0423163,observed,1.0,0.441848,0.5363,False
90.5,4525,left,True,0.61516273021698,0.6094290614128113,-5.6573917106561566e-08,0.03522077202796936,0.07115720957517624,0.0065030851401388645,0.1440816,0.1034687,observed,1.0,0.592595,0.528802,False
90.5,4525,right,True,0.41895195841789246,0.6103930473327637,-6.854569534198163e-08,-0.03360079228878021,0.05298168212175369,-0.04993944615125656,0.035816,0.0310337,observed,1.0,0.436301,0.537015,False
90.64,4532,left,True,0.5992869138717651,0.5971638560295105,3.052178598750288e-08,0.034014713019132614,0.0664181262254715,0.03518380969762802,0.123016,0.1284286,observed,1.0,0.575919,0.510014,False
90.64,4532,right,True,0.42161908745765686,0.5975015163421631,-5.744424935727466e-10,-0.03227243945002556,0.0604911744594574,-0.028201792389154434,0.0262233,0.026416,observed,1.0,0.435794,0.527862,False
90.76,4538,left,True,0.5941656231880188,0.5708366632461548,-7.150293868107838e-08,0.03878764063119888,0.07758685946464539,0.030425725504755974,0.1449201,0.1110172,observed,1.0,0.567309,0.47084,False
90.76,4538,right,True,0.4162759780883789,0.5895827412605286,-6.111255146379335e-08,-0.0301858838647604,0.06296969205141068,0.01678839512169361,0.0159072,0.027012,observed,1.0,0.43358,0.520389,False
90.88,4544,left,True,0.5895583033561707,0.5583564043045044,-1.787806667152836e-07,0.03680920600891113,0.06751740723848343,0.038531266152858734,0.0693805,0.0882485,observed,1.0,0.560625,0.453758,False
90.88,4544,right,True,0.4093059003353119,0.5851296782493591,-4.282668442101567e-08,-0.032200999557971954,0.04490784555673599,0.022399885579943657,0.0421947,0.0278038,observed,1.0,0.426761,0.525994,False
91.0,4550,left,True,0.5911841988563538,0.5708494186401367,-2.7011185466108145e-07,0.0417536199092865,0.0692782998085022,0.021176952868700027,0.0676398,0.0759433,observed,1.0,0.557375,0.471744,False
91.0,4550,right,False,,,,,,,,,,0.0,,,False
91.14,4557,left,True,0.5955584645271301,0.5862641930580139,-1.728960938862656e-07,0.037356868386268616,0.05370599031448364,0.037635739892721176,0.1072576,0.0789123,observed,1.0,0.560736,0.499103,False
91.14,4557,right,False,,,,,,,,,,0.0,,,False
91.26,4563,left,True,0.5844653844833374,0.5772555470466614,-6.705396771167216e-08,0.04633688926696777,0.06922157108783722,0.055415332317352295,0.0820292,0.0789664,observed,1.0,0.550103,0.48472,False
91.26,4563,right,False,,,,,,,,,,0.0,,,False
91.38,4569,left,True,0.5735914707183838,0.5741317272186279,-9.91842057374015e-08,0.0435013473033905,0.07393167912960052,0.030560944229364395,0.0789618,0.0717436,observed,1.0,0.5411,0.472405,False
91.38,4569,right,False,,,,,,,,,,0.0,,,False
91.5,4575,left,True,0.5685745477676392,0.5723598003387451,-1.7792369533253805e-07,0.03771618381142616,0.07130508869886398,-0.0074101658537983894,0.0474334,0.0546857,observed,1.0,0.538508,0.462805,False
91.5,4575,right,False,,,,,,,,,,0.0,,,False
91.64,4582,left,True,0.5709656476974487,0.5630338191986084,-1.9023438824206096e-07,0.03403456136584282,0.07156430929899216,-0.009511754848062992,0.0087876,0.0288699,observed,1.0,0.541951,0.455608,False
91.64,4582,right,False,,,,,,,,,,0.0,,,False
91.76,4588,left,True,0.5703986287117004,0.5533568263053894,-2.129262526295861e-07,0.03813772648572922,0.07136973738670349,-0.012664972804486752,0.0314886,0.0205412,observed,1.0,0.540827,0.444292,False
91.76,4588,right,False,,,,,,,,,,0.0,,,False
91.88,4594,left,True,0.569874107837677,0.548980712890625,-2.3484999189804512e-07,0.03791604936122894,0.07092766463756561,-0.03621133416891098,0.0095998,0.0213359,observed,1.0,0.541736,0.439941,False
91.88,4594,right,False,,,,,,,,,,0.0,,,False
92.0,4600,left,True,0.5725106000900269,0.5418829917907715,-2.4829219569255656e-07,0.03697662800550461,0.07136192172765732,-0.02741886116564274,0.0264815,0.0226138,observed,1.0,0.543601,0.427363,False
92.0,4600,right,False,,,,,,,,,,0.0,,,False
92.14,4607,left,True,0.5783510208129883,0.539357602596283,-2.4672189624652674e-07,0.03648370876908302,0.06873656809329987,-0.026325024664402008,0.0223665,0.0228519,observed,1.0,0.548177,0.425389,False
92.14,4607,right,False,,,,,,,,,,0.0,,,False
92.26,4613,left,True,0.5743738412857056,0.5400338172912598,-2.4074077487057366e-07,0.036239877343177795,0.07208472490310669,-0.029988789930939674,0.0108077,0.0347765,observed,1.0,0.547469,0.425359,False
92.26,4613,right,False,,,,,,,,,,0.0,,,False
92.38,4619,left,True,0.5803025364875793,0.5420808792114258,-2.4267589537885215e-07,0.03977370634675026,0.0760468989610672,-0.01648867130279541,0.0294905,0.0673586,observed,1.0,0.549571,0.428352,False
92.38,4619,right,False,,,,,,,,,,0.0,,,False
92.5,4625,left,True,0.6080828905105591,0.5392105579376221,-2.168383019807152e-07,0.035624340176582336,0.063446044921875,0.02584250085055828,0.1836767,0.1308204,observed,1.0,0.573779,0.433386,False
92.5,4625,right,False,,,,,,,,,,0.0,,,False
92.64,4632,left,True,0.6276850700378418,0.5642403960227966,-3.129909487142868e-07,0.03650323674082756,0.04505063593387604,-0.002879466162994504,0.2407154,0.1604054,observed,1.0,0.593326,0.489731,False
92.64,4632,right,False,,,,,,,,,,0.0,,,False
92.76,4638,left,True,0.6401922702789307,0.5819362998008728,-2.385099833190907e-07,0.04973141849040985,0.0676407441496849,-0.02038545534014702,0.1308229,0.1183864,observed,1.0,0.607716,0.500229,False
92.76,4638,right,False,,,,,,,,,,0.0,,,False
92.88,4644,left,True,0.6400609612464905,0.5725178718566895,-1.6066482544374594e-07,0.048923131078481674,0.07195928692817688,-0.0204163808375597,0.0527676,0.0786467,observed,1.0,0.609166,0.491012,False
92.88,4644,right,False,,,,,,,,,,0.0,,,False
93.0,4650,left,True,0.6393925547599792,0.5761089324951172,-1.4748046339718712e-07,0.05106009542942047,0.06912495195865631,-0.016944261267781258,0.0140788,0.0504068,observed,1.0,0.607473,0.493616,False
93.0,4650,right,False,,,,,,,,,,0.0,,,False
93.14,4657,left,True,0.6384931802749634,0.5801430940628052,-1.2648033020923322e-07,0.04861412197351456,0.06033230200409889,-0.025888735428452492,0.0411376,0.0461872,observed,1.0,0.604415,0.508775,False
93.14,4657,right,False,,,,,,,,,,0.0,,,False
93.26,4663,left,True,0.6284760236740112,0.5884839296340942,-7.431139437130696e-08,0.03520762547850609,0.041126612573862076,-0.0224001482129097,0.093817,0.0538273,observed,1.0,0.596031,0.526767,False
93.26,4663,right,False,,,,,,,,,,0.0,,,False
93.38,4669,left,True,0.6198891997337341,0.5954368710517883,2.625648853893381e-08,0.04230984300374985,0.0494263581931591,-0.007996930740773678,0.0540877,0.0596786,observed,1.0,0.589443,0.531884,False
93.38,4669,right,True,0.38081783056259155,0.5975204706192017,-7.298719140180765e-08,-0.06428593397140503,0.05161968618631363,-0.000832358084153384,,,,0.0,0.4273,0.536079,False
93.5,4675,left,True,0.6132978796958923,0.5882998704910278,2.1133787697635853e-07,0.039447035640478134,0.06486380100250244,0.011147689074277878,0.0636411,0.0629901,observed,1.0,0.58613,0.524386,False
93.5,4675,right,True,0.3908703029155731,0.6097114086151123,2.232924742884279e-07,-0.05801947042346001,0.04709544777870178,0.0030378999654203653,0.0717971,0.0722024,observed,1.0,0.429789,0.55426,False
93.64,4682,left,True,0.6068987846374512,0.5849089026451111,1.9321768718327803e-07,0.025868596509099007,0.05136192962527275,-0.03353036195039749,0.0675199,0.0631952,observed,1.0,0.583001,0.514301,False
93.64,4682,right,True,0.4036448299884796,0.5984691977500916,1.27708830177653e-07,-0.0617259256541729,0.05081435292959213,0.024756373837590218,0.0730406,0.0734656,observed,1.0,0.440838,0.534176,False
93.76,4688,left,True,0.6107339859008789,0.5886887907981873,1.8450133154601644e-07,0.028028912842273712,0.027139723300933838,-0.03666553273797035,0.0416426,0.0607064,observed,1.0,0.580787,0.514205,False
93.76,4688,right,True,0.40318772196769714,0.5855973362922668,-4.057857694306222e-08,-0.06841833144426346,0.040957242250442505,-0.005603717174381018,0.0252903,0.0779956,observed,1.0,0.442052,0.528734,False
93.88,4694,left,True,0.601779580116272,0.6065018177032471,-3.992048647205593e-08,0.04319651797413826,0.05785828083753586,-0.02535533346235752,0.1304405,0.0603294,observed,1.0,0.569531,0.527588,False
93.88,4694,right,True,0.40505367517471313,0.5669369101524353,7.238899968342594e-08,-0.04490862414240837,0.056755393743515015,-0.017884964123368263,0.1589072,0.0838694,observed,1.0,0.429493,0.498807,False
94.0,4700,left,True,0.5986906290054321,0.6107537746429443,-2.4396928210990154e-07,0.023524712771177292,0.05097265541553497,-0.028406759724020958,0.0334251,0.0664524,observed,1.0,0.575896,0.52408,False
94.0,4700,right,True,0.4055982530117035,0.5472463369369507,4.050860269444456e-08,-0.03117990493774414,0.06756018102169037,-0.01675931178033352,0.0892299,0.0809605,observed,1.0,0.422303,0.479689,False
94.14,4707,left,False,,,,,,,,,,0.0,,,False
94.14,4707,right,True,0.4102211892604828,0.543980598449707,-1.733533139258725e-08,-0.02689409628510475,0.06467340886592865,-0.02368853986263275,0.0332401,0.0576953,observed,1.0,0.423923,0.477492,False
94.26,4713,left,False,,,,,,,,,,0.0,,,False
94.26,4713,right,True,0.40778565406799316,0.5420637130737305,-3.888460042844599e-08,-0.02704591490328312,0.06713245809078217,-0.027687327936291695,0.0580582,0.0429692,observed,1.0,0.4226,0.477773,False
94.38,4719,left,False,,,,,,,,,,0.0,,,False
94.38,4719,right,True,0.4084218144416809,0.5395342707633972,-4.690748767188779e-08,-0.034355126321315765,0.05712122842669487,-0.029421597719192505,0.0304122,0.0395879,observed,1.0,0.428245,0.479382,False
94.5,4725,left,False,,,,,,,,,,0.0,,,False
94.5,4725,right,True,0.4138030707836151,0.5463381409645081,-2.2645401998033776e-08,-0.035599708557128906,0.059076134115457535,-0.010877914726734161,0.0464558,0.0359054,observed,1.0,0.43355,0.48856,False
94.64,4732,left,True,0.40591245889663696,0.5536498427391052,5.099428102006698e-10,-0.04158082976937294,0.05653514340519905,0.013843017630279064,,,,0.0,0.432144,0.485606,False
94.64,4732,right,True,0.41006675362586975,0.5467556715011597,1.7768725157907284e-08,-0.040856946259737015,0.062073349952697754,0.007653710898011923,0.0238587,0.0330238,observed,1.0,0.432157,0.489216,False
94.76,4738,left,True,0.6179732084274292,0.582743227481842,7.851697603200591e-08,0.04580283537507057,0.05656573921442032,-0.0015977740986272693,1.0781003,0.3336794,observed,1.0,0.587546,0.520641,False
94.76,4738,right,True,0.4151604175567627,0.5415771007537842,2.462768478039834e-08,-0.051081106066703796,0.03592953085899353,0.022134436294436455,0.0345204,0.033547,observed,1.0,0.443214,0.496459,False
94.88,4744,left,True,0.6270596385002136,0.5860700011253357,2.4385457209064043e-08,0.05218064785003662,0.0510791540145874,-0.0013516128528863192,0.0201415,0.1919219,observed,1.0,0.591485,0.527803,False
94.88,4744,right,True,0.4255580008029938,0.5534854531288147,7.445461136512677e-08,-0.05656580626964569,0.04945968836545944,0.03712911158800125,0.0324868,0.0334602,observed,1.0,0.451048,0.504287,False
95.0,4750,left,True,0.6425461173057556,0.5940682888031006,-1.2496415013885098e-09,0.06544814258813858,0.05924179404973984,-0.00024094402033369988,0.0680841,0.0764076,observed,1.0,0.603493,0.538285,False
95.0,4750,right,True,0.43227434158325195,0.5689419507980347,5.8544930681136975e-08,-0.04438754916191101,0.06082689389586449,0.030952511355280876,0.0579221,0.0297687,observed,1.0,0.454236,0.513837,False
95.14,4757,left,True,0.6495131254196167,0.5994185209274292,6.114983364113868e-08,0.059237875044345856,0.06293472647666931,0.007653560023754835,0.0310484,0.0323535,observed,1.0,0.60966,0.538097,False
95.14,4757,right,True,0.4357737600803375,0.5753501057624817,-1.2354880674081414e-08,-0.04274402931332588,0.06599201261997223,0.009466291405260563,0.0152046,0.0220683,observed,1.0,0.456277,0.516654,False
95.26,4763,left,True,0.6524221897125244,0.5981155633926392,5.7790348506614464e-08,0.07893125712871552,0.06162448599934578,0.02106928639113903,0.020198,0.0372938,observed,1.0,0.606546,0.537924,False
95.26,4763,right,True,0.43271833658218384,0.568118155002594,3.688375116439602e-08,-0.04173840209841728,0.061858076602220535,0.012494341470301151,0.0182616,0.021087,observed,1.0,0.453861,0.510924,False
95.38,4769,left,True,0.6489275097846985,0.6047801971435547,1.0868097177763048e-07,0.09324391186237335,0.05859168991446495,0.02128482423722744,0.0741543,0.0439556,observed,1.0,0.603114,0.553418,False
95.38,4769,right,True,0.4315575659275055,0.5599583983421326,-2.8978252686329142e-08,-0.04662173613905907,0.031137939542531967,0.007112410850822926,0.0300879,0.024597,observed,1.0,0.458534,0.515235,False
95.5,4775,left,True,0.6479972004890442,0.6130273342132568,1.3069774240648258e-07,0.10404617339372635,0.06332841515541077,0.02448507584631443,0.050201,0.0437168,observed,1.0,0.600563,0.563569,False
95.5,4775,right,True,0.42141982913017273,0.5518264174461365,-2.5400233027994545e-08,-0.06459305435419083,0.013814326375722885,0.008669093251228333,0.0261326,0.0325382,observed,1.0,0.460168,0.521217,False
95.64,4782,left,True,0.6530551314353943,0.61896151304245,1.9489780811454693e-07,0.1030479371547699,0.061547331511974335,0.013745458796620369,0.027673,0.0323984,observed,1.0,0.604474,0.571089,False
95.64,4782,right,True,0.41719502210617065,0.5565584897994995,5.091660426614908e-08,-0.06447125226259232,0.01903361827135086,-0.001099571119993925,0.0489233,0.0434821,observed,1.0,0.455415,0.526094,False
95.76,4788,left,True,0.6534832119941711,0.6182870268821716,1.873670214536105e-07,0.11180216819047928,0.060035593807697296,0.026569901034235954,0.0210167,0.0261779,observed,1.0,0.603489,0.571233,False
95.76,4788,right,True,0.41786372661590576,0.5613449811935425,1.4842864004549483e-07,-0.0587230883538723,0.024714330211281776,0.019509969279170036,0.0515135,0.0436067,observed,1.0,0.451191,0.522069,False
95.88,4794,left,True,0.6565665602684021,0.6195197105407715,1.9485999303014978e-07,0.09086862206459045,0.060686346143484116,0.013958603143692017,0.0313422,0.0258787,observed,1.0,0.607716,0.571015,False
95.88,4794,right,True,0.41982385516166687,0.5520456433296204,6.221143422635578e-08,-0.06499285250902176,0.01859753020107746,0.03025575913488865,0.032619,0.0379356,observed,1.0,0.45559,0.522474,False
96.0,4800,left,True,0.6573643088340759,0.6196720004081726,1.9839535525534302e-07,0.09806251525878906,0.06490099430084229,0.019983084872364998,0.0197728,0.0305151,observed,1.0,0.607574,0.569424,False
96.0,4800,right,True,0.4167901575565338,0.5540264248847961,1.318304612141219e-07,-0.05996464937925339,0.01885051839053631,0.006638302933424711,0.0255039,0.0385303,observed,1.0,0.452054,0.520922,False
96.14,4807,left,True,0.6564981937408447,0.614940881729126,1.4197280506778043e-07,0.05852479860186577,0.0659649595618248,0.02393059805035591,0.1170168,0.0493789,observed,1.0,0.615379,0.54523,False
96.14,4807,right,True,0.4225693345069885,0.5674803853034973,2.8614238090085564e-07,-0.035025618970394135,0.05224023014307022,0.025716088712215424,0.0534991,0.0573646,observed,1.0,0.444255,0.515643,False
96.26,4813,left,True,0.6501699686050415,0.6140857338905334,1.4527519454077265e-07,0.0407043918967247,0.05947534367442131,-0.016764096915721893,0.0410268,0.0613026,observed,1.0,0.614388,0.536942,False
96.26,4813,right,True,0.4382512867450714,0.5660788416862488,8.142328766780338e-08,-0.02926955744624138,0.0718575194478035,0.015025747008621693,0.1153905,0.0724751,observed,1.0,0.451078,0.494197,False
96.38,4819,left,True,0.6542105078697205,0.6009511351585388,1.820422994569526e-07,0.031627655029296875,0.04224487021565437,-0.023612450808286667,0.0770832,0.0646069,observed,1.0,0.622331,0.529457,False
96.38,4819,right,False,,,,,,,,,,0.0,,,False
96.5,4825,left,True,0.6575928330421448,0.5945338010787964,1.3140827093138796e-07,0.03644360229372978,0.051891397684812546,-0.005277665797621012,0.0526002,0.0648072,observed,1.0,0.623309,0.519841,False
96.5,4825,right,False,,,,,,,,,,0.0,,,False
96.64,4832,left,True,0.6714954972267151,0.5821547508239746,-8.798560213740814e-10,0.049038633704185486,0.06431601941585541,0.015128552913665771,0.1064346,0.0541762,observed,1.0,0.636002,0.50478,False
96.64,4832,right,False,,,,,,,,,,0.0,,,False
96.76,4838,left,True,0.6657602190971375,0.5867522954940796,-5.6354686250870145e-08,0.047579653561115265,0.07862085103988647,0.006149342283606529,0.0203763,0.0451849,observed,1.0,0.635312,0.498453,False
96.76,4838,right,False,,,,,,,,,,0.0,,,False
96.88,4844,left,True,0.6611405611038208,0.5916900634765625,-1.3536134702007985e-07,0.03685905411839485,0.06996297091245651,-0.0090079540386796,0.040669,0.0470509,observed,1.0,0.635153,0.504381,False
96.88,4844,right,False,,,,,,,,,,0.0,,,False
97.0,4850,left,True,0.6615340709686279,0.6019212007522583,-9.639603604227887e-08,0.038315895944833755,0.07575162500143051,-0.007611933629959822,0.0644173,0.0548588,observed,1.0,0.635808,0.51759,False
97.0,4850,right,False,,,,,,,,,,0.0,,,False
97.14,4857,left,True,0.656051754951477,0.6109635829925537,-7.426753967365585e-08,0.04257698357105255,0.08148263394832611,-0.006271840073168278,0.0621576,0.0513139,observed,1.0,0.627957,0.526617,False
97.14,4857,right,False,,,,,,,,,,0.0,,,False
97.26,4863,left,True,0.6476532816886902,0.6063920259475708,-3.5094480210773327e-08,0.0389183945953846,0.07623904943466187,0.0019899853505194187,0.0334494,0.0356356,observed,1.0,0.621861,0.523472,False
97.26,4863,right,False,,,,,,,,,,0.0,,,False
97.38,4869,left,True,0.6456250548362732,0.6042404770851135,-3.421724059649023e-08,0.03822292387485504,0.08065162599086761,0.011661388911306858,0.0174139,0.0242495,observed,1.0,0.621345,0.522621,False
97.38,4869,right,False,,,,,,,,,,0.0,,,False
97.5,4875,left,True,0.6457708477973938,0.6001113653182983,4.801685715705162e-10,0.03669276833534241,0.08198101818561554,0.005751891992986202,0.0064019,0.0162161,observed,1.0,0.621689,0.518519,False
97.5,4875,right,False,,,,,,,,,,0.0,,,False
97.64,4882,left,True,0.6487375497817993,0.5997728705406189,-1.0313613074686145e-08,0.03877793997526169,0.08133794367313385,0.0007449367549270391,0.0163723,0.0158189,observed,1.0,0.622993,0.51842,False
97.64,4882,right,True,0.4094773530960083,0.5634703040122986,-1.1642214303719811e-07,-0.02257223054766655,0.07050063461065292,-0.01902989111840725,,,,0.0,0.425595,0.451963,False
97.76,4888,left,True,0.6476340293884277,0.602037787437439,-2.1905865565940985e-08,0.03656870126724243,0.07749206572771072,0.012827625498175621,0.0094005,0.0282203,observed,1.0,0.622712,0.518759,False
97.76,4888,right,True,0.4131139814853668,0.5639868378639221,-3.139600934787268e-08,-0.018065154552459717,0.07620907574892044,-0.011902199126780033,0.0281567,0.023021,observed,1.0,0.426081,0.457637,False
97.88,4894,left,True,0.6540043354034424,0.6072955131530762,-4.654476981613698e-08,0.04950764775276184,0.07975710928440094,0.009021065197885036,0.0522901,0.0479032,observed,1.0,0.619654,0.530147,False
97.88,4894,right,True,0.41109177470207214,0.5613245368003845,-7.358062248385977e-08,-0.0215595755726099,0.07339055836200714,-0.015792347490787506,0.0119383,0.0249089,observed,1.0,0.426235,0.460573,False
98.0,4900,left,True,0.6545745134353638,0.609652578830719,-9.396354982982302e-08,0.063206247985363,0.0675826370716095,0.02247631549835205,0.0821424,0.0718935,observed,1.0,0.613587,0.546203,False
98.0,4900,right,True,0.4121084213256836,0.5631008744239807,-8.688225960895579e-08,-0.023623500019311905,0.07194764912128448,-0.01914641074836254,0.0267893,0.031037,observed,1.0,0.427523,0.467818,False
98.14,4907,left,True,0.6419469714164734,0.6125027537345886,-3.1995192273370776e-08,0.06097780913114548,0.06095937266945839,0.016641970723867416,0.0923135,0.0946387,observed,1.0,0.602432,0.557141,False
98.14,4907,right,True,0.4085824191570282,0.5622611045837402,-8.300061438148987e-08,-0.024050287902355194,0.06626622378826141,-0.024521103128790855,0.0473278,0.0425403,observed,1.0,0.422315,0.472624,False
98.26,4913,left,True,0.62973952293396,0.5951678156852722,-1.153575794887729e-07,0.05877787619829178,0.05735737085342407,0.03014777973294258,0.1060435,0.100682,observed,1.0,0.59288,0.539421,False
98.26,4913,right,True,0.40927478671073914,0.5594992637634277,-7.873072149777727e-08,-0.01899191364645958,0.056314580142498016,-0.040246572345495224,0.0472641,0.0469064,observed,1.0,0.418531,0.475247,False
98.38,4919,left,True,0.6166830062866211,0.5820236802101135,-1.6229378729804012e-07,0.05428732559084892,0.06388863921165466,0.021900508552789688,0.1079064,0.0980427,observed,1.0,0.584446,0.521416,False
98.38,4919,right,True,0.40380337834358215,0.5589147806167603,-1.0082302992486802e-07,-0.01654650829732418,0.051605019718408585,-0.02347593754529953,0.0427778,0.0459929,observed,1.0,0.414956,0.475753,False
98.5,4925,left,True,0.6212226748466492,0.5808343291282654,-2.3386621705867583e-07,0.050147004425525665,0.0599624328315258,0.020495038479566574,0.0295052,0.0880509,observed,1.0,0.591338,0.520127,False
98.5,4925,right,True,0.39662420749664307,0.5525294542312622,-9.66524851264694e-08,-0.02060537412762642,0.04965706542134285,-0.015003598295152187,0.0470179,0.0452095,observed,1.0,0.410901,0.474309,False
98.64,4932,left,True,0.6410483121871948,0.5756082534790039,-2.6100201466761064e-07,0.06020159646868706,0.0668245181441307,0.018033966422080994,0.0787961,0.105861,observed,1.0,0.607127,0.514309,False
98.64,4932,right,True,0.40248048305511475,0.5470385551452637,-6.295967125424795e-08,-0.028610970824956894,0.03674233704805374,0.005011291708797216,0.0387474,0.0703136,observed,1.0,0.419612,0.479314,False
98.76,4938,left,True,0.6598228216171265,0.5871206521987915,-1.7804885033001483e-07,0.052355993539094925,0.061202842742204666,0.006291915196925402,0.1584786,0.1387351,observed,1.0,0.627834,0.525691,False
98.76,4938,right,True,0.40645086765289307,0.5405266880989075,1.5669932906803297e-07,-0.04647979885339737,0.05842473357915878,0.005822006147354841,0.1184731,0.0970414,observed,1.0,0.436891,0.478317,False
98.88,4944,left,True,0.6849527359008789,0.6075446009635925,2.0918052712204371e-07,0.07084331661462784,0.04827483743429184,-0.04243350401520729,0.1741778,0.1573579,observed,1.0,0.641311,0.566788,False
98.88,4944,right,True,0.4242555499076843,0.568794846534729,1.7509434258045076e-07,-0.04234014078974724,0.06275922060012817,0.002091732108965516,0.1567075,0.1026193,observed,1.0,0.452445,0.512331,False
99.0,4950,left,True,0.7023782134056091,0.6199710369110107,3.0068500223023875e-07,0.10217194259166718,0.05274311453104019,-0.040034737437963486,0.0736191,0.1457275,observed,1.0,0.650851,0.573811,False
99.0,4950,right,True,0.42798012495040894,0.5816610455513,1.3408796917246946e-07,-0.05095068737864494,0.05919326841831207,-0.003109744982793927,0.0729252,0.0901532,observed,1.0,0.461286,0.520175,False
99.14,4957,left,True,0.7151976823806763,0.6219954490661621,-1.2731501897178532e-07,0.0510224774479866,0.061435163021087646,0.019923150539398193,0.2149634,0.1088303,observed,1.0,0.681243,0.550473,False
99.14,4957,right,True,0.42409300804138184,0.5780326128005981,1.81827019218872e-07,-0.04841979593038559,0.07086122035980225,0.027373671531677246,0.0755862,0.077965,observed,1.0,0.450471,0.511171,False
99.26,4963,left,True,0.701115608215332,0.6448068618774414,-2.2265678012445278e-07,0.03620736300945282,0.056000005453825,-0.04420541226863861,0.0628227,0.0982157,observed,1.0,0.672253,0.567391,False
99.26,4963,right,True,0.4133888781070709,0.5752831101417542,6.347437420117785e-08,-0.028743775561451912,0.07036243379116058,-0.01468371320515871,0.1651286,0.0848482,observed,1.0,0.430193,0.493634,False
99.38,4969,left,True,0.6741211414337158,0.6521511077880859,-2.12632556895187e-07,0.029561681672930717,0.06042401120066643,-0.043086711317300797,0.112307,0.1034241,observed,1.0,0.654327,0.575044,False
99.38,4969,right,True,0.4051128923892975,0.5791642665863037,4.496726191405287e-08,-0.025047754868865013,0.07356573641300201,-0.0005659469752572477,0.045649,0.0906597,observed,1.0,0.421938,0.502796,False
99.5,4975,left,True,0.6646167039871216,0.6354485750198364,-1.769560498132705e-07,0.019059542566537857,0.05055889114737511,-0.07924877107143402,0.0969362,0.1178209,observed,1.0,0.649014,0.56063,False
99.5,4975,right,True,0.3811565041542053,0.6043870449066162,8.13736278360011e-08,-0.04476843774318695,0.052375659346580505,0.021879617124795914,0.1104944,0.089283,observed,1.0,0.415582,0.537186,False
99.64,4982,left,True,0.686863899230957,0.6381800770759583,-2.458440633290593e-07,0.0203675776720047,0.04686339944601059,-0.04395083338022232,0.1544452,0.1408101,observed,1.0,0.670213,0.560054,False
99.64,4982,right,False,,,,,,,,,,0.0,,,False
99.76,4988,left,True,0.6963249444961548,0.6604287028312683,-2.1221281087946409e-07,0.007869847118854523,0.038508180528879166,-0.06070026010274887,0.1642164,0.1351185,observed,1.0,0.686682,0.573005,False
99.76,4988,right,False,,,,,,,,,,0.0,,,False
99.88,4994,left,True,0.7069655060768127,0.6742170453071594,-1.7685398745470593e-07,0.01603488251566887,0.056805431842803955,-0.04366617649793625,0.0965123,0.1136682,observed,1.0,0.69216,0.577436,False
99.88,4994,right,False,,,,,,,,,,0.0,,,False
100.0,5000,left,True,0.7183847427368164,0.6521877646446228,-8.658902572733496e-08,0.021834557875990868,0.053714122623205185,-0.038356952369213104,0.089855,0.096064,observed,1.0,0.701315,0.549334,False
100.0,5000,right,False,,,,,,,,,,0.0,,,False
100.14,5007,left,True,0.7455352544784546,0.6595503091812134,-7.187277617504151e-08,0.024196306243538857,0.06826628744602203,-0.012042379006743431,0.0740208,0.1377335,observed,1.0,0.722229,0.552647,False
100.14,5007,right,False,,,,,,,,,,0.0,,,False
100.26,5013,left,True,0.8002899289131165,0.688194751739502,-4.5137170445741503e-08,0.030388928949832916,0.07038269937038422,0.011176107451319695,0.2130496,0.2098127,observed,1.0,0.767596,0.573474,False
100.26,5013,right,False,,,,,,,,,,0.0,,,False
100.38,5019,left,True,0.8576093912124634,0.7239356637001038,-5.690300497462886e-08,0.030323071405291557,0.07040438055992126,0.017232447862625122,0.3016019,0.2646665,observed,1.0,0.823611,0.602094,False
100.38,5019,right,False,,,,,,,,,,0.0,,,False
100.5,5025,left,True,0.8841719627380371,0.7852067351341248,-7.158863013501104e-08,0.019723672419786453,0.06666358560323715,0.010726307518780231,0.30822,0.2814636,observed,1.0,0.864174,0.64988,False
100.5,5025,right,False,,,,,,,,,,0.0,,,False
100.64,5032,left,True,0.8502429723739624,0.8354842066764832,-1.405185940939191e-07,0.004542630165815353,0.08461079746484756,0.03643769398331642,0.1636906,0.2191432,observed,1.0,0.845979,0.694826,False
100.64,5032,right,False,,,,,,,,,,0.0,,,False
100.76,5038,left,True,0.8131908178329468,0.8648740649223328,-1.70516187836256e-07,-0.00339718721807003,0.08582865446805954,0.02776036411523819,0.2402521,0.1395847,observed,1.0,0.814104,0.738112,False
100.76,5038,right,False,,,,,,,,,,0.0,,,False
100.88,5044,left,True,0.8078790307044983,0.8776280879974365,-1.2400226978570572e-07,-0.0038647560868412256,0.07857350260019302,0.019643152132630348,0.0201794,0.0776363,observed,1.0,0.80766,0.756205,False
100.88,5044,right,True,0.4672885835170746,0.8136364221572876,1.5156096822011023e-07,-0.07246855646371841,0.03926973417401314,0.011176480911672115,,,,0.0,0.50775,0.771727,False
101.0,5050,left,True,0.7995068430900574,0.8924988508224487,-8.851943533727535e-08,-0.0025870222598314285,0.0782754197716713,0.02082894556224346,0.0285646,0.0377809,observed,1.0,0.798807,0.774812,False
101.0,5050,right,False,,,,,,,,,,0.0,,,False
101.14,5057,left,True,0.7857380509376526,0.9227456450462341,-7.492121056884571e-08,-0.006266699638217688,0.07963376492261887,0.01767774112522602,0.0354165,0.0296556,observed,1.0,0.786907,0.802617,False
101.14,5057,right,False,,,,,,,,,,0.0,,,False
101.26,5063,left,True,0.7659980654716492,0.9282573461532593,-3.728753483756009e-08,-0.007848934270441532,0.07882518321275711,0.01017978135496378,0.0286005,0.0321568,observed,1.0,0.769855,0.802261,False
101.26,5063,right,False,,,,,,,,,,0.0,,,False
101.38,5069,left,True,0.746680498123169,0.9113787412643433,-4.291598898475968e-08,-0.013358691707253456,0.08098296821117401,0.024899214506149292,0.031731,0.0364742,observed,1.0,0.757356,0.787213,False
101.38,5069,right,False,,,,,,,,,,0.0,,,False
101.5,5075,left,True,0.7297959923744202,0.899144172668457,-1.1634985241926188e-07,-0.016437267884612083,0.0770660936832428,0.020199263468384743,0.0508829,0.0442657,observed,1.0,0.742993,0.77344,False
101.5,5075,right,False,,,,,,,,,,0.0,,,False
101.64,5082,left,True,0.7194551229476929,0.899958610534668,-1.445793742504975e-07,-0.019316082820296288,0.07850443571805954,0.02122379094362259,0.0507132,0.0476947,observed,1.0,0.733583,0.771869,False
101.64,5082,right,False,,,,,,,,,,0.0,,,False
101.76,5088,left,True,0.7238698601722717,0.9232035279273987,-1.643121123606761e-07,-0.017721086740493774,0.08165046572685242,0.018529370427131653,0.0451118,0.041135,observed,1.0,0.734894,0.79089,False
101.76,5088,right,False,,,,,,,,,,0.0,,,False
101.88,5094,left,True,0.7158044576644897,0.9371861219406128,-5.911334355346298e-08,-0.015422447584569454,0.07823356240987778,0.021335860714316368,0.0287356,0.0340561,observed,1.0,0.726031,0.800555,False
101.88,5094,right,False,,,,,,,,,,0.0,,,False
102.0,5100,left,True,0.7069236636161804,0.947361946105957,-5.9533498131258966e-08,-0.01577766239643097,0.08029762655496597,0.02956339158117771,0.0137931,0.0288737,observed,1.0,0.718288,0.808487,False
102.0,5100,right,False,,,,,,,,,,0.0,,,False
102.14,5107,left,True,0.7024886608123779,0.9589430689811707,-1.0557792506915575e-07,-0.015052677132189274,0.08087195456027985,0.01775408163666725,0.0272548,0.0259289,observed,1.0,0.711887,0.816632,False
102.14,5107,right,False,,,,,,,,,,0.0,,,False
102.26,5113,left,True,0.6983851790428162,0.9677311182022095,-1.3864389813988964e-07,-0.01202080212533474,0.07813912630081177,0.019264748319983482,0.0313589,0.0209098,observed,1.0,0.706432,0.822132,False
102.26,5113,right,True,0.4484148323535919,0.7723857760429382,-8.905715986884388e-08,-0.015143981203436852,0.06324798613786697,-0.0008211743552237749,,,,0.0,0.452962,0.696475,False
102.38,5119,left,True,0.6956596374511719,0.9849687218666077,-1.2991181108645833e-07,-0.012189764529466629,0.08292992413043976,0.029820872470736504,0.0077752,0.0141417,observed,1.0,0.703733,0.836035,False
102.38,5119,right,False,,,,,,,0.3689245,0.3688652,interpolated_for_motion,0.4,0.495698,0.681255,True
102.5,5125,left,True,0.6921773552894592,1.0040656328201294,-1.2263188864380936e-07,-0.012560440227389336,0.08779308944940567,0.03572600334882736,0.0077967,0.011519,observed,1.0,0.7021,0.860512,False
102.5,5125,right,True,0.526359498500824,0.7361606359481812,1.1260847543326236e-07,-0.037771377712488174,0.05981746315956116,0.05428644269704819,0.368839,0.3286748,interpolated_for_motion,0.4,0.540252,0.673687,False
102.64,5132,left,True,0.6765353679656982,1.046986699104309,-1.547661838685599e-07,-0.018738722428679466,0.07937430590391159,0.0452570840716362,0.0516609,0.029049,observed,1.0,0.700007,0.921132,False
102.64,5132,right,False,,,,,,,0.2027292,0.2423075,interpolated_for_motion,0.4,0.500343,0.741295,True
102.76,5138,left,True,0.6752449870109558,1.0610086917877197,-1.0559595864378934e-07,-0.022424668073654175,0.07561558485031128,0.05276006832718849,0.0182203,0.051876,observed,1.0,0.701829,0.936688,False
102.76,5138,right,False,,,,,,,0.2059868,0.2035225,interpolated_for_motion,0.4,0.472411,0.765487,True
102.88,5144,left,True,0.6753559708595276,1.0351513624191284,-1.3836503498509956e-08,-0.015240823850035667,0.08513126522302628,0.04292833060026169,0.0804401,0.0679325,observed,1.0,0.691055,0.902632,False
102.88,5144,right,False,,,,,,,0.202558,0.2028269,interpolated_for_motion,0.4,0.443419,0.765335,True
103.0,5150,left,True,0.6702325344085693,1.0037297010421753,-6.031818600149563e-08,-0.012238631956279278,0.08523963391780853,0.024516019970178604,0.0790522,0.068975,observed,1.0,0.68086,0.870684,False
103.0,5150,right,True,0.4177635610103607,0.8367980718612671,6.237575433942766e-08,-0.008899549953639507,0.06395279616117477,0.046759866178035736,0.1987564,0.2016957,interpolated_for_motion,0.4,0.418292,0.764927,False
103.14,5157,left,True,0.6750881671905518,1.0060408115386963,-1.3979766322336218e-07,-0.014317257329821587,0.08080625534057617,0.02379406988620758,0.0110548,0.0431611,observed,1.0,0.689512,0.871589,False
103.14,5157,right,True,0.3916994035243988,0.8081495761871338,1.8332532647491462e-07,-0.006450000684708357,0.07790070027112961,0.02576134353876114,0.2472503,0.2214765,observed,1.0,0.395053,0.720744,False
103.26,5163,left,True,0.6889441609382629,1.0099164247512817,-1.2282987427170156e-07,-0.012318707071244717,0.0779552012681961,0.02888747677206993,0.0433375,0.0246516,observed,1.0,0.700719,0.872451,False
103.26,5163,right,True,0.38763946294784546,0.7729949355125427,2.525745799175638e-07,0.015941500663757324,0.08086676895618439,0.03362228721380234,0.1894879,0.2603289,observed,1.0,0.379322,0.68278,False
103.38,5169,left,True,0.6920127272605896,1.0107898712158203,-7.403897228641654e-08,-0.013986263424158096,0.08964952826499939,0.0300816148519516,0.0186451,0.0185473,observed,1.0,0.704636,0.874669,False
103.38,5169,right,False,,,,,,,0.3261227,0.2972309,interpolated_for_motion,0.4,0.411198,0.741697,True
103.5,5175,left,True,0.6901867985725403,1.0113650560379028,-9.905510012231389e-08,-0.0153693538159132,0.08158371597528458,0.03243982046842575,0.0037548,0.0142279,observed,1.0,0.70405,0.874138,False
103.5,5175,right,True,0.45256271958351135,0.8735748529434204,1.3172227752988874e-08,0.016078973188996315,0.06287994235754013,0.0033411053009331226,0.3288007,0.2754038,interpolated_for_motion,0.4,0.439731,0.799606,False
103.64,5182,left,True,0.6955036520957947,1.0111520290374756,-1.2603746313288866e-07,-0.013199935667216778,0.0789455845952034,0.026707608252763748,0.0120727,0.0118141,observed,1.0,0.708618,0.872191,False
103.64,5182,right,False,,,,,,,0.1288835,0.1801556,interpolated_for_motion,0.4,0.464524,0.811636,True
103.76,5188,left,True,0.7007905840873718,1.008864164352417,-1.256894677226228e-07,-0.012441109865903854,0.08450353890657425,0.025275185704231262,0.0117369,0.0117315,observed,1.0,0.71211,0.867173,False
103.76,5188,right,True,0.45932525396347046,0.8705126047134399,-6.588045664557285e-08,-0.039812177419662476,0.051648207008838654,0.05130200460553169,0.1281601,0.1572502,interpolated_for_motion,0.4,0.485991,0.818939,False
103.88,5194,left,True,0.7004843950271606,1.0022811889648438,-1.3728332248774677e-07,-0.01388839352875948,0.08193786442279816,0.028210682794451714,0.0116544,0.0117154,observed,1.0,0.711654,0.861319,False
103.88,5194,right,False,,,,,,,0.2158746,0.1875079,interpolated_for_motion,0.4,0.458461,0.798423,True
104.0,5200,left,True,0.6937078833580017,0.9936319589614868,-1.0304729869403673e-07,-0.01123772282153368,0.0815766379237175,0.028192264959216118,0.0531228,0.0181559,observed,1.0,0.700755,0.852799,False
104.0,5200,right,True,0.4086056649684906,0.8495146632194519,6.030255406130891e-08,-0.03600276634097099,0.06041767820715904,0.04160798341035843,0.2165805,0.1677251,interpolated_for_motion,0.4,0.424601,0.781358,False
104.14,5207,left,True,0.6939358115196228,0.994217038154602,-9.409381362956992e-08,-0.011243799701333046,0.08707010000944138,0.028008049353957176,0.0056079,0.0275085,observed,1.0,0.704154,0.853069,False
104.14,5207,right,False,,,,,,,0.0322181,0.0744336,interpolated_for_motion,0.4,0.42428,0.789423,True
104.26,5213,left,True,0.6963655948638916,0.994269073009491,-1.1120943099740543e-07,-0.013781329616904259,0.08508885651826859,0.027269337326288223,0.0398128,0.027121,observed,1.0,0.706066,0.854849,False
104.26,5213,right,False,,,,,,,0.0321517,0.053469,interpolated_for_motion,0.4,0.419708,0.793164,True
104.38,5219,left,True,0.6905055046081543,0.9896742701530457,-1.0756000534684063e-07,-0.014091506600379944,0.08062300831079483,0.03218543902039528,0.0226462,0.0237693,observed,1.0,0.700181,0.850178,False
104.38,5219,right,True,0.4023300111293793,0.8696438670158386,9.69449374110809e-08,-0.02463439106941223,0.04622706398367882,0.027495458722114563,0.0322,0.1169277,interpolated_for_motion,0.4,0.413476,0.800248,False
104.5,5225,left,True,0.6898930072784424,0.993038535118103,-8.7759531197662e-08,-0.013987718150019646,0.0846237987279892,0.03016366809606552,0.0189662,0.0228374,observed,1.0,0.699474,0.853506,False
104.5,5225,right,False,,,,,,,0.3572376,0.2468354,interpolated_for_motion,0.4,0.456409,0.757838,True
104.64,5232,left,True,0.703898549079895,0.9987714290618896,-9.22542398029691e-08,-0.012293953448534012,0.08467305451631546,0.02881036140024662,0.0234779,0.0233369,observed,1.0,0.712351,0.859415,False
104.64,5232,right,True,0.5047694444656372,0.7699754238128662,9.5594991478265e-08,-0.02408534288406372,0.06569725275039673,0.05243256315588951,0.3598277,0.3142079,interpolated_for_motion,0.4,0.512128,0.707351,False
104.76,5238,left,True,0.7116968035697937,0.9980327486991882,-8.953622909757541e-08,-0.011198579333722591,0.08491785079240799,0.027780966833233833,0.0236257,0.0235305,observed,1.0,0.720943,0.859683,False
104.76,5238,right,True,0.48382997512817383,0.7684382796287537,8.361794812117296e-08,-0.03304963931441307,0.06215643882751465,0.04076383635401726,0.1394771,0.2634365,observed,1.0,0.498306,0.705616,False
104.88,5244,left,True,0.7056342959403992,0.9876697659492493,-6.906142147045102e-08,-0.01248261146247387,0.08200717717409134,0.03528861701488495,0.0358717,0.0233901,observed,1.0,0.715091,0.85053,False
104.88,5244,right,False,,,,,,,0.2308007,0.2385617,interpolated_for_motion,0.4,0.474009,0.736301,True
105.0,5250,left,True,0.7026058435440063,0.983188271522522,-8.319615574237105e-08,-0.012061783112585545,0.0827661082148552,0.03335513919591904,0.0103449,0.0230535,observed,1.0,0.710894,0.845433,False
105.0,5250,right,True,0.4432417154312134,0.8428521156311035,-1.3330780923581642e-09,-0.004181725904345512,0.07535254210233688,0.02709147334098816,0.2295649,0.2650305,interpolated_for_motion,0.4,0.44731,0.770209,False
105.14,5257,left,True,0.6999248266220093,0.9909371733665466,-6.780661010452604e-08,-0.014898316003382206,0.08602511882781982,0.03515525162220001,0.0227592,0.0239237,observed,1.0,0.710051,0.853059,False
105.14,5257,right,False,,,,,,,0.3812619,0.3367673,interpolated_for_motion,0.4,0.500698,0.730039,True
105.26,5263,left,True,0.6990415453910828,1.0065925121307373,-8.370222559506146e-08,-0.018554791808128357,0.08357177674770355,0.039051104336977005,0.0637675,0.0257656,observed,1.0,0.712873,0.872457,False
105.26,5263,right,True,0.5308451056480408,0.7681406736373901,7.543152946709597e-08,-0.03564735874533653,0.06586790829896927,0.04927709698677063,0.3811536,0.3341573,interpolated_for_motion,0.4,0.543858,0.704757,False
105.38,5269,left,True,0.6968852281570435,1.022434949874878,-2.6943316910887916e-08,-0.022079434245824814,0.086588054895401,0.04602823406457901,0.025655,0.0272541,observed,1.0,0.714715,0.894121,False
105.38,5269,right,True,0.5336177945137024,0.7450639009475708,-4.927557384348802e-08,-0.03675652667880058,0.0689588263630867,0.0345379114151001,0.2068553,0.2840282,observed,1.0,0.551314,0.676837,False
105.5,5275,left,True,0.6994423866271973,1.0221844911575317,-4.376176221398964e-08,-0.024276545271277428,0.08368873596191406,0.04449969157576561,0.028309,0.0281282,observed,1.0,0.719883,0.895815,False
105.5,5275,right,True,0.5146867036819458,0.7394041419029236,2.7272472280515103e-08,-0.030554136261343956,0.0548250675201416,0.045671604573726654,0.2370319,0.2741782,observed,1.0,0.523644,0.697707,False
105.64,5282,left,True,0.6970072984695435,0.9925640821456909,2.2798705145987697e-08,-0.019158411771059036,0.08499832451343536,0.03705199062824249,0.0831935,0.0276441,observed,1.0,0.707988,0.861141,False
105.64,5282,right,False,,,,,,,0.3597655,0.3174605,interpolated_for_motion,0.4,0.471164,0.721466,True
105.76,5288,left,True,0.6893100142478943,0.9755439758300781,-2.390618725200966e-08,-0.016769925132393837,0.08298328518867493,0.03277062252163887,0.0264243,0.0259508,observed,1.0,0.701183,0.84428,False
105.76,5288,right,True,0.4198189377784729,0.8087002635002136,7.528320367100605e-08,-0.013613964430987835,0.05773385614156723,0.03278180584311485,0.3558918,0.3027288,interpolated_for_motion,0.4,0.424313,0.739979,False
105.88,5294,left,True,0.6890352964401245,0.9736047387123108,-6.935287899523246e-08,-0.018068447709083557,0.07694602012634277,0.03442968428134918,0.0260609,0.0229306,observed,1.0,0.70395,0.839787,False
105.88,5294,right,False,,,,,,,0.1926427,0.245988,interpolated_for_motion,0.4,0.448652,0.746887,True
106.0,5300,left,True,0.6919870972633362,0.974632740020752,-9.090044983395273e-08,-0.01669859141111374,0.08035354316234589,0.03033137321472168,0.0066508,0.0175431,observed,1.0,0.704876,0.836138,False
106.0,5300,right,False,,,,,,,0.1929133,0.2039028,interpolated_for_motion,0.4,0.474488,0.756969,True
106.14,5307,left,True,0.7010955810546875,0.9813295006752014,-1.1069258221141354e-07,-0.015186366625130177,0.0820489376783371,0.0328582264482975,0.0131243,0.0226391,observed,1.0,0.712619,0.842495,False
106.14,5307,right,False,,,,,,,0.1924029,0.1996712,interpolated_for_motion,0.4,0.510815,0.778349,True
106.26,5313,left,True,0.7107205986976624,0.9816363453865051,-1.0216610490942912e-07,-0.015537948347628117,0.07840604335069656,0.03187403455376625,0.0411371,0.0335592,observed,1.0,0.722856,0.842807,False
106.26,5313,right,True,0.4956037998199463,0.8478880524635315,-2.7805279501080804e-07,-0.07077270746231079,0.05428484082221985,0.014244223944842815,0.193238,0.2252617,interpolated_for_motion,0.4,0.540104,0.790312,False
106.38,5319,left,True,0.7187610864639282,0.976368248462677,-6.650694217569253e-08,-0.017840774729847908,0.08258496969938278,0.028809379786252975,0.0543609,0.038205,observed,1.0,0.732384,0.837584,False
106.38,5319,right,False,,,,,,,0.2920393,0.2595739,interpolated_for_motion,0.4,0.505326,0.762462,True
106.5,5325,left,True,0.7169275879859924,0.9726970791816711,-8.495049996781745e-08,-0.017599159851670265,0.0831209197640419,0.033257558941841125,0.0218816,0.0354428,observed,1.0,0.730004,0.831361,False
106.5,5325,right,False,,,,,,,0.2917035,0.2848575,interpolated_for_motion,0.4,0.464117,0.733136,True
106.64,5332,left,True,0.7102829217910767,0.9534496068954468,-5.806207425962384e-08,-0.018457094207406044,0.08539050817489624,0.03485080227255821,0.0369191,0.0271745,observed,1.0,0.724097,0.815615,False
106.64,5332,right,True,0.411459356546402,0.77547687292099,6.75329516752754e-08,-0.015496628358960152,0.07725785672664642,0.031492721289396286,0.2905187,0.2913173,interpolated_for_motion,0.4,0.419645,0.699753,False
106.76,5338,left,True,0.7058497071266174,0.942681074142456,-8.808216733768859e-08,-0.020665206015110016,0.08347738534212112,0.03188098222017288,0.0242654,0.0232391,observed,1.0,0.720663,0.806516,False
106.76,5338,right,False,,,,,,,,,,0.0,,,False
106.88,5344,left,True,0.7110597491264343,0.9434975981712341,-1.2622257372640888e-07,-0.019229035824537277,0.08159728348255157,0.030135782435536385,0.0027349,0.0201759,observed,1.0,0.726783,0.808357,False
106.88,5344,right,False,,,,,,,,,,0.0,,,False
107.0,5350,left,True,0.7169227004051208,0.9623914957046509,-9.589069094317892e-08,-0.019711988046765327,0.08268940448760986,0.032214369624853134,0.0297343,0.0175229,observed,1.0,0.732624,0.825661,False
107.0,5350,right,False,,,,,,,,,,0.0,,,False
107.14,5357,left,True,0.7178322672843933,0.9774891138076782,-9.884074358978978e-08,-0.02213071472942829,0.08170253038406372,0.03458089381456375,0.0085766,0.0207584,observed,1.0,0.735116,0.837179,False
107.14,5357,right,False,,,,,,,,,,0.0,,,False
107.26,5363,left,True,0.713532030582428,0.9864864945411682,-1.1053752757561597e-07,-0.02258439175784588,0.07534104585647583,0.027885252609848976,0.0243115,0.0246191,observed,1.0,0.731032,0.845598,False
107.26,5363,right,False,,,,,,,,,,0.0,,,False
107.38,5369,left,True,0.7103801965713501,0.9953553676605225,-1.2592296627644828e-07,-0.022002866491675377,0.07620526850223541,0.027783390134572983,0.0252549,0.0249473,observed,1.0,0.726451,0.8536,False
107.38,5369,right,True,0.41904333233833313,0.76185542345047,6.920260631204656e-08,0.0032731418032199144,0.06652364134788513,0.040302906185388565,,,,0.0,0.411646,0.677025,False
107.5,5375,left,True,0.7031090259552002,0.9990407228469849,-1.3391699837939086e-07,-0.02165057510137558,0.07830297946929932,0.0309379193931818,0.0302757,0.0263449,observed,1.0,0.719353,0.857913,False
107.5,5375,right,False,,,,,,,,,,0.0,,,False
107.64,5382,left,True,0.6929033994674683,1.0086133480072021,-8.306091814347383e-08,-0.020175045356154442,0.08012976497411728,0.033340662717819214,0.0203211,0.0331319,observed,1.0,0.707792,0.872649,False
107.64,5382,right,False,,,,,,,,,,0.0,,,False
107.76,5388,left,True,0.6856040358543396,1.0285959243774414,-1.3706016943615396e-07,-0.024461369961500168,0.08017801493406296,0.040787793695926666,0.0544944,0.0407494,observed,1.0,0.703443,0.897103,False
107.76,5388,right,False,,,,,,,,,,0.0,,,False
107.88,5394,left,True,0.6805071830749512,1.0522180795669556,-1.4188076136179006e-07,-0.023320186883211136,0.07851769775152206,0.04825497791171074,0.0389679,0.0448155,observed,1.0,0.70093,0.92508,False
107.88,5394,right,False,,,,,,,,,,0.0,,,False
108.0,5400,left,True,0.6903813481330872,1.086093783378601,-1.6022165993945237e-07,-0.022254548966884613,0.07819471508264542,0.04925129935145378,0.0585803,0.0476924,observed,1.0,0.710041,0.957749,False
108.0,5400,right,False,,,,,,,,,,0.0,,,False
108.14,5407,left,True,0.702214777469635,1.0941476821899414,-1.6283490822388558e-07,-0.01500613335520029,0.06943457573652267,0.0507805161178112,0.0321259,0.0476173,observed,1.0,0.720671,0.963929,False
108.14,5407,right,False,,,,,,,,,,0.0,,,False
108.26,5413,left,True,0.6997648477554321,1.0704833269119263,-9.035952075464593e-08,-0.013896794989705086,0.07528156042098999,0.04317554458975792,0.0743174,0.0445315,observed,1.0,0.714551,0.941046,False
108.26,5413,right,False,,,,,,,,,,0.0,,,False
108.38,5419,left,True,0.6844890117645264,1.063083529472351,-8.552550667673131e-08,-0.009589415974915028,0.07334686070680618,0.03959853947162628,0.0395783,0.0408214,observed,1.0,0.693939,0.931257,False
108.38,5419,right,False,,,,,,,,,,0.0,,,False
108.5,5425,left,True,0.6617045998573303,1.0628094673156738,-9.230293329665074e-08,-0.01106275524944067,0.07765674591064453,0.033772002905607224,0.0303811,0.0403957,observed,1.0,0.67241,0.935472,False
108.5,5425,right,False,,,,,,,,,,0.0,,,False
108.64,5432,left,True,0.64528888463974,1.0887032747268677,-7.143156466327127e-08,-0.005334791261702776,0.07282665371894836,0.04041849076747894,0.0701981,0.0406441,observed,1.0,0.653992,0.961148,False
108.64,5432,right,False,,,,,,,,,,0.0,,,False
108.76,5438,left,True,0.6473287343978882,1.1007052659988403,-3.976263940330682e-08,-0.004878787789493799,0.07141590118408203,0.03774356096982956,0.043134,0.0351306,observed,1.0,0.654942,0.967241,False
108.76,5438,right,False,,,,,,,,,,0.0,,,False
108.88,5444,left,True,0.6432483792304993,1.0902929306030273,-4.2104959518951546e-09,-0.005441609304398298,0.075804203748703,0.035789113491773605,0.0185904,0.0265938,observed,1.0,0.64908,0.947798,False
108.88,5444,right,False,,,,,,,,,,0.0,,,False
109.0,5450,left,True,0.6421708464622498,1.0632107257843018,2.2917658881738134e-08,-0.0037495652213692665,0.08830564469099045,0.026936113834381104,0.0147585,0.0243645,observed,1.0,0.647788,0.919382,False
109.0,5450,right,False,,,,,,,,,,0.0,,,False
109.14,5457,left,True,0.6378315687179565,1.013625979423523,3.646238511123556e-08,0.0022810562513768673,0.08675138652324677,0.03075161576271057,0.089885,0.0492866,observed,1.0,0.634913,0.866878,False
109.14,5457,right,False,,,,,,,,,,0.0,,,False
109.26,5463,left,True,0.6359169483184814,0.9830255508422852,-2.4980607804536703e-08,0.005414760205894709,0.08548039197921753,0.029084686189889908,0.0364315,0.0702122,observed,1.0,0.629622,0.84039,False
109.26,5463,right,False,,,,,,,,,,0.0,,,False
109.38,5469,left,True,0.6457688212394714,0.9863325357437134,-2.536142140741049e-08,0.0025582974776625633,0.08431769162416458,0.030212612822651863,0.0914501,0.0745269,observed,1.0,0.642549,0.84386,False
109.38,5469,right,False,,,,,,,,,,0.0,,,False
109.5,5475,left,True,0.6567378640174866,0.9989498257637024,-1.4765634048785614e-08,-0.004406374879181385,0.0866718590259552,0.040574174374341965,0.0722847,0.0677388,observed,1.0,0.658956,0.855643,False
109.5,5475,right,False,,,,,,,,,,0.0,,,False
109.64,5482,left,True,0.6888117790222168,0.9922378063201904,-1.449207616133208e-07,-0.00039570394437760115,0.07839012145996094,0.043610066175460815,0.0471717,0.0530391,observed,1.0,0.68913,0.844265,False
109.64,5482,right,False,,,,,,,,,,0.0,,,False
109.76,5488,left,True,0.7104196548461914,0.9579527378082275,-3.486966448917883e-08,-0.0033448231406509876,0.08523830026388168,0.040617987513542175,0.0472939,0.0470118,observed,1.0,0.712872,0.813963,False
109.76,5488,right,False,,,,,,,,,,0.0,,,False
109.88,5494,left,True,0.7185125946998596,0.9158087968826294,-1.2363784662738908e-08,-0.004471912048757076,0.08358883857727051,0.04882495850324631,0.0957547,0.0461699,observed,1.0,0.720737,0.771109,False
109.88,5494,right,False,,,,,,,,,,0.0,,,False
110.0,5500,left,True,0.7328541874885559,0.8874741792678833,-8.448867561128282e-08,-0.007231472991406918,0.08027806878089905,0.043580010533332825,0.0429818,0.0428108,observed,1.0,0.740024,0.744026,False
110.0,5500,right,False,,,,,,,,,,0.0,,,False
110.14,5507,left,True,0.7513529658317566,0.8745591640472412,-1.1652353038016372e-07,-0.008007626980543137,0.08005954325199127,0.040013525635004044,0.0358672,0.0368771,observed,1.0,0.756165,0.731804,False
110.14,5507,right,False,,,,,,,,,,0.0,,,False
110.26,5513,left,True,0.7670512199401855,0.8812767863273621,-1.3662840103734197e-07,-0.008690979331731796,0.08164159953594208,0.036209587007761,0.0266848,0.0326689,observed,1.0,0.773438,0.740998,False
110.26,5513,right,False,,,,,,,,,,0.0,,,False
110.38,5519,left,True,0.7800703644752502,0.8961357474327087,-1.5373923645256582e-07,-0.012845521792769432,0.07898201793432236,0.038288187235593796,0.0716432,0.0288662,observed,1.0,0.789245,0.756454,False
110.38,5519,right,False,,,,,,,,,,0.0,,,False
110.5,5525,left,True,0.7787407040596008,0.8963490724563599,-1.37437695002518e-07,-0.016030043363571167,0.08127044886350632,0.04184790328145027,0.0235664,0.0252199,observed,1.0,0.791646,0.756082,False
110.5,5525,right,False,,,,,,,,,,0.0,,,False
110.64,5532,left,True,0.7731322646141052,0.9005991220474243,-9.044700277627271e-08,-0.01865575462579727,0.08157992362976074,0.04239689186215401,0.0181575,0.0213214,observed,1.0,0.785885,0.765203,False
110.64,5532,right,True,0.4476851224899292,0.7412684559822083,1.6998683349811472e-08,0.03660774230957031,0.08477857708930969,0.02058291621506214,,,,0.0,0.427424,0.65937,False
110.76,5538,left,True,0.7730550765991211,0.919702410697937,-1.4511822143958852e-07,-0.019181422889232635,0.07838143408298492,0.03951970860362053,0.0234299,0.017461,observed,1.0,0.787493,0.786499,False
110.76,5538,right,True,0.4492582678794861,0.737074613571167,5.555096826981298e-09,0.026969172060489655,0.08279991894960403,0.004194867331534624,0.0909443,0.0909443,observed,1.0,0.436582,0.652148,False
110.88,5544,left,True,0.7710415124893188,0.9318936467170715,-1.0157751972883489e-07,-0.021553894504904747,0.08157806843519211,0.03600606322288513,0.0130351,0.0134549,observed,1.0,0.786392,0.797119,False
110.88,5544,right,False,,,,,,,,,,0.0,,,False
111.0,5550,left,True,0.7656044363975525,0.939490556716919,-1.3009626798066165e-07,-0.020619424059987068,0.07802453637123108,0.03851521387696266,0.0069144,0.0090246,observed,1.0,0.780183,0.801517,False
111.0,5550,right,False,,,,,,,,,,0.0,,,False
111.14,5557,left,True,0.754891037940979,0.9415937662124634,-1.3325433201316628e-07,-0.023727253079414368,0.08005367964506149,0.038299404084682465,0.0016142,0.0068179,observed,1.0,0.772407,0.805737,False
111.14,5557,right,False,,,,,,,,,,0.0,,,False
111.26,5563,left,True,0.7474642992019653,0.9407884478569031,-1.0985419862663548e-07,-0.024178605526685715,0.07783351093530655,0.04247453063726425,0.005532,0.0104818,observed,1.0,0.766238,0.806465,False
111.26,5563,right,False,,,,,,,,,,0.0,,,False
111.38,5569,left,True,0.7432861328125,0.9363434910774231,-1.1528202037425217e-07,-0.023333987221121788,0.0741676613688469,0.042059093713760376,0.0246505,0.0163697,observed,1.0,0.762005,0.802031,False
111.38,5569,right,False,,,,,,,,,,0.0,,,False
111.5,5575,left,True,0.7429623603820801,0.9390453100204468,-8.991609945496748e-08,-0.024774398654699326,0.08244096487760544,0.03322795033454895,0.0197387,0.0219717,observed,1.0,0.761395,0.80618,False
111.5,5575,right,False,,,,,,,,,,0.0,,,False
111.64,5582,left,True,0.744787871837616,0.9365843534469604,-1.3910884888446162e-07,-0.023637373000383377,0.08286374062299728,0.03279368206858635,0.0245864,0.0318335,observed,1.0,0.763663,0.802606,False
111.64,5582,right,False,,,,,,,,,,0.0,,,False
111.76,5588,left,True,0.747199296951294,0.9459121227264404,-1.675280003610169e-07,-0.025692690163850784,0.08040526509284973,0.03480629250407219,0.0476024,0.0412559,observed,1.0,0.768006,0.811034,False
111.76,5588,right,True,0.452237606048584,0.775779664516449,-8.572983745125384e-08,-0.04747510328888893,0.05206182971596718,-0.010752063244581223,,,,0.0,0.48317,0.717867,False
111.88,5594,left,True,0.742122232913971,0.9353048801422119,-8.828111930370142e-08,-0.025328896939754486,0.08085370063781738,0.04155335575342178,0.0455012,0.0476263,observed,1.0,0.76193,0.800551,False
111.88,5594,right,False,,,,,,,0.1496129,0.1496744,interpolated_for_motion,0.4,0.463765,0.695499,True
112.0,5600,left,True,0.7367385625839233,0.9250754714012146,-7.968559856408319e-08,-0.02420884184539318,0.0804726630449295,0.03374108299612999,0.0555719,0.0527218,observed,1.0,0.756411,0.79152,False
112.0,5600,right,True,0.4378988742828369,0.7636226415634155,-5.900461008678803e-09,-0.018638337031006813,0.07736565917730331,0.011832485906779766,0.149736,0.1496744,interpolated_for_motion,0.4,0.447816,0.671564,False
112.14,5607,left,True,0.7457253932952881,0.941442608833313,-1.373678486515928e-07,-0.024716520681977272,0.07698501646518707,0.03478222340345383,0.0576438,0.0551734,observed,1.0,0.766625,0.808045,False
112.14,5607,right,False,,,,,,,,,,0.0,,,False
112.26,5613,left,True,0.7447962164878845,0.943996250629425,-1.151194410908829e-07,-0.028886547312140465,0.08092115074396133,0.039302997291088104,0.0303879,0.051829,observed,1.0,0.768184,0.812948,False
112.26,5613,right,False,,,,,,,,,,0.0,,,False
112.38,5619,left,True,0.744114100933075,0.9381167888641357,-1.327010465956846e-07,-0.025468001142144203,0.07812733203172684,0.03250083699822426,0.0591298,0.0466072,observed,1.0,0.764358,0.802998,False
112.38,5619,right,False,,,,,,,,,,0.0,,,False
112.5,5625,left,True,0.751037061214447,0.9484369158744812,-1.4286015925790707e-07,-0.025806071236729622,0.08131210505962372,0.029174551367759705,0.0414681,0.0415012,observed,1.0,0.771376,0.814873,False
112.5,5625,right,False,,,,,,,,,,0.0,,,False
112.64,5632,left,True,0.7501574158668518,0.9498214721679688,-1.4112116275555309e-07,-0.027682503685355186,0.08136746287345886,0.03622505068778992,0.0062544,0.0421088,observed,1.0,0.773237,0.81439,False
112.64,5632,right,False,,,,,,,,,,0.0,,,False
112.76,5638,left,True,0.7416821718215942,0.9459463953971863,-1.1217904472005102e-07,-0.026805773377418518,0.07670880854129791,0.039466772228479385,0.0368175,0.0665196,observed,1.0,0.763044,0.811741,False
112.76,5638,right,False,,,,,,,,,,0.0,,,False
112.88,5644,left,True,0.7324619293212891,0.9308986663818359,-1.170821448681636e-07,-0.014170268550515175,0.08096247911453247,0.039124324917793274,0.0987777,0.1164161,observed,1.0,0.741246,0.789747,False
112.88,5644,right,False,,,,,,,,,,0.0,,,False
113.0,5650,left,True,0.7164946794509888,0.8764012455940247,-7.125900225446458e-08,-0.0031355535611510277,0.08646803349256516,0.039847519248723984,0.2439551,0.2229501,observed,1.0,0.714698,0.743558,False
113.0,5650,right,False,,,,,,,,,,0.0,,,False
113.14,5657,left,True,0.6797416806221008,0.808651864528656,9.9155608168644e-09,0.0007521405350416899,0.08619270473718643,0.03925660625100136,0.3854466,0.3348902,observed,1.0,0.670827,0.674615,False
113.14,5657,right,True,0.6602158546447754,0.7335042357444763,-2.8621018444141555e-08,0.005340615287423134,0.0763046070933342,0.016229325905442238,,,,0.0,0.65852,0.644251,False
113.26,5663,left,True,0.6336576342582703,0.7066640257835388,5.884542630951728e-08,0.005839272402226925,0.09157934784889221,0.03099430352449417,0.4577376,0.2948627,observed,1.0,0.62638,0.60646,False
113.26,5663,right,True,0.6441041231155396,0.7527830004692078,1.669385873981355e-08,0.010402973741292953,0.08275379240512848,0.03262915462255478,0.2606906,0.4930942,observed,1.0,0.630529,0.620739,False
113.38,5669,left,True,0.6279550790786743,0.7185962200164795,-1.0290188612316342e-07,0.010079927742481232,0.079252690076828,0.029364516958594322,0.1208848,0.189968,observed,1.0,0.620065,0.600787,False
113.38,5669,right,False,,,,,,,0.5832368,0.5382555,interpolated_for_motion,0.4,0.559775,0.635846,True
113.5,5675,left,True,0.6321950554847717,0.7130019664764404,-8.442999188673639e-08,0.005974133033305407,0.08047984540462494,0.027347663417458534,0.0549495,0.0897038,observed,1.0,0.627221,0.605356,False
113.5,5675,right,True,0.47145864367485046,0.7284706234931946,1.321153035860334e-07,-0.013315608724951744,0.07963736355304718,0.007522494997829199,0.5866394,0.4819859,interpolated_for_motion,0.4,0.480711,0.641569,False
113.64,5682,left,True,0.6288171410560608,0.708246648311615,-5.6798580061467874e-08,0.004627713467925787,0.08177284896373749,0.02082042768597603,0.0072316,0.0313158,observed,1.0,0.625523,0.604292,False
113.64,5682,right,True,0.485100120306015,0.7260547876358032,2.2372813646143186e-07,-0.01998620666563511,0.06594687700271606,-0.012901511043310165,0.1499378,0.2669172,observed,1.0,0.50151,0.661253,False
113.76,5688,left,True,0.624184250831604,0.7049112319946289,-8.667546325114017e-08,0.009940984658896923,0.08382421731948853,0.03463274613022804,0.0302882,0.0221047,observed,1.0,0.616744,0.603053,False
113.76,5688,right,True,0.4781014919281006,0.7052327394485474,2.2426667101171915e-07,0.002909444272518158,0.07944780588150024,0.015836521983146667,0.1906174,0.1525763,observed,1.0,0.477158,0.625851,False
113.88,5694,left,True,0.6205658316612244,0.7016052007675171,-1.0417599582979165e-07,0.01064523309469223,0.09032075852155685,0.030284201726317406,0.0131918,0.0213753,observed,1.0,0.612209,0.597607,False
113.88,5694,right,True,0.4696694016456604,0.6747739315032959,-3.3496100115826266e-08,-0.027220845222473145,0.05618516355752945,-0.05093719810247421,0.1478245,0.1221832,observed,1.0,0.480915,0.588713,False
114.0,5700,left,True,0.6197777390480042,0.6933344602584839,-6.482084558001588e-08,0.00831637717783451,0.08293032646179199,0.03130146861076355,0.0520242,0.0259283,observed,1.0,0.61599,0.594925,False
114.0,5700,right,True,0.45728960633277893,0.6519696116447449,3.984092700193287e-08,-0.04160115122795105,0.052561938762664795,-0.008916971273720264,0.0113208,0.0745247,observed,1.0,0.478013,0.586946,False
114.14,5707,left,True,0.6153358817100525,0.6907508969306946,-8.409388385643979e-08,0.004629638511687517,0.08677656948566437,0.035667747259140015,0.0070544,0.0321677,observed,1.0,0.614378,0.594188,False
114.14,5707,right,True,0.4551335573196411,0.6628860831260681,4.001384468210745e-08,-0.03768157213926315,0.0752125084400177,0.042344484478235245,0.0366033,0.0394052,observed,1.0,0.471618,0.591011,False
114.26,5713,left,True,0.617141604423523,0.6860834360122681,-9.56940340302026e-08,0.010027643293142319,0.0848105400800705,0.025159720331430435,0.0484017,0.0336264,observed,1.0,0.609399,0.588264,False
114.26,5713,right,True,0.4536122679710388,0.673995852470398,2.3253921455079762e-08,-0.031226489692926407,0.06200391426682472,-0.004642166662961245,0.0777208,0.0504542,observed,1.0,0.466975,0.60309,False
114.38,5719,left,True,0.621365487575531,0.6815783977508545,-1.277390282439228e-07,0.01591866835951805,0.07600872218608856,0.030751146376132965,0.0208277,0.0337343,observed,1.0,0.60934,0.586962,False
114.38,5719,right,True,0.4515172243118286,0.657171368598938,-2.2208061167816595e-08,-0.039041467010974884,0.04096001759171486,-0.0224807970225811,0.0336681,0.0660778,observed,1.0,0.473111,0.595234,False
114.5,5725,left,True,0.6241331696510315,0.6734068989753723,-1.147772508147682e-07,0.025194931775331497,0.06903453916311264,0.049092162400484085,0.0388241,0.0350002,observed,1.0,0.605365,0.584944,False
114.5,5725,right,True,0.448228120803833,0.6505358219146729,1.8423433800762723e-07,-0.039309948682785034,0.07275701314210892,0.028921185061335564,0.0927463,0.0812876,observed,1.0,0.464889,0.576681,False
114.64,5732,left,True,0.6290768384933472,0.6585153937339783,-9.099507991550126e-08,0.036697279661893845,0.06727339327335358,0.041683539748191833,0.0348904,0.0377514,observed,1.0,0.601785,0.583674,False
114.64,5732,right,True,0.44658714532852173,0.630696713924408,-9.792403687924889e-08,-0.04426850005984306,0.060090385377407074,-0.03695147484540939,0.0844916,0.0892227,observed,1.0,0.473261,0.551332,False
114.76,5738,left,True,0.6266996264457703,0.6479500532150269,-3.3819979705640435e-08,0.04228619113564491,0.062219321727752686,0.03539194539189339,0.0285507,0.0485807,observed,1.0,0.598087,0.582203,False
114.76,5738,right,True,0.4448246955871582,0.6302809119224548,9.279863988354009e-09,-0.031997743993997574,0.06517135351896286,-0.005848238244652748,0.1017766,0.0917883,observed,1.0,0.459978,0.55003,False
114.88,5744,left,True,0.61441570520401,0.6275080442428589,-6.857863610321147e-08,0.04459047690033913,0.06941542774438858,0.04388823360204697,0.1287046,0.0631837,observed,1.0,0.587514,0.560046,False
114.88,5744,right,True,0.4402512311935425,0.6208251118659973,-5.435422067989748e-08,-0.025075765326619148,0.054775137454271317,-0.04462917149066925,0.0804089,0.0947219,observed,1.0,0.454194,0.541529,False
115.0,5750,left,True,0.6081449389457703,0.6194149255752563,-4.584740409541155e-08,0.028807375580072403,0.0680694431066513,0.0290162842720747,0.076874,0.0740131,observed,1.0,0.588723,0.546141,False
115.0,5750,right,True,0.43905743956565857,0.6262713074684143,-3.0020064656355316e-08,-0.014771644957363605,0.06761004030704498,-0.03678758814930916,0.12559,0.0962592,observed,1.0,0.443324,0.544689,False
115.14,5757,left,True,0.6096945405006409,0.6346492767333984,-1.3104936158470082e-07,0.030535316094756126,0.06148320436477661,0.01500669401139021,0.0607149,0.0852756,observed,1.0,0.591489,0.566647,False
115.14,5757,right,True,0.4404838979244232,0.6396676898002625,-6.991695755687033e-08,-0.020956354215741158,0.04102227836847305,-0.0333428829908371,0.0942639,0.0963456,observed,1.0,0.450168,0.572028,False
115.26,5763,left,True,0.6213034987449646,0.6284353733062744,-9.816245238880583e-08,0.014040201902389526,0.04644611477851868,-0.009673827327787876,0.0992663,0.0962781,observed,1.0,0.606727,0.564032,False
115.26,5763,right,True,0.4394313395023346,0.6648417711257935,1.5025227639853256e-07,-0.022464031353592873,0.05952419713139534,0.027764853090047836,0.096967,0.097187,observed,1.0,0.448718,0.596369,False
115.38,5769,left,True,0.6231353282928467,0.6150392293930054,-2.0774836073655933e-08,0.05101577565073967,0.053477462381124496,0.00029994844226166606,0.1226231,0.1038125,observed,1.0,0.592243,0.572616,False
115.38,5769,right,True,0.44031694531440735,0.6859980225563049,2.5847191409411607e-07,-0.02847174182534218,0.044933125376701355,0.021575473248958588,0.1003294,0.0978435,observed,1.0,0.459094,0.615819,False
115.5,5775,left,False,,,,,,,,,,0.0,,,False
115.5,5775,right,True,0.4513637125492096,0.704920768737793,2.3446472141586128e-07,-0.011282343417406082,0.06644416600465775,0.035708580166101456,0.0556795,0.0889226,observed,1.0,0.459406,0.621968,False
115.64,5782,left,False,,,,,,,,,,0.0,,,False
115.64,5782,right,True,0.44450223445892334,0.7241347432136536,2.5965695726881677e-07,-0.0166127048432827,0.052634794265031815,0.04338102415204048,0.1083542,0.0711391,observed,1.0,0.452307,0.642871,False
115.76,5788,left,False,,,,,,,,,,0.0,,,False
115.76,5788,right,True,0.4365374743938446,0.7250234484672546,2.8793076012334495e-07,-0.01948084682226181,0.048842694610357285,0.04507793113589287,0.0427969,0.0653082,observed,1.0,0.4507,0.63729,False
115.88,5794,left,False,,,,,,,,,,0.0,,,False
115.88,5794,right,True,0.4264487624168396,0.7196653485298157,2.837812189682154e-07,-0.026268329471349716,0.07588819414377213,0.043780382722616196,0.0739714,0.0665997,observed,1.0,0.443474,0.629206,False
116.0,5800,left,False,,,,,,,,,,0.0,,,False
116.0,5800,right,True,0.41761910915374756,0.7009044885635376,3.887074626618414e-07,-0.034078776836395264,0.0791219025850296,0.02669178508222103,0.0590285,0.0715694,observed,1.0,0.441179,0.615671,False
116.14,5807,left,False,,,,,,,,,,0.0,,,False
116.14,5807,right,True,0.4077654182910919,0.692898154258728,3.5789483376902353e-07,-0.05692961812019348,0.07193049788475037,0.002212444320321083,0.0811712,0.0803324,observed,1.0,0.449714,0.624056,False
116.26,5813,left,True,0.41663819551467896,0.6857343912124634,3.0779909820921603e-07,-0.05941060930490494,0.06144212558865547,-0.021462073549628258,,,,0.0,0.456845,0.620636,False
116.26,5813,right,False,,,,,,,0.0835746,0.0800958,interpolated_for_motion,0.4,0.453962,0.610478,True
116.38,5819,left,False,,,,,,,0.2655858,0.2666397,interpolated_for_motion,0.4,0.487325,0.605187,True
116.38,5819,right,True,0.42746633291244507,0.6796597242355347,4.362169363503199e-07,-0.03960062190890312,0.08643001317977905,-0.033564358949661255,0.0836256,0.0720525,interpolated_for_motion,0.4,0.457781,0.596207,False
116.5,5825,left,False,,,,,,,0.2671058,0.267573,interpolated_for_motion,0.4,0.515934,0.588979,True
116.5,5825,right,True,0.4278886914253235,0.6965420246124268,3.4058990650009946e-07,-0.031177062541246414,0.08303691446781158,-0.015848932787775993,0.0229079,0.0547842,observed,1.0,0.449731,0.599826,False
116.64,5832,left,False,,,,,,,0.2698972,0.2582395,interpolated_for_motion,0.4,0.552517,0.564943,True
116.64,5832,right,True,0.4301389157772064,0.6827281713485718,2.918207826496655e-07,-0.015019290149211884,0.0786527693271637,0.03284452110528946,0.0399753,0.0544883,observed,1.0,0.441388,0.582756,False
116.76,5838,left,True,0.6034110188484192,0.625067412853241,-2.0834734471009142e-07,0.02457961067557335,0.06063603237271309,0.003546812105923891,0.2706339,0.2125507,interpolated_for_motion,0.4,0.586481,0.543883,False
116.76,5838,right,True,0.4165881872177124,0.6545118093490601,1.9414865448652563e-07,-0.02079557627439499,0.0798589363694191,0.030869774520397186,0.1178768,0.0697768,observed,1.0,0.429197,0.554018,False
116.88,5844,left,True,0.5868971347808838,0.6129617094993591,-1.2097783042008814e-07,0.025274639949202538,0.057956717908382416,0.03180291876196861,0.1082397,0.1424983,observed,1.0,0.57098,0.545447,False
116.88,5844,right,True,0.3982166647911072,0.6217306852340698,1.7155889509012923e-07,-0.05083076283335686,0.07929586619138718,0.028376245871186256,0.0827034,0.0727806,observed,1.0,0.430361,0.52956,False
117.0,5850,left,False,,,,,,,0.0374371,0.0725018,interpolated_for_motion,0.4,0.572113,0.533738,True
117.0,5850,right,True,0.39121222496032715,0.5943685173988342,1.8340455198995187e-07,-0.055300723761320114,0.06232070177793503,-0.006214096210896969,0.05536,0.0646474,observed,1.0,0.428585,0.516011,False
117.14,5857,left,True,0.5873450636863708,0.6055113077163696,-1.2326591303235546e-08,0.021594729274511337,0.06991513073444366,0.05218532308936119,0.037388,0.0445567,interpolated_for_motion,0.4,0.572743,0.524384,False
117.14,5857,right,True,0.4011079967021942,0.5873924493789673,3.073194250191591e-07,-0.049187805503606796,0.060197614133358,0.014775809831917286,0.004645,0.0588741,observed,1.0,0.430666,0.517553,False
117.26,5863,left,True,0.5892026424407959,0.6089857816696167,1.3059916703639374e-08,0.007609201595187187,0.07739206403493881,0.037139635533094406,0.0786662,0.0529259,observed,1.0,0.584276,0.524605,False
117.26,5863,right,False,,,,,,,0.0657058,0.0622246,interpolated_for_motion,0.4,0.440105,0.52417,True
117.38,5869,left,False,,,,,,,0.0583981,0.0569934,interpolated_for_motion,0.4,0.578051,0.5322,True
117.38,5869,right,True,0.43584099411964417,0.6034364104270935,2.77675269444444e-07,-0.015029873698949814,0.07695922255516052,0.00654372526332736,0.0660713,0.0619037,interpolated_for_motion,0.4,0.446177,0.52384,False
117.5,5875,left,False,,,,,,,0.0582701,0.0582104,interpolated_for_motion,0.4,0.571444,0.533931,True
117.5,5875,right,True,0.4394908547401428,0.6114901304244995,2.644168830556737e-07,-0.009027226828038692,0.07151194661855698,0.04635971412062645,0.0476927,0.0577886,observed,1.0,0.443294,0.52588,False
117.64,5882,left,False,,,,,,,0.0578213,0.0579144,interpolated_for_motion,0.4,0.562368,0.538923,True
117.64,5882,right,True,0.4359064996242523,0.6255797743797302,2.899643902765092e-07,-0.00825557392090559,0.0747862383723259,0.05068378895521164,0.0537162,0.0554746,observed,1.0,0.440746,0.532723,False
117.76,5888,left,True,0.5974229574203491,0.6059647798538208,-2.624432795528264e-07,0.049669671803712845,0.05680840462446213,-0.007529894355684519,0.0577917,0.060962,interpolated_for_motion,0.4,0.552645,0.547414,False
117.76,5888,right,True,0.4351174235343933,0.6466457843780518,3.545735296484054e-07,-0.005539447069168091,0.05634116008877754,0.054909344762563705,0.0969008,0.0608984,observed,1.0,0.434536,0.553787,False
117.88,5894,left,True,0.5917888879776001,0.5986992120742798,-1.868771875024322e-07,0.050334665924310684,0.043884437531232834,0.023117631673812866,0.0022109,0.0703951,observed,1.0,0.550768,0.545169,False
117.88,5894,right,True,0.4289409816265106,0.6535772085189819,2.194412758171893e-07,-0.004232233390212059,0.07448015362024307,0.05260792374610901,0.0227198,0.0661954,observed,1.0,0.428922,0.551954,False
118.0,5900,left,False,,,,,,,0.1063532,0.0897147,interpolated_for_motion,0.4,0.560835,0.527312,True
118.0,5900,right,True,0.41370314359664917,0.6402419805526733,4.8430337074023555e-08,-0.019210435450077057,0.08314085751771927,0.045432474464178085,0.0795216,0.0653213,observed,1.0,0.42588,0.533124,False
118.14,5907,left,True,0.5883125066757202,0.5942515134811401,-1.836878311678447e-07,0.017382005229592323,0.0754355937242508,0.014312216080725193,0.1061349,0.0899059,interpolated_for_motion,0.4,0.573932,0.500884,False
118.14,5907,right,True,0.3971075415611267,0.6023184657096863,1.9473986867524218e-07,-0.051089465618133545,0.07101332396268845,0.013362698256969452,0.0606801,0.0648188,observed,1.0,0.429789,0.511509,False
118.26,5913,left,True,0.5818403959274292,0.5793479084968567,-4.120860452871966e-08,0.015085804276168346,0.06980273872613907,0.03231063485145569,0.0297731,0.0648886,observed,1.0,0.571603,0.503749,False
118.26,5913,right,True,0.40631103515625,0.5771933794021606,2.247226120744017e-07,-0.04724958539009094,0.05598995089530945,0.013589970767498016,0.0321913,0.080485,observed,1.0,0.434801,0.504135,False
118.38,5919,left,True,0.5843919515609741,0.5712181925773621,-9.793264155177894e-08,0.017870072275400162,0.07558494061231613,-0.005488902796059847,0.0650673,0.0453124,observed,1.0,0.576847,0.495186,False
118.38,5919,right,False,,,,,,,0.1214149,0.10161,interpolated_for_motion,0.4,0.441066,0.535835,True
118.5,5925,left,False,,,,,,,0.0316091,0.0341583,interpolated_for_motion,0.4,0.579356,0.49814,True
118.5,5925,right,True,0.44312041997909546,0.6633598804473877,2.8132834017924324e-07,-0.0031058555468916893,0.0713832899928093,0.043927159160375595,0.1224284,0.1088398,interpolated_for_motion,0.4,0.444995,0.564845,False
118.64,5932,left,False,,,,,,,0.0320168,0.0318193,interpolated_for_motion,0.4,0.585951,0.50163,True
118.64,5932,right,True,0.44916579127311707,0.6491907238960266,1.9965801811849815e-07,0.004240230657160282,0.0806317925453186,0.05012286826968193,0.0719978,0.0884293,observed,1.0,0.443874,0.544966,False
118.76,5938,left,True,0.6115278601646423,0.5779521465301514,-3.317354355658608e-07,0.035972561687231064,0.06621919572353363,0.04489373788237572,0.0321212,0.0310718,interpolated_for_motion,0.4,0.585826,0.500613,False
118.76,5938,right,True,0.43753767013549805,0.6293058395385742,1.2467275212202367e-07,-0.013271642848849297,0.0819927230477333,0.053383272141218185,0.0847182,0.0733769,observed,1.0,0.444525,0.523057,False
118.88,5944,left,False,,,,,,,0.029119,0.0300639,interpolated_for_motion,0.4,0.58431,0.49215,True
118.88,5944,right,True,0.4306832551956177,0.6179221272468567,5.5699178602708344e-08,-0.025201058015227318,0.07747718691825867,0.05393044650554657,0.0379,0.0688276,observed,1.0,0.445255,0.516141,False
119.0,5950,left,True,0.604654848575592,0.5835732221603394,-1.0519606519210356e-07,0.016540393233299255,0.08302918821573257,0.03681429103016853,0.0289792,0.0297654,interpolated_for_motion,0.4,0.588384,0.485461,False
119.0,5950,right,True,0.4090237319469452,0.593497633934021,2.2247267850161734e-07,-0.03876024857163429,0.07346277683973312,0.006778435781598091,0.0660587,0.0664634,observed,1.0,0.440281,0.503904,False
119.14,5957,left,True,0.5918138027191162,0.5775464773178101,-7.580928951256283e-08,0.021031342446804047,0.08144527673721313,0.04772612079977989,0.113935,0.0403492,observed,1.0,0.575852,0.480572,False
119.14,5957,right,True,0.41293585300445557,0.5682677626609802,-3.078249122268062e-08,-0.05067935585975647,0.034682873636484146,0.035610850900411606,0.0723092,0.0912263,observed,1.0,0.458146,0.503861,False
119.26,5963,left,True,0.5956358909606934,0.5893189311027527,-1.0595326216389367e-07,0.018765106797218323,0.08409354090690613,0.025115547701716423,0.0310719,0.0522429,observed,1.0,0.580177,0.493626,False
119.26,5963,right,True,0.4386366605758667,0.5689916014671326,1.7480792280366586e-07,-0.043498195707798004,0.04267255589365959,0.00426297215744853,0.0437641,0.1648875,observed,1.0,0.469475,0.509458,False
119.38,5969,left,False,,,,,,,0.0597071,0.0578338,interpolated_for_motion,0.4,0.587177,0.508987,True
119.38,5969,right,True,0.6131550669670105,0.5984967350959778,-2.2501394880691805e-07,0.042665235698223114,0.070474773645401,-0.010478684678673744,0.7772045,0.260777,observed,1.0,0.577886,0.513269,False
119.5,5975,left,True,0.6130701303482056,0.6042175889015198,-1.9144823681926937e-07,0.03603624925017357,0.0766882598400116,0.010948674753308296,0.0597168,0.0597093,interpolated_for_motion,0.4,0.589461,0.522184,False
119.5,5975,right,False,,,,,,,,,,0.0,,,False
119.64,5982,left,True,0.6064771413803101,0.5966688394546509,-2.4797378728180774e-07,0.02395688369870186,0.054337210953235626,-0.005193542223423719,0.0286026,0.062744,observed,1.0,0.590158,0.527021,False
119.64,5982,right,False,,,,,,,,,,0.0,,,False
119.76,5988,left,True,0.6139189004898071,0.587643027305603,-1.4717797114371933e-07,0.009391974657773972,0.0709572583436966,0.00037691325997002423,0.0730762,0.0663109,observed,1.0,0.607825,0.520906,False
119.76,5988,right,False,,,,,,,,,,0.0,,,False
119.88,5994,left,True,0.6315027475357056,0.5987806916236877,-2.105195164858742e-07,0.002181500196456909,0.06523383408784866,-0.030349649488925934,0.0686358,0.0680523,observed,1.0,0.627394,0.508995,False
119.88,5994,right,False,,,,,,,,,,0.0,,,False
120.0,6000,left,True,0.6453245282173157,0.6009836792945862,-2.0537743239401607e-07,-0.003680001012980938,0.06548716127872467,-0.03313424810767174,0.0674486,0.0732472,observed,1.0,0.647211,0.515005,False
120.0,6000,right,False,,,,,,,,,,0.0,,,False
120.14,6007,left,True,0.6459261178970337,0.6052384972572327,-8.265905648840999e-08,0.010987166315317154,0.06231749430298805,0.004476785659790039,0.1064369,0.0863307,observed,1.0,0.635591,0.532986,False
120.14,6007,right,False,,,,,,,,,,0.0,,,False
120.26,6013,left,True,0.6299253702163696,0.6162061095237732,-1.2926277292990562e-07,0.02229849249124527,0.07248149812221527,-0.0009005515021272004,0.0886944,0.0941343,observed,1.0,0.615248,0.544166,False
120.26,6013,right,False,,,,,,,,,,0.0,,,False
120.38,6019,left,False,,,,,,,,,,0.0,,,False
120.38,6019,right,True,0.3966127038002014,0.7766191959381104,-1.8701273418741948e-08,-0.0008499817922711372,0.05716840922832489,0.017757482826709747,,,,0.0,0.391157,0.678167,False
120.5,6025,left,False,,,,,,,,,,0.0,,,False
120.5,6025,right,True,0.362557053565979,0.8674836754798889,1.683811063912799e-07,-0.0004126748535782099,0.04588722810149193,0.02717115543782711,0.4512432,0.2709775,observed,1.0,0.352546,0.773851,False
120.64,6032,left,False,,,,,,,,,,0.0,,,False
120.64,6032,right,True,0.3572452962398529,0.9115861654281616,8.48716439350028e-08,0.005189226008951664,0.049841221421957016,0.025131432339549065,0.1838155,0.1814425,observed,1.0,0.343922,0.821636,False
120.76,6038,left,False,,,,,,,,,,0.0,,,False
120.76,6038,right,True,0.3510575294494629,0.9375287890434265,1.4416485782930977e-07,0.002549736760556698,0.06258030235767365,0.052225809544324875,0.0863263,0.1180066,observed,1.0,0.341592,0.838159,False
120.88,6044,left,False,,,,,,,,,,0.0,,,False
120.88,6044,right,True,0.34701046347618103,0.9354046583175659,4.4030304735542813e-08,-0.004197811707854271,0.05960402637720108,0.047521039843559265,0.053922,0.1176789,observed,1.0,0.343832,0.825681,False
121.0,6050,left,False,,,,,,,,,,0.0,,,False
121.0,6050,right,True,0.36801767349243164,0.9420388340950012,1.5952242904404557e-07,-0.0004679914563894272,0.05012376978993416,0.05943800136446953,0.1821374,0.2155438,observed,1.0,0.362632,0.832728,False
121.14,6057,left,False,,,,,,,,,,0.0,,,False
121.14,6057,right,False,,,,,,,0.474871,0.4043804,interpolated_for_motion,0.4,0.4267,0.764585,True
121.26,6063,left,True,0.5048086643218994,0.7237228155136108,-1.0932169658417479e-07,-0.03682619333267212,0.0756753459572792,0.04598180204629898,,,,0.0,0.523239,0.656625,False
121.26,6063,right,False,,,,,,,0.4690063,0.4431401,interpolated_for_motion,0.4,0.481974,0.707547,True
121.38,6069,left,True,0.627092719078064,0.617508053779602,-1.6279047088119114e-07,-0.0021598711609840393,0.05420950800180435,-0.06074678897857666,0.9435879,0.2960009,observed,1.0,0.625943,0.543527,False
121.38,6069,right,True,0.507290244102478,0.7139132618904114,-1.6748525411003357e-07,-0.04083775728940964,0.06998131424188614,-0.004505086690187454,0.4738814,0.3591871,interpolated_for_motion,0.4,0.526694,0.647488,False
121.5,6075,left,False,,,,,,,0.0095922,0.1457421,interpolated_for_motion,0.4,0.617813,0.541567,True
121.5,6075,right,True,0.5053490996360779,0.724509596824646,-1.1058278914788389e-07,-0.028662363067269325,0.05735459551215172,-0.02760022133588791,0.04283,0.1879172,observed,1.0,0.516487,0.65916,False
121.64,6082,left,True,0.6149332523345947,0.6055402755737305,-4.9398676260636876e-09,0.0027237054891884327,0.04229852929711342,-0.03035026043653488,0.0097054,0.0149735,interpolated_for_motion,0.4,0.612463,0.542998,False
121.64,6082,right,True,0.4958568513393402,0.7255058288574219,-7.083791331297107e-08,-0.027557305991649628,0.06383518129587173,-0.0027667274698615074,0.0210652,0.0729208,observed,1.0,0.505897,0.666177,False
121.76,6088,left,True,0.607785165309906,0.5966008901596069,8.013040542209637e-08,0.001261694822460413,0.04801340028643608,0.0037494220305234194,0.0475569,0.0264001,observed,1.0,0.607756,0.539219,False
121.76,6088,right,False,,,,,,,0.1313391,0.1274084,interpolated_for_motion,0.4,0.488493,0.655838,True
121.88,6094,left,True,0.6091055870056152,0.6030470132827759,8.980073573638947e-08,0.02224498987197876,0.051495179533958435,0.04830774664878845,0.0196082,0.0388291,observed,1.0,0.602157,0.549516,False
121.88,6094,right,True,0.4790892004966736,0.7243162393569946,3.651212310273877e-08,0.014962330460548401,0.07352238148450851,0.002941271523013711,0.1317473,0.2015585,interpolated_for_motion,0.4,0.470338,0.648932,False
122.0,6100,left,True,0.5939188003540039,0.6169379949569702,1.1280867795449012e-07,0.00019632186740636826,0.029923871159553528,0.0002690836845431477,0.0515228,0.0482712,observed,1.0,0.594167,0.574265,False
122.0,6100,right,False,,,,,,,0.4233437,0.3236974,interpolated_for_motion,0.4,0.522281,0.62236,True
122.14,6107,left,True,0.5838472843170166,0.6445860862731934,6.141871722320502e-08,-0.001256224699318409,0.06306172162294388,0.025721488520503044,0.0872637,0.0362746,observed,1.0,0.587487,0.593522,False
122.14,6107,right,True,0.5931981205940247,0.6654583215713501,-2.957907163647633e-08,0.009947829879820347,0.06936673820018768,0.022205663844943047,0.4222895,0.4226331,interpolated_for_motion,0.4,0.588251,0.594826,False
122.26,6113,left,False,,,,,,,0.0066303,0.0250054,interpolated_for_motion,0.4,0.595338,0.613863,True
122.26,6113,right,False,,,,,,,,,,0.0,,,False
122.38,6119,left,True,0.6083782315254211,0.7000229954719543,-8.297497089415629e-08,0.017605923116207123,0.07645132392644882,-0.013144557364284992,0.0065895,0.0361559,interpolated_for_motion,0.4,0.599151,0.629261,False
122.38,6119,right,False,,,,,,,,,,0.0,,,False
122.5,6125,left,True,0.6232906579971313,0.6979368329048157,1.435785748071794e-07,0.016119034960865974,0.029790617525577545,-0.056479886174201965,0.14058,0.0739868,observed,1.0,0.611325,0.633208,False
122.5,6125,right,False,,,,,,,,,,0.0,,,False
122.64,6132,left,True,0.6326585412025452,0.7045297026634216,-1.0035951447662228e-07,0.0216319989413023,0.06408287584781647,-0.05964812636375427,0.1086331,0.096479,observed,1.0,0.618394,0.634316,False
122.64,6132,right,False,,,,,,,,,,0.0,,,False
122.76,6138,left,True,0.6238693594932556,0.7098529934883118,-7.14215389052697e-08,0.021468644961714745,0.06424367427825928,-0.04627013951539993,0.0035917,0.0803928,observed,1.0,0.609818,0.639556,False
122.76,6138,right,False,,,,,,,,,,0.0,,,False
122.88,6144,left,True,0.6018884778022766,0.7120461463928223,-1.0468938427266039e-07,0.018555205315351486,0.07783439755439758,-0.027924491092562675,0.0760366,0.0716048,observed,1.0,0.592006,0.638678,False
122.88,6144,right,False,,,,,,,,,,0.0,,,False
123.0,6150,left,True,0.5832562446594238,0.7210701107978821,-1.3827524014686787e-07,0.014851780608296394,0.0787886455655098,-0.022168926894664764,0.0601519,0.0800445,observed,1.0,0.575288,0.641543,False
123.0,6150,right,False,,,,,,,,,,0.0,,,False
123.14,6157,left,True,0.6003504395484924,0.6917673945426941,1.804966398566421e-09,0.024933453649282455,0.05703891068696976,-0.017359677702188492,0.1122308,0.1743628,observed,1.0,0.586514,0.614901,False
123.14,6157,right,False,,,,,,,,,,0.0,,,False
123.26,6163,left,True,0.6214859485626221,0.6840617656707764,-7.829896730982e-08,0.007724333554506302,0.058761388063430786,-0.014547595754265785,0.2219237,0.3271944,observed,1.0,0.609648,0.609485,False
123.26,6163,right,False,,,,,,,,,,0.0,,,False
123.38,6169,left,True,0.7491468787193298,0.8972060680389404,-1.1256746290655428e-07,0.016557354480028152,0.07178870588541031,0.020718302577733994,1.1961725,0.4844925,observed,1.0,0.734619,0.776777,False
123.38,6169,right,False,,,,,,,,,,0.0,,,False
123.5,6175,left,False,,,,,,,,,,0.0,,,False
123.5,6175,right,False,,,,,,,,,,0.0,,,False
123.64,6182,left,False,,,,,,,,,,0.0,,,False
123.64,6182,right,True,0.2734003961086273,0.9072630405426025,1.051047746614131e-07,-0.03530336171388626,0.07588459551334381,-0.001103987917304039,,,,0.0,0.299968,0.804972,False
123.76,6188,left,False,,,,,,,,,,0.0,,,False
123.76,6188,right,True,0.275379478931427,0.8611668944358826,1.5293443311747978e-07,-0.027161935344338417,0.08386586606502533,0.007131925784051418,0.2014908,0.2154387,observed,1.0,0.295577,0.751113,False
123.88,6194,left,True,0.3140987753868103,0.8449872136116028,7.466472595751839e-08,-0.013339497148990631,0.08809066563844681,-0.0004863684589508921,,,,0.0,0.325967,0.732041,False
123.88,6194,right,True,0.32510462403297424,0.8166055679321289,1.0361447522200251e-07,-0.014300737529993057,0.08266481757164001,-0.013808494433760643,0.2607117,0.2015458,observed,1.0,0.329824,0.726511,False
124.0,6200,left,False,,,,,,,0.1477222,0.148721,interpolated_for_motion,0.4,0.34474,0.753561,True
124.0,6200,right,True,0.3500479459762573,0.8623865842819214,2.9162112724634426e-08,-0.006148484535515308,0.0819891020655632,0.007267608307301998,0.1720776,0.1633323,observed,1.0,0.350826,0.752718,False
124.14,6207,left,False,,,,,,,0.149204,0.1490612,interpolated_for_motion,0.4,0.364732,0.77739,True
124.14,6207,right,True,0.3635466396808624,0.8550552725791931,3.104720747160172e-08,-0.004616836551576853,0.0708426982164383,-0.002149255247786641,0.0818036,0.1238032,observed,1.0,0.362708,0.749456,False
124.26,6213,left,False,,,,,,,0.1501417,0.1493169,interpolated_for_motion,0.4,0.359082,0.797722,True
124.26,6213,right,True,0.34176456928253174,0.8556568026542664,5.60818662620477e-08,-0.008373395539820194,0.057086411863565445,0.018628237769007683,0.0359725,0.1834719,observed,1.0,0.341656,0.746392,False
124.38,6219,left,True,0.3166663944721222,0.8944726586341858,-1.8669318535557977e-07,-0.04543795436620712,0.0700337216258049,0.016819274052977562,0.1490756,0.1494302,interpolated_for_motion,0.4,0.3552,0.811503,False
124.38,6219,right,False,,,,,,,0.393586,0.2919176,interpolated_for_motion,0.4,0.34395,0.830959,True
124.5,6225,left,False,,,,,,,,,,0.0,,,False
124.5,6225,right,True,0.3296661376953125,0.983250617980957,4.1929979488486424e-08,-0.041387904435396194,0.04888918995857239,0.02524569258093834,0.3941992,0.3188475,interpolated_for_motion,0.4,0.354358,0.915154,False
124.64,6232,left,False,,,,,,,,,,0.0,,,False
124.64,6232,right,True,0.34578028321266174,1.0117244720458984,-1.3708828738856482e-08,-0.038370564579963684,0.06655576080083847,0.0471850149333477,0.1375134,0.2051617,observed,1.0,0.363542,0.926927,False
124.76,6238,left,False,,,,,,,,,,0.0,,,False
124.76,6238,right,True,0.3558896780014038,1.0152215957641602,-1.8254244338322678e-08,-0.04377540946006775,0.07101386040449142,0.048347100615501404,0.1609036,0.1374392,observed,1.0,0.378721,0.931592,False
124.88,6244,left,True,0.6746528744697571,0.9066513776779175,5.1273634227300136e-08,-0.023813430219888687,0.08000997453927994,0.00558180408552289,,,,0.0,0.693037,0.809791,False
124.88,6244,right,True,0.3942970037460327,1.0195560455322266,7.671302171274874e-08,-0.028722256422042847,0.07960974425077438,-0.00143560825381428,0.1185883,0.1262898,observed,1.0,0.409369,0.924525,False
125.0,6250,left,True,0.6730591058731079,0.8673482537269592,6.210557046415488e-08,-0.02543139085173607,0.06926489621400833,0.011375710368156433,0.1263178,0.1008779,observed,1.0,0.695496,0.781396,False
125.0,6250,right,True,0.39902815222740173,1.0123016834259033,-1.2227975787482137e-07,-0.030388910323381424,0.07315970957279205,-0.03142121061682701,0.0512267,0.127224,observed,1.0,0.419111,0.92129,False
125.14,6257,left,True,0.6941437721252441,0.8698074221611023,-7.098303722585797e-09,-0.030166437849402428,0.06061393767595291,-0.017974819988012314,0.0482637,0.1082875,observed,1.0,0.718482,0.784303,False
125.14,6257,right,True,0.3932234048843384,1.0064433813095093,-9.166638648139269e-08,-0.0341540165245533,0.07733452320098877,-0.0041083465330302715,0.1505423,0.1595921,observed,1.0,0.412366,0.914075,False
125.26,6263,left,True,0.7084888219833374,0.9166032075881958,-5.590539231548064e-08,-0.032589249312877655,0.07229277491569519,0.001015997608192265,0.1721917,0.1013586,observed,1.0,0.733649,0.822422,False
125.26,6263,right,True,0.4302077293395996,1.0311522483825684,-1.0945436912379591e-07,-0.02478749118745327,0.08267217874526978,0.011264447122812271,0.1604516,0.2202212,observed,1.0,0.441913,0.934384,False
125.38,6269,left,True,0.7188078761100769,0.9508365988731384,-1.1923256826307238e-09,-0.024490799754858017,0.0790630504488945,-9.851479990174994e-05,0.0996495,0.0805062,observed,1.0,0.735848,0.84403,False
125.38,6269,right,False,,,,,,,0.3520654,0.2886651,interpolated_for_motion,0.4,0.488906,0.892417,True
125.5,6275,left,True,0.7269136905670166,0.9559256434440613,6.383349671068572e-08,-0.0217761043459177,0.07953379303216934,0.016267109662294388,0.0184453,0.0467346,observed,1.0,0.742171,0.843818,False
125.5,6275,right,True,0.5215656757354736,0.9592185020446777,-1.6673411096235213e-07,-0.02554391324520111,0.06455094367265701,-0.05033944547176361,0.3516661,0.2883299,interpolated_for_motion,0.4,0.536879,0.846915,False
125.64,6282,left,True,0.7262550592422485,0.9541484117507935,8.363288372947864e-08,-0.022513771429657936,0.07831983268260956,0.015674741938710213,0.0195168,0.0322093,observed,1.0,0.74395,0.837892,False
125.64,6282,right,True,0.5393548011779785,0.9364792108535767,-3.444873186708719e-08,-0.029821427538990974,0.0760883316397667,-0.011379922740161419,0.1328438,0.174633,observed,1.0,0.559727,0.824044,False
125.76,6288,left,True,0.7237040996551514,0.9496328234672546,7.302379856355401e-08,-0.02033049240708351,0.08061590045690536,0.025485269725322723,0.0542451,0.0577458,observed,1.0,0.738283,0.831614,False
125.76,6288,right,True,0.5382165908813477,0.9096158146858215,1.383876195859557e-07,-0.03716547042131424,0.052477940917015076,0.044650930911302567,0.1077692,0.1148284,observed,1.0,0.5649,0.840587,False
125.88,6294,left,True,0.7239598631858826,0.9325971603393555,8.180635546750636e-08,-0.024006567895412445,0.08530831336975098,0.008789331652224064,0.0674045,0.0937613,observed,1.0,0.741106,0.812906,False
125.88,6294,right,True,0.5382887721061707,0.8901706337928772,7.303133031655307e-08,-0.04666972905397415,0.05272860825061798,0.044445063918828964,0.0569447,0.1114941,observed,1.0,0.568338,0.825123,False
126.0,6300,left,True,0.7194768190383911,0.9017678499221802,7.27998568095245e-08,-0.010272625833749771,0.07788873463869095,0.02081691473722458,0.1936954,0.1816732,observed,1.0,0.727411,0.780672,False
126.0,6300,right,True,0.5451300144195557,0.8567398190498352,1.2335435428667552e-07,-0.03538224473595619,0.07634706795215607,0.007001244928687811,0.2846498,0.1131273,observed,1.0,0.568476,0.760488,False
126.14,6307,left,True,0.6838463544845581,0.871105432510376,7.25347035768209e-08,0.002869626507163048,0.0760243684053421,0.038679562509059906,0.331891,0.3378366,observed,1.0,0.677477,0.747744,False
126.14,6307,right,False,,,,,,,0.115766,0.1159741,interpolated_for_motion,0.4,0.567043,0.732246,True
126.26,6313,left,True,0.6301397681236267,0.8371565341949463,6.590519063820466e-08,0.009036155417561531,0.07460515946149826,0.005324417259544134,0.4604646,0.3980001,observed,1.0,0.619042,0.705208,False
126.26,6313,right,False,,,,,,,0.1161029,0.1241355,interpolated_for_motion,0.4,0.568269,0.703609,True
126.38,6319,left,True,0.5638996958732605,0.7548831701278687,3.557985550628473e-08,0.005110867787152529,0.04136136919260025,-0.04761306941509247,0.4429315,0.3719683,observed,1.0,0.56487,0.670718,False
126.38,6319,right,True,0.5842812657356262,0.8009656071662903,-1.7531949225713106e-08,0.006216729059815407,0.09063839167356491,-0.002650800161063671,0.1159138,0.1483706,interpolated_for_motion,0.4,0.573662,0.672506,False
126.5,6325,left,True,0.5479480624198914,0.7241957187652588,-6.040898448134158e-09,0.0027349558658897877,0.05990074202418327,-0.052778296172618866,0.1985625,0.266735,observed,1.0,0.550957,0.63349,False
126.5,6325,right,True,0.5520352125167847,0.7489469647407532,-3.851550900435541e-08,0.0020971642807126045,0.06343094259500504,0.0017707442166283727,0.2400813,0.2284027,observed,1.0,0.5528,0.63447,False
126.64,6332,left,True,0.5611181259155273,0.6942965388298035,-4.257571184496101e-09,0.001010325038805604,0.058844082057476044,-0.023962726816534996,0.1340554,0.1261329,observed,1.0,0.561758,0.602218,False
126.64,6332,right,False,,,,,,,0.3738629,0.3230327,interpolated_for_motion,0.4,0.497782,0.610022,True
126.76,6338,left,True,0.5635854005813599,0.6740171909332275,-4.9917471045546336e-08,0.008853578008711338,0.056866563856601715,-0.018843354657292366,0.0753436,0.0771999,observed,1.0,0.56245,0.59293,False
126.76,6338,right,True,0.4424957036972046,0.67557293176651,6.666842722324873e-08,-0.014571812003850937,0.03158318251371384,-0.0006500486051663756,0.3725108,0.2806483,interpolated_for_motion,0.4,0.447608,0.595393,False
126.88,6344,left,True,0.5648415088653564,0.682641863822937,-7.429536452718821e-08,0.005043413490056992,0.06418527662754059,-0.03138968348503113,0.0341035,0.0513924,observed,1.0,0.562694,0.602421,False
126.88,6344,right,True,0.4362089931964874,0.7031725645065308,9.54208871917217e-08,-0.01725918799638748,0.03668549284338951,-0.02283141389489174,0.0932005,0.181161,observed,1.0,0.444494,0.626323,False
127.0,6350,left,True,0.5625742077827454,0.6905092597007751,-3.4581255192733806e-08,0.006285798270255327,0.05947205796837807,-0.03558743745088577,0.0272715,0.0440504,observed,1.0,0.559993,0.612187,False
127.0,6350,right,True,0.43103715777397156,0.7202418446540833,6.220438564241704e-08,-0.017225932329893112,0.050557155162096024,-0.017892807722091675,0.0559543,0.0985204,observed,1.0,0.439144,0.643412,False
127.14,6357,left,True,0.5525318384170532,0.6860684752464294,-9.010703649892093e-08,0.0059800175949931145,0.056042831391096115,-0.02427617646753788,0.0651465,0.0764913,observed,1.0,0.549562,0.610118,False
127.14,6357,right,True,0.4193853735923767,0.7448316812515259,6.072419012070895e-09,-0.011793224141001701,0.0454578772187233,-0.036490242928266525,0.0812345,0.0580801,observed,1.0,0.425865,0.668434,False
127.26,6363,left,True,0.5437701940536499,0.6625098586082458,-1.3720152480800607e-07,-0.011829380877315998,0.06999138742685318,-0.024189729243516922,0.1955868,0.1051397,observed,1.0,0.553118,0.575993,False
127.26,6363,right,True,0.420559287071228,0.7598032355308533,4.413881171672074e-08,-0.007290719076991081,0.041523609310388565,-0.0415932834148407,0.0206422,0.0505211,observed,1.0,0.423182,0.682026,False
127.38,6369,left,False,,,,,,,,,,0.0,,,False
127.38,6369,right,True,0.41519996523857117,0.7784781455993652,3.435277307062279e-08,-0.006582536268979311,0.03394811600446701,-0.030275126919150352,0.0451024,0.0561318,observed,1.0,0.417369,0.695711,False
127.5,6375,left,False,,,,,,,,,,0.0,,,False
127.5,6375,right,True,0.3925740718841553,0.7653215527534485,1.6734570351673028e-07,-0.0061434181407094,0.05276650935411453,0.03609635680913925,0.1242801,0.0672303,observed,1.0,0.391244,0.675172,False
127.64,6382,left,False,,,,,,,,,,0.0,,,False
127.64,6382,right,False,,,,,,,,,,0.0,,,False
127.76,6388,left,False,,,,,,,,,,0.0,,,False
127.76,6388,right,False,,,,,,,,,,0.0,,,False
127.88,6394,left,False,,,,,,,,,,0.0,,,False
127.88,6394,right,False,,,,,,,,,,0.0,,,False
128.0,6400,left,False,,,,,,,,,,0.0,,,False
128.0,6400,right,False,,,,,,,,,,0.0,,,False
128.14,6407,left,False,,,,,,,,,,0.0,,,False
128.14,6407,right,False,,,,,,,,,,0.0,,,False
128.26,6413,left,True,0.5493634343147278,0.9587341547012329,-1.3751706262610242e-07,0.0009666532278060913,0.08903837949037552,0.01629604585468769,,,,0.0,0.54861,0.8656,False
128.26,6413,right,False,,,,,,,,,,0.0,,,False
128.38,6419,left,True,0.5792684555053711,0.9362133145332336,-8.507921478440039e-08,0.0013001172337681055,0.08399362862110138,0.04223351925611496,0.1715079,0.3289598,observed,1.0,0.575777,0.832668,False
128.38,6419,right,False,,,,,,,,,,0.0,,,False
128.5,6425,left,False,,,,,,,0.4080502,0.3636541,interpolated_for_motion,0.4,0.638422,0.771867,True
128.5,6425,right,False,,,,,,,,,,0.0,,,False
128.64,6432,left,True,0.7177727818489075,0.7742116451263428,-1.5614580206602113e-07,0.01294615026563406,0.06529519706964493,0.05478634685277939,0.3910748,0.3966075,interpolated_for_motion,0.4,0.706889,0.690663,False
128.64,6432,right,False,,,,,,,,,,0.0,,,False
128.76,6438,left,False,,,,,,,,,,0.0,,,False
128.76,6438,right,False,,,,,,,,,,0.0,,,False
128.88,6444,left,False,,,,,,,,,,0.0,,,False
128.88,6444,right,True,0.589073896408081,0.8391047716140747,2.3143376992607045e-08,-0.010534465312957764,0.07405458390712738,0.03894130513072014,,,,0.0,0.588264,0.757068,False
129.0,6450,left,False,,,,,,,,,,0.0,,,False
129.0,6450,right,False,,,,,,,0.149387,0.1502485,interpolated_for_motion,0.4,0.551967,0.751268,True
129.14,6457,left,False,,,,,,,,,,0.0,,,False
129.14,6457,right,True,0.5134568810462952,0.8204678297042847,-7.025092951806755e-09,-0.0031811613589525223,0.07338237017393112,0.03902188315987587,0.1520304,0.1362518,interpolated_for_motion,0.4,0.506915,0.734315,False
129.26,6463,left,False,,,,,,,,,,0.0,,,False
129.26,6463,right,True,0.5048877000808716,0.8543932437896729,-8.07464601848551e-08,-0.0032552070915699005,0.07506062835454941,0.014301416464149952,0.1123438,0.1191683,observed,1.0,0.507436,0.769445,False
129.38,6469,left,False,,,,,,,,,,0.0,,,False
129.38,6469,right,True,0.5090898275375366,0.8919607400894165,-1.1431653490490135e-07,-0.01261265017092228,0.045578233897686005,0.04241792857646942,0.0871936,0.1085929,observed,1.0,0.515001,0.813783,False
129.5,6475,left,False,,,,,,,,,,0.0,,,False
129.5,6475,right,False,,,,,,,,,,0.0,,,False
129.64,6482,left,False,,,,,,,,,,0.0,,,False
129.64,6482,right,False,,,,,,,,,,0.0,,,False
129.76,6488,left,False,,,,,,,,,,0.0,,,False
129.76,6488,right,False,,,,,,,,,,0.0,,,False
129.88,6494,left,False,,,,,,,,,,0.0,,,False
129.88,6494,right,False,,,,,,,,,,0.0,,,False
130.0,6500,left,False,,,,,,,,,,0.0,,,False
130.0,6500,right,False,,,,,,,,,,0.0,,,False
130.14,6507,left,False,,,,,,,,,,0.0,,,False
130.14,6507,right,False,,,,,,,,,,0.0,,,False
130.26,6513,left,False,,,,,,,,,,0.0,,,False
130.26,6513,right,False,,,,,,,,,,0.0,,,False
130.38,6519,left,False,,,,,,,,,,0.0,,,False
130.38,6519,right,False,,,,,,,,,,0.0,,,False
130.5,6525,left,False,,,,,,,,,,0.0,,,False
130.5,6525,right,False,,,,,,,,,,0.0,,,False
130.64,6532,left,False,,,,,,,,,,0.0,,,False
130.64,6532,right,False,,,,,,,,,,0.0,,,False
130.76,6538,left,True,0.31139928102493286,0.9858690500259399,1.1408220501607502e-07,-0.0053990306332707405,0.07954223453998566,0.023867035284638405,,,,0.0,0.317364,0.887213,False
130.76,6538,right,False,,,,,,,,,,0.0,,,False
130.88,6544,left,False,,,,,,,,,,0.0,,,False
130.88,6544,right,False,,,,,,,,,,0.0,,,False
131.0,6550,left,False,,,,,,,,,,0.0,,,False
131.0,6550,right,False,,,,,,,,,,0.0,,,False
131.14,6557,left,False,,,,,,,,,,0.0,,,False
131.14,6557,right,False,,,,,,,,,,0.0,,,False
131.26,6563,left,False,,,,,,,,,,0.0,,,False
131.26,6563,right,False,,,,,,,,,,0.0,,,False
131.38,6569,left,False,,,,,,,,,,0.0,,,False
131.38,6569,right,False,,,,,,,,,,0.0,,,False
131.5,6575,left,False,,,,,,,,,,0.0,,,False
131.5,6575,right,False,,,,,,,,,,0.0,,,False
131.64,6582,left,False,,,,,,,,,,0.0,,,False
131.64,6582,right,False,,,,,,,,,,0.0,,,False
131.76,6588,left,False,,,,,,,,,,0.0,,,False
131.76,6588,right,True,0.4840260148048401,0.7603905200958252,-2.3781139191214606e-07,0.0019727423787117004,0.07991923391819,-0.01827624812722206,,,,0.0,0.478388,0.680515,False
131.88,6594,left,False,,,,,,,,,,0.0,,,False
131.88,6594,right,True,0.5108415484428406,0.7513114809989929,-3.1370481679005024e-07,0.03163836896419525,0.0665285512804985,-0.016662301495671272,0.1012738,0.0850037,observed,1.0,0.486442,0.666129,False
132.0,6600,left,False,,,,,,,,,,0.0,,,False
132.0,6600,right,False,,,,,,,0.077727,0.0812623,interpolated_for_motion,0.4,0.495767,0.685055,True
132.14,6607,left,True,0.609356164932251,0.8704487681388855,-4.1715808585252034e-09,0.050723493099212646,0.04363352060317993,-0.015294062905013561,,,,0.0,0.581362,0.83007,False
132.14,6607,right,False,,,,,,,0.0778749,0.0779768,interpolated_for_motion,0.4,0.499635,0.706659,True
132.26,6613,left,True,0.6059665679931641,0.9015535116195679,1.4058558406304655e-07,0.055842671543359756,0.060251958668231964,-0.020062103867530823,0.0500812,0.1703328,observed,1.0,0.579093,0.850006,False
132.26,6613,right,True,0.4728960692882538,0.7564725279808044,-1.798700850486057e-07,-0.03950680047273636,0.04418791085481644,0.036214958876371384,0.0785745,0.0780894,interpolated_for_motion,0.4,0.493068,0.722099,False
132.38,6619,left,True,0.5713105201721191,0.9223806262016296,2.5178067630804435e-07,0.018225664272904396,0.07618863880634308,-0.0029113604687154293,0.2169749,0.1937004,observed,1.0,0.550798,0.844711,False
132.38,6619,right,False,,,,,,,,,,0.0,,,False
132.5,6625,left,True,0.5415720343589783,0.8988926410675049,1.7818048547724175e-07,0.014508139342069626,0.08789870142936707,-0.006559849716722965,0.2251944,0.1841242,observed,1.0,0.52697,0.817005,False
132.5,6625,right,False,,,,,,,,,,0.0,,,False
132.64,6632,left,True,0.5266720652580261,0.8806239366531372,-5.349525977749181e-08,3.280118107795715e-05,0.08557917177677155,-0.004541093949228525,0.0884878,0.1302723,observed,1.0,0.522383,0.800609,False
132.64,6632,right,False,,,,,,,,,,0.0,,,False
132.76,6638,left,True,0.5224378705024719,0.8568069934844971,-1.450235060929117e-07,-0.01345114316791296,0.0921221375465393,0.012231801636517048,0.0988152,0.1293127,observed,1.0,0.529866,0.772221,False
132.76,6638,right,False,,,,,,,,,,0.0,,,False
132.88,6644,left,True,0.5391296744346619,0.8367528319358826,-1.3225522366155928e-07,-0.025189034640789032,0.07804366201162338,0.016249563544988632,0.1618121,0.1809349,observed,1.0,0.555254,0.753526,False
132.88,6644,right,False,,,,,,,,,,0.0,,,False
133.0,6650,left,True,0.561151921749115,0.7361002564430237,-2.0527991750896035e-08,0.024339912459254265,0.06495539844036102,0.021090544760227203,0.3448889,0.2580022,observed,1.0,0.546504,0.680135,False
133.0,6650,right,True,0.3879670202732086,0.8854615092277527,1.8397345513676555e-07,-0.0059903524816036224,0.0784478634595871,0.05928771570324898,,,,0.0,0.389011,0.795734,False
133.14,6657,left,False,,,,,,,0.3139806,0.3137849,interpolated_for_motion,0.4,0.50876,0.683145,True
133.14,6657,right,True,0.37863701581954956,0.8782480955123901,3.272949129495828e-07,-0.00908405240625143,0.07486320286989212,0.022276563569903374,0.098597,0.1331334,observed,1.0,0.385576,0.79942,False
133.26,6663,left,False,,,,,,,0.3134765,0.3135171,interpolated_for_motion,0.4,0.473189,0.687728,True
133.26,6663,right,True,0.3864017724990845,0.8488917350769043,2.4905637019401183e-07,-0.016614902764558792,0.08458821475505829,0.03473132476210594,0.1414414,0.1494259,observed,1.0,0.394939,0.763389,False
133.38,6669,left,True,0.4236887991428375,0.7710606455802917,1.0875960043676969e-07,-0.02348671853542328,0.08038726449012756,0.029067138209939003,0.3127592,0.3133207,interpolated_for_motion,0.4,0.433485,0.692264,False
133.38,6669,right,True,0.42024117708206177,0.8143584132194519,3.0041690024518175e-07,-0.009417848661541939,0.09402602910995483,0.00958982016891241,0.2824675,0.1681953,observed,1.0,0.424741,0.712972,False
133.5,6675,left,False,,,,,,,,,,0.0,,,False
133.5,6675,right,False,,,,,,,0.1828692,0.1804802,interpolated_for_motion,0.4,0.438184,0.75587,True
133.64,6682,left,False,,,,,,,,,,0.0,,,False
133.64,6682,right,False,,,,,,,0.1837772,0.1831885,interpolated_for_motion,0.4,0.442179,0.799926,True
133.76,6688,left,False,,,,,,,,,,0.0,,,False
133.76,6688,right,False,,,,,,,0.183057,0.1829178,interpolated_for_motion,0.4,0.447061,0.828637,True
133.88,6694,left,False,,,,,,,,,,0.0,,,False
133.88,6694,right,True,0.4552299976348877,0.9846969246864319,1.2520454895081912e-08,-0.0020158514380455017,0.07829293608665466,0.027914825826883316,0.1820592,0.1827781,interpolated_for_motion,0.4,0.452674,0.860733,False
134.0,6700,left,False,,,,,,,,,,0.0,,,False
134.0,6700,right,False,,,,,,,,,,0.0,,,False
134.14,6707,left,False,,,,,,,,,,0.0,,,False
134.14,6707,right,False,,,,,,,,,,0.0,,,False
134.26,6713,left,False,,,,,,,,,,0.0,,,False
134.26,6713,right,False,,,,,,,,,,0.0,,,False
134.38,6719,left,True,0.44452357292175293,0.8568881750106812,3.0735978207019343e-09,0.011462418362498283,0.08240697532892227,0.03755016624927521,,,,0.0,0.43934,0.773512,False
134.38,6719,right,False,,,,,,,,,,0.0,,,False
134.5,6725,left,False,,,,,,,0.2461204,0.2426471,interpolated_for_motion,0.4,0.421347,0.819961,True
134.5,6725,right,True,0.43520587682724,0.9657092094421387,-3.4262683357155765e-07,0.02163083478808403,0.07271020859479904,-0.0004786951176356524,,,,0.0,0.421857,0.870469,False
134.64,6732,left,True,0.4230215847492218,0.9870964884757996,-1.9077982926773984e-07,0.027035510167479515,0.09480588883161545,0.013535822741687298,0.2409676,0.2419927,interpolated_for_motion,0.4,0.403526,0.888468,False
134.64,6732,right,False,,,,,,,0.1491764,0.1476617,interpolated_for_motion,0.4,0.386771,0.837476,True
134.76,6738,left,True,0.4227869510650635,0.9305989742279053,-3.772339240981637e-08,0.053276900202035904,0.06077294796705246,0.059587012976408005,0.2212087,0.2430385,observed,1.0,0.370721,0.843248,False
134.76,6738,right,True,0.4026922583580017,0.8972554802894592,-1.8190495154613018e-07,0.05074848607182503,0.056397490203380585,0.04116944596171379,0.146147,0.1476617,interpolated_for_motion,0.4,0.358495,0.810671,False
134.88,6744,left,True,0.3919582664966583,0.8836070895195007,3.9162323162145185e-08,0.06655730307102203,0.05659901350736618,0.04303937032818794,0.2812502,0.2452474,observed,1.0,0.333702,0.799503,False
134.88,6744,right,False,,,,,,,,,,0.0,,,False
135.0,6750,left,True,0.3755742311477661,0.9503275156021118,-2.946894142041856e-07,0.04603875055909157,0.058313675224781036,0.01816060207784176,0.2473183,0.234009,observed,1.0,0.32988,0.853023,False
135.0,6750,right,False,,,,,,,,,,0.0,,,False
135.14,6757,left,True,0.3531462550163269,0.9329658150672913,2.358369854960074e-08,0.06330323964357376,0.0694810301065445,0.04692845419049263,0.1506613,0.1992043,observed,1.0,0.295257,0.840586,False
135.14,6757,right,False,,,,,,,,,,0.0,,,False
135.26,6763,left,True,0.3368741571903229,0.9047504663467407,8.720541444517949e-08,0.06799933314323425,0.02039387822151184,0.023965734988451004,0.1913077,0.1788454,observed,1.0,0.252397,0.867014,False
135.26,6763,right,False,,,,,,,,,,0.0,,,False
135.38,6769,left,False,,,,,,,,,,0.0,,,False
135.38,6769,right,False,,,,,,,,,,0.0,,,False
135.5,6775,left,False,,,,,,,,,,0.0,,,False
135.5,6775,right,False,,,,,,,,,,0.0,,,False
135.64,6782,left,False,,,,,,,,,,0.0,,,False
135.64,6782,right,False,,,,,,,,,,0.0,,,False
135.76,6788,left,False,,,,,,,,,,0.0,,,False
135.76,6788,right,False,,,,,,,,,,0.0,,,False
135.88,6794,left,False,,,,,,,,,,0.0,,,False
135.88,6794,right,False,,,,,,,,,,0.0,,,False
136.0,6800,left,False,,,,,,,,,,0.0,,,False
136.0,6800,right,False,,,,,,,,,,0.0,,,False
136.14,6807,left,False,,,,,,,,,,0.0,,,False
136.14,6807,right,False,,,,,,,,,,0.0,,,False
136.26,6813,left,False,,,,,,,,,,0.0,,,False
136.26,6813,right,True,0.6957283020019531,0.8607527613639832,-3.5309302148789357e-08,-0.03901246190071106,0.09098684787750244,0.03815876320004463,,,,0.0,0.714412,0.774047,False
136.38,6819,left,False,,,,,,,,,,0.0,,,False
136.38,6819,right,False,,,,,,,0.4717669,0.476065,interpolated_for_motion,0.4,0.645891,0.802157,True
136.5,6825,left,False,,,,,,,,,,0.0,,,False
136.5,6825,right,False,,,,,,,0.4813166,0.4756683,interpolated_for_motion,0.4,0.584162,0.8281,True
136.64,6832,left,True,0.7244080305099487,0.9503598809242249,5.936763258773681e-08,0.007730821613222361,0.09100821614265442,0.008248343132436275,,,,0.0,0.712982,0.816046,False
136.64,6832,right,False,,,,,,,0.4753092,0.4734524,interpolated_for_motion,0.4,0.51813,0.852929,True
136.76,6838,left,False,,,,,,,0.1886028,0.1977754,interpolated_for_motion,0.4,0.702247,0.852655,True
136.76,6838,right,True,0.46041804552078247,0.985769510269165,1.8139705559860886e-07,-0.007579760160297155,0.08750477433204651,0.02679303102195263,0.4625641,0.4714015,interpolated_for_motion,0.4,0.468374,0.843598,False
136.88,6844,left,True,0.67735356092453,1.0281257629394531,1.8308999472083087e-07,-0.016495678573846817,0.0766725093126297,0.025840919464826584,0.1793231,0.2243958,interpolated_for_motion,0.4,0.68987,0.891412,False
136.88,6844,right,False,,,,,,,,,,0.0,,,False
137.0,6850,left,True,0.7668432593345642,0.9784221053123474,2.3418269279318338e-07,-0.022452998906373978,0.07598301768302917,0.013238577172160149,0.4638223,0.2625149,observed,1.0,0.781034,0.862761,False
137.0,6850,right,False,,,,,,,,,,0.0,,,False
137.14,6857,left,False,,,,,,,,,,0.0,,,False
137.14,6857,right,False,,,,,,,,,,0.0,,,False
137.26,6863,left,False,,,,,,,,,,0.0,,,False
137.26,6863,right,False,,,,,,,,,,0.0,,,False
137.38,6869,left,False,,,,,,,,,,0.0,,,False
137.38,6869,right,False,,,,,,,,,,0.0,,,False
137.5,6875,left,False,,,,,,,,,,0.0,,,False
137.5,6875,right,False,,,,,,,,,,0.0,,,False
137.64,6882,left,False,,,,,,,,,,0.0,,,False
137.64,6882,right,False,,,,,,,,,,0.0,,,False
137.76,6888,left,False,,,,,,,,,,0.0,,,False
137.76,6888,right,False,,,,,,,,,,0.0,,,False
137.88,6894,left,False,,,,,,,,,,0.0,,,False
137.88,6894,right,False,,,,,,,,,,0.0,,,False
138.0,6900,left,False,,,,,,,,,,0.0,,,False
138.0,6900,right,False,,,,,,,,,,0.0,,,False
138.14,6907,left,False,,,,,,,,,,0.0,,,False
138.14,6907,right,False,,,,,,,,,,0.0,,,False
138.26,6913,left,False,,,,,,,,,,0.0,,,False
138.26,6913,right,False,,,,,,,,,,0.0,,,False
138.38,6919,left,False,,,,,,,,,,0.0,,,False
138.38,6919,right,False,,,,,,,,,,0.0,,,False
138.5,6925,left,False,,,,,,,,,,0.0,,,False
138.5,6925,right,False,,,,,,,,,,0.0,,,False
138.64,6932,left,False,,,,,,,,,,0.0,,,False
138.64,6932,right,False,,,,,,,,,,0.0,,,False
138.76,6938,left,False,,,,,,,,,,0.0,,,False
138.76,6938,right,False,,,,,,,,,,0.0,,,False
138.88,6944,left,False,,,,,,,,,,0.0,,,False
138.88,6944,right,False,,,,,,,,,,0.0,,,False
139.0,6950,left,False,,,,,,,,,,0.0,,,False
139.0,6950,right,False,,,,,,,,,,0.0,,,False
139.14,6957,left,False,,,,,,,,,,0.0,,,False
139.14,6957,right,True,0.2995438277721405,0.9694745540618896,1.9574335397010145e-07,-0.004641421139240265,0.08792579919099808,-0.019186312332749367,,,,0.0,0.305259,0.883077,False
139.26,6963,left,True,0.3669776916503906,0.8468833565711975,1.8923644518054061e-07,-0.013397450558841228,0.028181688860058784,0.013836360536515713,,,,0.0,0.382481,0.810856,False
139.26,6963,right,False,,,,,,,0.5147807,0.4945664,interpolated_for_motion,0.4,0.358078,0.849549,True
139.38,6969,left,True,0.4003303647041321,0.878546953201294,1.0366651537196958e-07,-0.04492848366498947,0.04795950651168823,-0.00486775953322649,0.3136268,0.3136268,observed,1.0,0.430046,0.826074,False
139.38,6969,right,True,0.40353885293006897,0.8659304976463318,2.448472002924973e-07,-0.011209715157747269,0.0726044699549675,-0.028487177565693855,0.556337,0.4202523,interpolated_for_motion,0.4,0.411881,0.806537,False
139.5,6975,left,False,,,,,,,,,,0.0,,,False
139.5,6975,right,True,0.4211856722831726,0.9122097492218018,4.5049411312447774e-08,-0.022439178079366684,0.06727541983127594,-0.03951647877693176,0.0850023,0.2786756,observed,1.0,0.432646,0.843603,False
139.64,6982,left,False,,,,,,,,,,0.0,,,False
139.64,6982,right,True,0.41881856322288513,0.9494381546974182,-1.9518546778840573e-08,-0.03140224516391754,0.05951022729277611,0.005709266755729914,0.1550858,0.1784934,observed,1.0,0.435382,0.876273,False
139.76,6988,left,False,,,,,,,,,,0.0,,,False
139.76,6988,right,True,0.4045252203941345,0.9787791967391968,-3.536770165624148e-08,-0.030285079032182693,0.05591116473078728,0.0481695719063282,0.2178868,0.2088705,observed,1.0,0.423869,0.903511,False
139.88,6994,left,False,,,,,,,,,,0.0,,,False
139.88,6994,right,True,0.39148712158203125,1.0176934003829956,1.4473171461304446e-07,-0.02641701139509678,0.07032863050699234,0.018878236413002014,0.2788357,0.2293633,observed,1.0,0.410507,0.944222,False
140.0,7000,left,False,,,,,,,,,,0.0,,,False
140.0,7000,right,False,,,,,,,,,,0.0,,,False
140.14,7007,left,False,,,,,,,,,,0.0,,,False
140.14,7007,right,False,,,,,,,,,,0.0,,,False
140.26,7013,left,False,,,,,,,,,,0.0,,,False
140.26,7013,right,False,,,,,,,,,,0.0,,,False
140.38,7019,left,False,,,,,,,,,,0.0,,,False
140.38,7019,right,False,,,,,,,,,,0.0,,,False
140.5,7025,left,False,,,,,,,,,,0.0,,,False
140.5,7025,right,False,,,,,,,,,,0.0,,,False
140.64,7032,left,False,,,,,,,,,,0.0,,,False
140.64,7032,right,False,,,,,,,,,,0.0,,,False
140.76,7038,left,False,,,,,,,,,,0.0,,,False
140.76,7038,right,False,,,,,,,,,,0.0,,,False
140.88,7044,left,False,,,,,,,,,,0.0,,,False
140.88,7044,right,False,,,,,,,,,,0.0,,,False
141.0,7050,left,False,,,,,,,,,,0.0,,,False
141.0,7050,right,False,,,,,,,,,,0.0,,,False
141.14,7057,left,False,,,,,,,,,,0.0,,,False
141.14,7057,right,False,,,,,,,,,,0.0,,,False
141.26,7063,left,False,,,,,,,,,,0.0,,,False
141.26,7063,right,False,,,,,,,,,,0.0,,,False
141.38,7069,left,False,,,,,,,,,,0.0,,,False
141.38,7069,right,False,,,,,,,,,,0.0,,,False
141.5,7075,left,False,,,,,,,,,,0.0,,,False
141.5,7075,right,False,,,,,,,,,,0.0,,,False
141.64,7082,left,False,,,,,,,,,,0.0,,,False
141.64,7082,right,False,,,,,,,,,,0.0,,,False
141.76,7088,left,False,,,,,,,,,,0.0,,,False
141.76,7088,right,False,,,,,,,,,,0.0,,,False
141.88,7094,left,True,0.5839035511016846,0.8515772223472595,-1.4717932117491728e-07,0.017656993120908737,0.08504757285118103,-0.014398576691746712,,,,0.0,0.576143,0.772153,False
141.88,7094,right,False,,,,,,,,,,0.0,,,False
142.0,7100,left,False,,,,,,,,,,0.0,,,False
142.0,7100,right,False,,,,,,,,,,0.0,,,False
142.14,7107,left,False,,,,,,,,,,0.0,,,False
142.14,7107,right,False,,,,,,,,,,0.0,,,False
142.26,7113,left,False,,,,,,,,,,0.0,,,False
142.26,7113,right,False,,,,,,,,,,0.0,,,False
142.38,7119,left,False,,,,,,,,,,0.0,,,False
142.38,7119,right,False,,,,,,,,,,0.0,,,False
142.5,7125,left,False,,,,,,,,,,0.0,,,False
142.5,7125,right,False,,,,,,,,,,0.0,,,False
142.64,7132,left,False,,,,,,,,,,0.0,,,False
142.64,7132,right,False,,,,,,,,,,0.0,,,False
142.76,7138,left,False,,,,,,,,,,0.0,,,False
142.76,7138,right,False,,,,,,,,,,0.0,,,False
142.88,7144,left,False,,,,,,,,,,0.0,,,False
142.88,7144,right,False,,,,,,,,,,0.0,,,False
143.0,7150,left,False,,,,,,,,,,0.0,,,False
143.0,7150,right,False,,,,,,,,,,0.0,,,False
143.14,7157,left,False,,,,,,,,,,0.0,,,False
143.14,7157,right,False,,,,,,,,,,0.0,,,False
143.26,7163,left,False,,,,,,,,,,0.0,,,False
143.26,7163,right,False,,,,,,,,,,0.0,,,False
143.38,7169,left,False,,,,,,,,,,0.0,,,False
143.38,7169,right,False,,,,,,,,,,0.0,,,False
143.5,7175,left,False,,,,,,,,,,0.0,,,False
143.5,7175,right,False,,,,,,,,,,0.0,,,False
143.64,7182,left,False,,,,,,,,,,0.0,,,False
143.64,7182,right,False,,,,,,,,,,0.0,,,False
143.76,7188,left,True,0.44912809133529663,0.19428682327270508,-4.026008681989879e-08,-0.011707011610269547,-0.07963113486766815,0.005969242658466101,,,,0.0,0.457453,0.255712,False
143.76,7188,right,False,,,,,,,,,,0.0,,,False
143.88,7194,left,False,,,,,,,,,,0.0,,,False
143.88,7194,right,False,,,,,,,,,,0.0,,,False
144.0,7200,left,False,,,,,,,,,,0.0,,,False
144.0,7200,right,False,,,,,,,,,,0.0,,,False
144.14,7207,left,False,,,,,,,,,,0.0,,,False
144.14,7207,right,True,0.3795541226863861,0.9147325158119202,2.0126896060901345e-07,-0.013670239597558975,0.08391459286212921,0.0327586866915226,,,,0.0,0.389736,0.823197,False
144.26,7213,left,False,,,,,,,,,,0.0,,,False
144.26,7213,right,False,,,,,,,,,,0.0,,,False
144.38,7219,left,False,,,,,,,,,,0.0,,,False
144.38,7219,right,False,,,,,,,,,,0.0,,,False
144.5,7225,left,False,,,,,,,,,,0.0,,,False
144.5,7225,right,False,,,,,,,,,,0.0,,,False
144.64,7232,left,False,,,,,,,,,,0.0,,,False
144.64,7232,right,False,,,,,,,,,,0.0,,,False
144.76,7238,left,False,,,,,,,,,,0.0,,,False
144.76,7238,right,False,,,,,,,,,,0.0,,,False
144.88,7244,left,True,0.7844152450561523,0.895805835723877,1.4520647084736993e-07,-0.02108384296298027,0.09192368388175964,0.01865922473371029,,,,0.0,0.79646,0.775094,False
144.88,7244,right,False,,,,,,,,,,0.0,,,False
145.0,7250,left,False,,,,,,,,,,0.0,,,False
145.0,7250,right,False,,,,,,,,,,0.0,,,False
145.14,7257,left,False,,,,,,,,,,0.0,,,False
145.14,7257,right,False,,,,,,,,,,0.0,,,False
145.26,7263,left,False,,,,,,,,,,0.0,,,False
145.26,7263,right,False,,,,,,,,,,0.0,,,False
145.38,7269,left,False,,,,,,,,,,0.0,,,False
145.38,7269,right,False,,,,,,,,,,0.0,,,False
145.5,7275,left,False,,,,,,,,,,0.0,,,False
145.5,7275,right,False,,,,,,,,,,0.0,,,False
145.64,7282,left,False,,,,,,,,,,0.0,,,False
145.64,7282,right,False,,,,,,,,,,0.0,,,False
145.76,7288,left,False,,,,,,,,,,0.0,,,False
145.76,7288,right,False,,,,,,,,,,0.0,,,False
145.88,7294,left,False,,,,,,,,,,0.0,,,False
145.88,7294,right,False,,,,,,,,,,0.0,,,False
146.0,7300,left,False,,,,,,,,,,0.0,,,False
146.0,7300,right,False,,,,,,,,,,0.0,,,False
146.14,7307,left,False,,,,,,,,,,0.0,,,False
146.14,7307,right,False,,,,,,,,,,0.0,,,False
146.26,7313,left,False,,,,,,,,,,0.0,,,False
146.26,7313,right,False,,,,,,,,,,0.0,,,False
146.38,7319,left,False,,,,,,,,,,0.0,,,False
146.38,7319,right,False,,,,,,,,,,0.0,,,False
146.5,7325,left,False,,,,,,,,,,0.0,,,False
146.5,7325,right,False,,,,,,,,,,0.0,,,False
146.64,7332,left,False,,,,,,,,,,0.0,,,False
146.64,7332,right,False,,,,,,,,,,0.0,,,False
146.76,7338,left,False,,,,,,,,,,0.0,,,False
146.76,7338,right,False,,,,,,,,,,0.0,,,False
146.88,7344,left,False,,,,,,,,,,0.0,,,False
146.88,7344,right,False,,,,,,,,,,0.0,,,False
147.0,7350,left,True,0.7801900506019592,0.8288516402244568,4.2498591312778444e-08,-0.004148202948272228,0.08413981646299362,0.023147575557231903,,,,0.0,0.785917,0.696381,False
147.0,7350,right,False,,,,,,,,,,0.0,,,False
147.14,7357,left,False,,,,,,,,,,0.0,,,False
147.14,7357,right,False,,,,,,,,,,0.0,,,False
147.26,7363,left,False,,,,,,,,,,0.0,,,False
147.26,7363,right,False,,,,,,,,,,0.0,,,False
147.38,7369,left,False,,,,,,,,,,0.0,,,False
147.38,7369,right,True,0.4565412998199463,0.9978199601173401,8.165795861714287e-08,0.03783223778009415,0.04829884693026543,0.07522815465927124,,,,0.0,0.431668,0.923853,False
147.5,7375,left,False,,,,,,,,,,0.0,,,False
147.5,7375,right,True,0.48164933919906616,0.9385789036750793,-3.29304619128834e-08,0.04421760514378548,0.053195007145404816,0.044515401124954224,0.3787742,0.3787742,observed,1.0,0.446539,0.851251,False
147.64,7382,left,False,,,,,,,,,,0.0,,,False
147.64,7382,right,False,,,,,,,,,,0.0,,,False
147.76,7388,left,True,0.7230107188224792,0.8332751393318176,7.607792440467165e-08,0.016383707523345947,0.01553252711892128,0.06209709867835045,,,,0.0,0.716737,0.711362,False
147.76,7388,right,False,,,,,,,,,,0.0,,,False
147.88,7394,left,True,0.7129542231559753,0.7826258540153503,1.2318805886479822e-07,0.005940929055213928,0.09351329505443573,0.013088476844131947,0.3893743,0.1331482,observed,1.0,0.711661,0.633317,False
147.88,7394,right,False,,,,,,,,,,0.0,,,False
148.0,7400,left,False,,,,,,,0.019852,0.073686,interpolated_for_motion,0.4,0.736865,0.635239,True
148.0,7400,right,False,,,,,,,,,,0.0,,,False
148.14,7407,left,True,0.6899239420890808,0.7722525000572205,3.7720241152783274e-08,-0.021212507039308548,0.061216164380311966,0.0412839837372303,0.01616,0.2652277,interpolated_for_motion,0.4,0.71267,0.691525,False
148.14,7407,right,False,,,,,,,,,,0.0,,,False
148.26,7413,left,True,0.6106614470481873,0.9850103855133057,-1.3161037593079072e-08,-0.005092446692287922,0.08038890361785889,0.0538913868367672,0.6940213,0.5967066,observed,1.0,0.611854,0.859119,False
148.26,7413,right,False,,,,,,,,,,0.0,,,False
148.38,7419,left,True,0.455045223236084,0.7935982942581177,3.089305167236489e-08,0.018584400415420532,0.06338634341955185,0.07468058168888092,1.3199779,0.8119815,observed,1.0,0.444123,0.680022,False
148.38,7419,right,False,,,,,,,,,,0.0,,,False
148.5,7425,left,True,0.3251587450504303,0.6609688401222229,-3.742902094927558e-07,0.006322404369711876,0.0551941841840744,-0.004132081288844347,0.9345051,0.8776177,observed,1.0,0.319386,0.544371,False
148.5,7425,right,False,,,,,,,,,,0.0,,,False
148.64,7432,left,True,0.30829501152038574,0.7944812774658203,-3.5451677149467287e-07,0.009518325328826904,0.03541263937950134,-0.03847170248627663,0.5821701,0.8196696,observed,1.0,0.27893,0.696346,False
148.64,7432,right,False,,,,,,,,,,0.0,,,False
148.76,7438,left,False,,,,,,,,,,0.0,,,False
148.76,7438,right,False,,,,,,,,,,0.0,,,False
148.88,7444,left,False,,,,,,,,,,0.0,,,False
148.88,7444,right,False,,,,,,,,,,0.0,,,False
149.0,7450,left,False,,,,,,,,,,0.0,,,False
149.0,7450,right,False,,,,,,,,,,0.0,,,False
149.14,7457,left,False,,,,,,,,,,0.0,,,False
149.14,7457,right,False,,,,,,,,,,0.0,,,False
149.26,7463,left,False,,,,,,,,,,0.0,,,False
149.26,7463,right,False,,,,,,,,,,0.0,,,False
149.38,7469,left,False,,,,,,,,,,0.0,,,False
149.38,7469,right,False,,,,,,,,,,0.0,,,False
149.5,7475,left,False,,,,,,,,,,0.0,,,False
149.5,7475,right,False,,,,,,,,,,0.0,,,False
149.64,7482,left,False,,,,,,,,,,0.0,,,False
149.64,7482,right,False,,,,,,,,,,0.0,,,False
149.76,7488,left,False,,,,,,,,,,0.0,,,False
149.76,7488,right,False,,,,,,,,,,0.0,,,False
149.88,7494,left,False,,,,,,,,,,0.0,,,False
149.88,7494,right,False,,,,,,,,,,0.0,,,False
150.0,7500,left,False,,,,,,,,,,0.0,,,False
150.0,7500,right,False,,,,,,,,,,0.0,,,False
150.14,7507,left,False,,,,,,,,,,0.0,,,False
150.14,7507,right,False,,,,,,,,,,0.0,,,False
150.26,7513,left,False,,,,,,,,,,0.0,,,False
150.26,7513,right,False,,,,,,,,,,0.0,,,False
150.38,7519,left,False,,,,,,,,,,0.0,,,False
150.38,7519,right,False,,,,,,,,,,0.0,,,False
150.5,7525,left,False,,,,,,,,,,0.0,,,False
150.5,7525,right,False,,,,,,,,,,0.0,,,False
150.64,7532,left,False,,,,,,,,,,0.0,,,False
150.64,7532,right,False,,,,,,,,,,0.0,,,False
150.76,7538,left,False,,,,,,,,,,0.0,,,False
150.76,7538,right,False,,,,,,,,,,0.0,,,False
150.88,7544,left,True,0.27167046070098877,1.0044264793395996,5.383833467931254e-08,-0.059002362191677094,0.0565594919025898,0.04904812574386597,,,,0.0,0.30726,0.963502,False
150.88,7544,right,False,,,,,,,,,,0.0,,,False
151.0,7550,left,False,,,,,,,0.4802745,0.4790401,interpolated_for_motion,0.4,0.34459,0.920965,True
151.0,7550,right,True,0.3043287396430969,0.9561041593551636,4.1624343083412896e-08,-0.0517682246863842,0.0484592579305172,0.02475210465490818,,,,0.0,0.340637,0.901929,False
151.14,7557,left,False,,,,,,,0.4764871,0.4795485,interpolated_for_motion,0.4,0.406687,0.862941,True
151.14,7557,right,True,0.37196019291877747,0.8711901307106018,5.759529742022096e-08,-0.05919802933931351,0.039220839738845825,0.02146010659635067,0.5339612,0.3361408,observed,1.0,0.407544,0.830282,False
151.26,7563,left,True,0.40196287631988525,0.8146902322769165,3.651247837410665e-08,-0.05343535169959068,0.025792501866817474,0.0258165393024683,0.4822853,0.4797298,interpolated_for_motion,0.4,0.436422,0.784257,False
151.26,7563,right,True,0.3855314552783966,0.8450878262519836,2.0282578816477326e-07,-0.051588352769613266,0.030381811782717705,-0.05132054165005684,0.2671749,0.2753519,observed,1.0,0.423961,0.799874,False
151.38,7569,left,False,,,,,,,,,,0.0,,,False
151.38,7569,right,True,0.39797142148017883,0.8145578503608704,2.1367114300119283e-07,-0.05437345802783966,0.033258210867643356,-0.051574841141700745,0.2039634,0.2094692,observed,1.0,0.435764,0.771849,False
151.5,7575,left,False,,,,,,,,,,0.0,,,False
151.5,7575,right,True,0.4073452949523926,0.8035944104194641,1.7958539899609605e-07,-0.0416225790977478,0.03076951578259468,-0.05599043145775795,0.1084545,0.1469572,observed,1.0,0.439944,0.762746,False
151.64,7582,left,False,,,,,,,,,,0.0,,,False
151.64,7582,right,True,0.40606650710105896,0.7951158881187439,1.199531567408485e-07,-0.046570561826229095,0.027813635766506195,-0.02478286251425743,0.1125309,0.1111882,observed,1.0,0.436466,0.759495,False
151.76,7588,left,False,,,,,,,,,,0.0,,,False
151.76,7588,right,True,0.38346490263938904,0.7902270555496216,1.0687421791999441e-07,-0.04277250915765762,0.023232605308294296,-0.011278834193944931,0.0397654,0.1134396,observed,1.0,0.414342,0.760607,False
151.88,7594,left,True,0.3640720844268799,0.7853806614875793,2.004149557421897e-08,-0.0440395250916481,0.02354753203690052,-0.011106650345027447,,,,0.0,0.395039,0.75485,False
151.88,7594,right,True,0.36215901374816895,0.771970272064209,1.0276040995904623e-07,-0.013636238873004913,0.04165823385119438,0.03272417560219765,0.1290474,0.1163382,observed,1.0,0.379359,0.722538,False
152.0,7600,left,False,,,,,,,,,,0.0,,,False
152.0,7600,right,False,,,,,,,0.1185762,0.1181642,interpolated_for_motion,0.4,0.343927,0.703496,True
152.14,7607,left,True,0.6329930424690247,1.0032347440719604,-1.42338279829346e-07,-0.005032561719417572,0.06789617985486984,0.04756471514701843,,,,0.0,0.641855,0.924297,False
152.14,7607,right,True,0.29838910698890686,0.769066572189331,1.7245136518795334e-07,-0.01134718768298626,0.07257260382175446,0.03666060417890549,0.1178542,0.1812042,interpolated_for_motion,0.4,0.304483,0.696568,False
152.26,7613,left,True,0.6294653415679932,0.9517086744308472,3.303157569689574e-08,-0.004033956676721573,0.08536910265684128,0.02807433344423771,0.1980502,0.3378051,observed,1.0,0.634478,0.86256,False
152.26,7613,right,False,,,,,,,0.3034123,0.2515671,interpolated_for_motion,0.4,0.264294,0.747589,True
152.38,7619,left,True,0.6178058385848999,0.7917566895484924,-1.2124060333462694e-07,-0.011907446198165417,0.07563690841197968,0.016792764887213707,0.6175895,0.2933521,observed,1.0,0.626913,0.711218,False
152.38,7619,right,True,0.21989744901657104,0.8942326307296753,2.1552268947289122e-07,-0.025001881644129753,0.07495179027318954,0.01120768953114748,0.3029103,0.2867395,interpolated_for_motion,0.4,0.234174,0.804502,False
152.5,7625,left,True,0.6048315167427063,0.7551506757736206,1.811002725560229e-08,-0.012450438924133778,0.09580503404140472,0.014697801321744919,0.2490764,0.2400958,observed,1.0,0.610242,0.660977,False
152.5,7625,right,False,,,,,,,,,,0.0,,,False
152.64,7632,left,True,0.5974993109703064,0.7150088548660278,5.8702795513454475e-08,-0.009022891521453857,0.09004919230937958,-0.000986819271929562,0.162959,0.1614981,observed,1.0,0.597605,0.625985,False
152.64,7632,right,False,,,,,,,,,,0.0,,,False
152.76,7638,left,True,0.5887064933776855,0.7021352052688599,-4.042952639338182e-08,-0.0012041589943692088,0.08249105513095856,0.006271119695156813,0.0977428,0.1123671,observed,1.0,0.587056,0.615726,False
152.76,7638,right,False,,,,,,,,,,0.0,,,False
152.88,7644,left,True,0.5834136009216309,0.6902248859405518,-4.764520866729072e-08,0.01149088516831398,0.08666447550058365,0.02098717726767063,0.1010298,0.0879893,observed,1.0,0.57535,0.606332,False
152.88,7644,right,False,,,,,,,,,,0.0,,,False
153.0,7650,left,True,0.5817681550979614,0.6822215914726257,-1.3191186098993057e-07,0.012287197634577751,0.08561445027589798,0.02211173065006733,0.0406708,0.059213,observed,1.0,0.575571,0.596691,False
153.0,7650,right,False,,,,,,,,,,0.0,,,False
153.14,7657,left,True,0.5740029811859131,0.6634302139282227,-9.33918045120663e-08,0.007203376851975918,0.08166216313838959,0.0048474716022610664,0.0128499,0.0436337,observed,1.0,0.569892,0.581387,False
153.14,7657,right,False,,,,,,,,,,0.0,,,False
153.26,7663,left,True,0.5648206472396851,0.6550422310829163,-1.1073074546175121e-07,0.006681899074465036,0.07598286867141724,0.013563031330704689,0.0360302,0.0812799,observed,1.0,0.563167,0.575959,False
153.26,7663,right,False,,,,,,,,,,0.0,,,False
153.38,7669,left,True,0.5574432611465454,0.6650336980819702,-1.7621157866187787e-08,3.882497549057007e-05,0.07973398268222809,0.009367464110255241,0.1319554,0.1563372,observed,1.0,0.559431,0.587408,False
153.38,7669,right,False,,,,,,,,,,0.0,,,False
153.5,7675,left,True,0.5493446588516235,0.7024472951889038,-1.99524947674945e-07,-0.007212523370981216,0.054744429886341095,0.05285005271434784,0.3454918,0.3228761,observed,1.0,0.55803,0.638573,False
153.5,7675,right,False,,,,,,,,,,0.0,,,False
153.64,7682,left,True,0.5594800114631653,0.9372059106826782,-2.300797774523744e-07,0.004261169116944075,0.06045287847518921,0.045867204666137695,0.8365926,0.5055549,observed,1.0,0.553046,0.838172,False
153.64,7682,right,False,,,,,,,,,,0.0,,,False
153.76,7688,left,False,,,,,,,,,,0.0,,,False
153.76,7688,right,False,,,,,,,,,,0.0,,,False
153.88,7694,left,False,,,,,,,,,,0.0,,,False
153.88,7694,right,False,,,,,,,,,,0.0,,,False
154.0,7700,left,False,,,,,,,,,,0.0,,,False
154.0,7700,right,False,,,,,,,,,,0.0,,,False
154.14,7707,left,False,,,,,,,,,,0.0,,,False
154.14,7707,right,False,,,,,,,,,,0.0,,,False
154.26,7713,left,False,,,,,,,,,,0.0,,,False
154.26,7713,right,False,,,,,,,,,,0.0,,,False
154.38,7719,left,False,,,,,,,,,,0.0,,,False
154.38,7719,right,False,,,,,,,,,,0.0,,,False
154.5,7725,left,False,,,,,,,,,,0.0,,,False
154.5,7725,right,False,,,,,,,,,,0.0,,,False
154.64,7732,left,False,,,,,,,,,,0.0,,,False
154.64,7732,right,False,,,,,,,,,,0.0,,,False
154.76,7738,left,False,,,,,,,,,,0.0,,,False
154.76,7738,right,False,,,,,,,,,,0.0,,,False
154.88,7744,left,False,,,,,,,,,,0.0,,,False
154.88,7744,right,False,,,,,,,,,,0.0,,,False
155.0,7750,left,False,,,,,,,,,,0.0,,,False
155.0,7750,right,False,,,,,,,,,,0.0,,,False
155.14,7757,left,False,,,,,,,,,,0.0,,,False
155.14,7757,right,False,,,,,,,,,,0.0,,,False
155.26,7763,left,False,,,,,,,,,,0.0,,,False
155.26,7763,right,False,,,,,,,,,,0.0,,,False
155.38,7769,left,False,,,,,,,,,,0.0,,,False
155.38,7769,right,False,,,,,,,,,,0.0,,,False
155.5,7775,left,True,0.6753260493278503,0.8881798982620239,-8.383717187143702e-08,0.00843493826687336,0.0986953154206276,0.039235275238752365,,,,0.0,0.673591,0.812788,False
155.5,7775,right,False,,,,,,,,,,0.0,,,False
155.64,7782,left,False,,,,,,,,,,0.0,,,False
155.64,7782,right,False,,,,,,,,,,0.0,,,False
155.76,7788,left,False,,,,,,,,,,0.0,,,False
155.76,7788,right,False,,,,,,,,,,0.0,,,False
155.88,7794,left,False,,,,,,,,,,0.0,,,False
155.88,7794,right,False,,,,,,,,,,0.0,,,False
156.0,7800,left,False,,,,,,,,,,0.0,,,False
156.0,7800,right,False,,,,,,,,,,0.0,,,False
156.14,7807,left,True,0.8502970337867737,0.8679354786872864,-1.5102487793683395e-07,-0.08094488084316254,0.039472587406635284,0.02278655208647251,,,,0.0,0.899788,0.835962,False
156.14,7807,right,False,,,,,,,,,,0.0,,,False
156.26,7813,left,False,,,,,,,,,,0.0,,,False
156.26,7813,right,False,,,,,,,,,,0.0,,,False
156.38,7819,left,False,,,,,,,,,,0.0,,,False
156.38,7819,right,False,,,,,,,,,,0.0,,,False
156.5,7825,left,False,,,,,,,,,,0.0,,,False
156.5,7825,right,False,,,,,,,,,,0.0,,,False
156.64,7832,left,False,,,,,,,,,,0.0,,,False
156.64,7832,right,False,,,,,,,,,,0.0,,,False
156.76,7838,left,False,,,,,,,,,,0.0,,,False
156.76,7838,right,False,,,,,,,,,,0.0,,,False
156.88,7844,left,False,,,,,,,,,,0.0,,,False
156.88,7844,right,False,,,,,,,,,,0.0,,,False
157.0,7850,left,True,0.8434418439865112,0.7608166933059692,2.3871402632380523e-08,0.04148954898118973,0.06397715955972672,-0.010271012783050537,,,,0.0,0.803626,0.663633,False
157.0,7850,right,False,,,,,,,,,,0.0,,,False
157.14,7857,left,True,0.7866377830505371,0.5648419260978699,-2.9507665999517485e-07,0.04452485591173172,0.06298904865980148,-0.030512377619743347,1.2691895,1.1374631,observed,1.0,0.74477,0.467207,False
157.14,7857,right,False,,,,,,,,,,0.0,,,False
157.26,7863,left,True,0.7317895293235779,0.49664685130119324,-2.432218479953008e-07,0.021570079028606415,0.06023620441555977,-0.0520419217646122,1.0057367,1.1374631,observed,1.0,0.708689,0.404663,False
157.26,7863,right,False,,,,,,,,,,0.0,,,False
157.38,7869,left,False,,,,,,,,,,0.0,,,False
157.38,7869,right,True,0.6982765197753906,0.5338184833526611,-2.016990094944049e-07,0.006412124261260033,0.051054827868938446,-0.06903362274169922,,,,0.0,0.683122,0.44566,False
157.5,7875,left,False,,,,,,,,,,0.0,,,False
157.5,7875,right,False,,,,,,,,,,0.0,,,False
157.64,7882,left,False,,,,,,,,,,0.0,,,False
157.64,7882,right,False,,,,,,,,,,0.0,,,False
157.76,7888,left,False,,,,,,,,,,0.0,,,False
157.76,7888,right,False,,,,,,,,,,0.0,,,False
157.88,7894,left,False,,,,,,,,,,0.0,,,False
157.88,7894,right,False,,,,,,,,,,0.0,,,False
158.0,7900,left,False,,,,,,,,,,0.0,,,False
158.0,7900,right,False,,,,,,,,,,0.0,,,False
158.14,7907,left,False,,,,,,,,,,0.0,,,False
158.14,7907,right,False,,,,,,,,,,0.0,,,False
158.26,7913,left,True,0.7386236190795898,0.508188784122467,-1.602537480493993e-07,0.016864800825715065,0.08034567534923553,-0.019892336800694466,,,,0.0,0.729931,0.436409,False
158.26,7913,right,False,,,,,,,,,,0.0,,,False
158.38,7919,left,True,0.6913020014762878,0.474367618560791,-1.3223674955042952e-07,0.008580800145864487,0.08975227177143097,0.028829477727413177,0.1173686,0.3808601,observed,1.0,0.685662,0.388503,False
158.38,7919,right,True,0.7038173079490662,0.5060834884643555,2.154319105329705e-07,-0.002067721448838711,0.060476504266262054,0.020221304148435593,,,,0.0,0.702612,0.441163,False
158.5,7925,left,False,,,,,,,0.5010612,0.4421052,interpolated_for_motion,0.4,0.680613,0.423616,True
158.5,7925,right,False,,,,,,,,,,0.0,,,False
158.64,7932,left,True,0.6706895232200623,0.5628539323806763,-3.370519152667839e-08,-0.03696977719664574,0.07915013283491135,0.029395516961812973,0.4944421,0.5614618,interpolated_for_motion,0.4,0.690359,0.453956,False
158.64,7932,right,False,,,,,,,,,,0.0,,,False
158.76,7938,left,False,,,,,,,0.6833679,0.6067513,interpolated_for_motion,0.4,0.67968,0.529983,True
158.76,7938,right,False,,,,,,,,,,0.0,,,False
158.88,7944,left,True,0.6607387065887451,0.7087482213973999,-7.542536906157693e-08,-0.05111197382211685,0.08149134367704391,0.02664262428879738,0.6988499,0.5555122,interpolated_for_motion,0.4,0.685361,0.608105,False
158.88,7944,right,False,,,,,,,,,,0.0,,,False
159.0,7950,left,True,0.6517421007156372,0.6794699430465698,-6.031616806012607e-08,-0.0451284758746624,0.07652414590120316,0.03883501514792442,0.2386273,0.3785449,observed,1.0,0.679148,0.574137,False
159.0,7950,right,False,,,,,,,,,,0.0,,,False
159.14,7957,left,True,0.6604054570198059,0.6338576674461365,3.0087182523175215e-08,-0.04191100597381592,0.08324864506721497,0.032161928713321686,0.0659637,0.1840222,observed,1.0,0.690386,0.50561,False
159.14,7957,right,False,,,,,,,,,,0.0,,,False
159.26,7963,left,True,0.7030384540557861,0.6491946578025818,4.11175761882987e-07,-0.01884460262954235,0.10280372947454453,-0.0184856615960598,0.1901578,0.1520796,observed,1.0,0.709016,0.503414,False
159.26,7963,right,False,,,,,,,,,,0.0,,,False
159.38,7969,left,False,,,,,,,,,,0.0,,,False
159.38,7969,right,False,,,,,,,,,,0.0,,,False
159.5,7975,left,False,,,,,,,,,,0.0,,,False
159.5,7975,right,False,,,,,,,,,,0.0,,,False
159.64,7982,left,False,,,,,,,,,,0.0,,,False
159.64,7982,right,False,,,,,,,,,,0.0,,,False
159.76,7988,left,False,,,,,,,,,,0.0,,,False
159.76,7988,right,False,,,,,,,,,,0.0,,,False
159.88,7994,left,False,,,,,,,,,,0.0,,,False
159.88,7994,right,True,0.6465997695922852,0.9603676795959473,8.50113082151438e-08,-0.005357454996556044,0.08841584622859955,0.029022863134741783,,,,0.0,0.641201,0.8333,False
160.0,8000,left,True,0.5840356945991516,0.7664567828178406,1.0786190074441038e-07,0.02819022908806801,0.08182723820209503,-0.024426918476819992,,,,0.0,0.558266,0.660494,False
160.0,8000,right,False,,,,,,,,,,0.0,,,False
160.14,8007,left,False,,,,,,,,,,0.0,,,False
160.14,8007,right,False,,,,,,,,,,0.0,,,False
160.26,8013,left,False,,,,,,,,,,0.0,,,False
160.26,8013,right,False,,,,,,,,,,0.0,,,False
160.38,8019,left,False,,,,,,,,,,0.0,,,False
160.38,8019,right,False,,,,,,,,,,0.0,,,False
160.5,8025,left,False,,,,,,,,,,0.0,,,False
160.5,8025,right,False,,,,,,,,,,0.0,,,False
160.64,8032,left,False,,,,,,,,,,0.0,,,False
160.64,8032,right,False,,,,,,,,,,0.0,,,False
160.76,8038,left,False,,,,,,,,,,0.0,,,False
160.76,8038,right,False,,,,,,,,,,0.0,,,False
160.88,8044,left,False,,,,,,,,,,0.0,,,False
160.88,8044,right,False,,,,,,,,,,0.0,,,False
161.0,8050,left,False,,,,,,,,,,0.0,,,False
161.0,8050,right,False,,,,,,,,,,0.0,,,False
161.14,8057,left,False,,,,,,,,,,0.0,,,False
161.14,8057,right,False,,,,,,,,,,0.0,,,False
161.26,8063,left,False,,,,,,,,,,0.0,,,False
161.26,8063,right,False,,,,,,,,,,0.0,,,False
161.38,8069,left,False,,,,,,,,,,0.0,,,False
161.38,8069,right,False,,,,,,,,,,0.0,,,False
161.5,8075,left,True,0.45191067457199097,0.9266312718391418,4.788077490047726e-08,0.05168575048446655,0.057439856231212616,0.051508523523807526,,,,0.0,0.407548,0.824105,False
161.5,8075,right,False,,,,,,,,,,0.0,,,False
161.64,8082,left,True,0.479561448097229,0.8398534059524536,-8.938854101359084e-09,0.06357623636722565,0.0626755803823471,0.03339114040136337,0.4278542,0.3874957,observed,1.0,0.421328,0.739978,False
161.64,8082,right,True,0.16943006217479706,0.9652725458145142,4.912623126074322e-07,-0.00832536444067955,0.06349977105855942,0.07918918132781982,,,,0.0,0.175485,0.845278,False
161.76,8088,left,True,0.4865385890007019,0.819980263710022,-9.592289984539093e-08,0.05176816135644913,0.05411980301141739,0.04362478107213974,0.2199984,0.4661068,observed,1.0,0.435709,0.714918,False
161.76,8088,right,True,0.1733933985233307,0.9500615000724792,1.6740028740969137e-07,-0.0032507111318409443,0.06335986405611038,0.062365807592868805,0.2754404,0.2513264,observed,1.0,0.155506,0.807075,False
161.88,8094,left,False,,,,,,,0.6282394,0.5560972,interpolated_for_motion,0.4,0.485871,0.607111,True
161.88,8094,right,True,0.18026968836784363,0.9397925734519958,-1.9529950989749523e-08,0.016865674406290054,0.07938867807388306,0.028134696185588837,0.2272125,0.2513264,observed,1.0,0.156367,0.785469,False
162.0,8100,left,True,0.5663127303123474,0.5728378295898438,-1.3644771001963818e-07,0.036929402500391006,0.058498844504356384,-0.03299383446574211,0.641379,0.511946,interpolated_for_motion,0.4,0.540966,0.49442,False
162.0,8100,right,False,,,,,,,,,,0.0,,,False
162.14,8107,left,True,0.6043104529380798,0.554350733757019,-3.033421194231778e-07,0.03387625515460968,0.05191274359822273,-0.05799312889575958,0.1817811,0.2450895,observed,1.0,0.578241,0.470489,False
162.14,8107,right,False,,,,,,,,,,0.0,,,False
162.26,8113,left,True,0.6172538995742798,0.5341325998306274,-2.7676932745634986e-07,0.021804634481668472,0.03923624008893967,-0.06985849887132645,0.0659889,0.0955913,observed,1.0,0.595811,0.462588,False
162.26,8113,right,False,,,,,,,,,,0.0,,,False
162.38,8119,left,True,0.628717303276062,0.5282888412475586,-1.9018835928363842e-07,0.012390189804136753,0.0413053035736084,-0.09598404169082642,0.0571125,0.0712503,observed,1.0,0.610049,0.459094,False
162.38,8119,right,False,,,,,,,,,,0.0,,,False
162.5,8125,left,True,0.6410314440727234,0.5069042444229126,-1.0419083196211432e-07,0.012222935445606709,0.021571507677435875,-0.13158318400382996,0.0741366,0.059068,observed,1.0,0.619856,0.446207,False
162.5,8125,right,False,,,,,,,,,,0.0,,,False
162.64,8132,left,True,0.6552501320838928,0.49757224321365356,-1.4029076567112497e-07,0.006522156298160553,0.03261158987879753,-0.14788037538528442,0.0512929,0.0535636,observed,1.0,0.637496,0.428978,False
162.64,8132,right,False,,,,,,,,,,0.0,,,False
162.76,8138,left,True,0.6674097180366516,0.4882332384586334,-5.063164110197249e-08,0.02308201789855957,0.019303491339087486,-0.0994984433054924,0.0525042,0.0527543,observed,1.0,0.649128,0.423922,False
162.76,8138,right,False,,,,,,,,,,0.0,,,False
162.88,8144,left,True,0.6686434149742126,0.5124475955963135,-1.4589274144327646e-07,0.021470505744218826,0.032810769975185394,-0.09135769307613373,0.0849249,0.0535007,observed,1.0,0.647956,0.441806,False
162.88,8144,right,False,,,,,,,,,,0.0,,,False
163.0,8150,left,True,0.6724602580070496,0.5178626179695129,-1.589152134329197e-07,0.025206854566931725,0.04068541154265404,-0.08849789202213287,0.0510731,0.0550287,observed,1.0,0.647968,0.446714,False
163.0,8150,right,False,,,,,,,,,,0.0,,,False
163.14,8157,left,True,0.6793562769889832,0.4929805099964142,-9.09961457296049e-08,0.022168070077896118,0.03738515079021454,-0.08163736015558243,0.0563273,0.0594839,observed,1.0,0.659848,0.426579,False
163.14,8157,right,False,,,,,,,,,,0.0,,,False
163.26,8163,left,True,0.6809528470039368,0.4836830496788025,-1.3051200120628437e-08,0.03386836126446724,0.06853783130645752,-0.036669421941041946,0.0733532,0.0691957,observed,1.0,0.665316,0.411856,False
163.26,8163,right,False,,,,,,,,,,0.0,,,False
163.38,8169,left,True,0.6780768632888794,0.4857541620731354,2.512213548300224e-08,0.0157197006046772,0.0721551924943924,0.0008850448066368699,0.0636802,0.0867631,observed,1.0,0.669381,0.407403,False
163.38,8169,right,False,,,,,,,,,,0.0,,,False
163.5,8175,left,True,0.6781243085861206,0.4654045104980469,1.1594024584837825e-07,0.004846763797104359,0.0813678503036499,0.027042506262660027,0.1387439,0.1205377,observed,1.0,0.672704,0.379916,False
163.5,8175,right,False,,,,,,,,,,0.0,,,False
163.64,8182,left,True,0.6885735392570496,0.4274493455886841,3.2038218478191993e-07,-0.0011620111763477325,0.08539699763059616,0.012019430287182331,0.1743084,0.1656499,observed,1.0,0.683561,0.325917,False
163.64,8182,right,True,0.6820957660675049,0.38372790813446045,5.4525461479215664e-08,-0.012232648208737373,0.08556127548217773,0.03593849018216133,,,,0.0,0.68363,0.285585,False
163.76,8188,left,True,0.6817277669906616,0.3818136155605316,3.2494878610123124e-07,-0.007910863496363163,0.08487485349178314,0.03153535723686218,0.1590297,0.2345896,observed,1.0,0.680616,0.273736,False
163.76,8188,right,False,,,,,,,,,,0.0,,,False
163.88,8194,left,True,0.6488733291625977,0.40759456157684326,5.118826607031224e-08,0.013996842317283154,0.08732987940311432,0.03445281833410263,0.2637398,0.3734374,observed,1.0,0.633012,0.291228,False
163.88,8194,right,False,,,,,,,,,,0.0,,,False
164.0,8200,left,True,0.5733690857887268,0.6922272443771362,1.1303832536668779e-07,0.03611854463815689,0.09025134891271591,0.048576951026916504,1.3683098,0.6119485,observed,1.0,0.539682,0.568786,False
164.0,8200,right,True,0.24293307960033417,0.9638169407844543,6.648232329098391e-07,0.012945223599672318,0.05061361938714981,0.0740513950586319,,,,0.0,0.216072,0.815847,False
164.14,8207,left,False,,,,,,,0.8002858,0.776819,interpolated_for_motion,0.4,0.530917,0.721242,True
164.14,8207,right,True,0.24794934689998627,0.9693169593811035,8.410884078102754e-08,-0.023101411759853363,0.07501853257417679,0.05611675605177879,0.3494225,0.3405627,observed,1.0,0.273619,0.785998,False
164.26,8213,left,True,0.5574826002120972,0.9491706490516663,1.3975027002288698e-07,0.024519190192222595,0.08381764590740204,0.03331615775823593,0.7870219,0.6980899,interpolated_for_motion,0.4,0.530688,0.815711,False
164.26,8213,right,True,0.253187894821167,0.9723393321037292,2.6409821884954e-07,-0.02177046611905098,0.07784365117549896,0.05081663280725479,0.3486825,0.3163938,observed,1.0,0.277056,0.795502,False
164.38,8219,left,True,0.5437736511230469,0.9828327894210815,9.574482362495473e-08,0.01777588576078415,0.0843624398112297,0.04024279862642288,0.5087639,0.5937819,observed,1.0,0.525489,0.844674,False
164.38,8219,right,True,0.2624565064907074,0.9547023773193359,2.4158640599125647e-07,-0.025786377489566803,0.07128874212503433,0.0484885536134243,0.2285928,0.2785168,observed,1.0,0.294186,0.783219,False
164.5,8225,left,True,0.5542053580284119,0.9981672167778015,9.365353292878353e-08,0.024105794727802277,0.08871787786483765,0.04128401726484299,0.4834971,0.4824098,observed,1.0,0.532535,0.866318,False
164.5,8225,right,True,0.2655741572380066,0.9399625062942505,8.978129528713907e-08,-0.037377454340457916,0.07043394446372986,0.04564881697297096,0.2545821,0.2308813,observed,1.0,0.307843,0.775221,False
164.64,8232,left,True,0.5669981241226196,0.9925956726074219,-7.424798553756773e-08,0.024491388350725174,0.0826585441827774,0.044484853744506836,0.3589578,0.3217201,observed,1.0,0.550582,0.860824,False
164.64,8232,right,True,0.29303300380706787,0.9008618593215942,7.438538318638166e-08,-0.037165455520153046,0.0784035325050354,0.0162142813205719,0.1543431,0.1753174,observed,1.0,0.339213,0.730025,False
164.76,8238,left,True,0.5875711441040039,0.9540593028068542,-2.4822551125680548e-08,0.031129365786910057,0.09263471513986588,0.02653353475034237,0.1713293,0.2089242,observed,1.0,0.561498,0.825784,False
164.76,8238,right,True,0.30242690443992615,0.846511721611023,9.445241033745333e-08,-0.04974380135536194,0.07984544336795807,0.01508895494043827,0.1722566,0.1407995,observed,1.0,0.356178,0.693013,False
164.88,8244,left,True,0.6014623045921326,0.9378490447998047,-1.1326007864909116e-07,0.03469366952776909,0.07444078475236893,0.02484782226383686,0.1399444,0.1581528,observed,1.0,0.567719,0.811951,False
164.88,8244,right,True,0.29876041412353516,0.8209159970283508,9.374186760169323e-08,-0.04690469801425934,0.050913549959659576,0.02591080032289028,0.0984898,0.1178748,observed,1.0,0.35842,0.692206,False
165.0,8250,left,True,0.6033467650413513,0.9442135095596313,-2.6178014422839624e-08,0.0342010036110878,0.07322829216718674,0.017767563462257385,0.1234457,0.1311884,observed,1.0,0.567629,0.824631,False
165.0,8250,right,True,0.2821526527404785,0.8203007578849792,3.263529322339309e-07,-0.05384119972586632,0.05141912400722504,0.032787054777145386,0.0729196,0.1243404,observed,1.0,0.342394,0.710417,False
165.14,8257,left,True,0.5942518711090088,0.9781981706619263,-1.3105483809283669e-08,0.04696617275476456,0.06984290480613708,0.020197413861751556,0.0937199,0.1750443,observed,1.0,0.551909,0.870401,False
165.14,8257,right,True,0.3167547285556793,0.9589406847953796,-8.052352740151036e-08,-0.04036471247673035,0.07109642773866653,0.01491481065750122,0.3158396,0.160996,observed,1.0,0.352745,0.819052,False
165.26,8263,left,False,,,,,,,0.2667835,0.2458572,interpolated_for_motion,0.4,0.568834,0.866786,True
165.26,8263,right,False,,,,,,,,,,0.0,,,False
165.38,8269,left,False,,,,,,,0.3095238,0.2961706,interpolated_for_motion,0.4,0.599781,0.907744,True
165.38,8269,right,False,,,,,,,,,,0.0,,,False
165.5,8275,left,False,,,,,,,0.3477381,0.3341876,interpolated_for_motion,0.4,0.631343,0.891475,True
165.5,8275,right,False,,,,,,,,,,0.0,,,False
165.64,8282,left,True,0.6483693718910217,0.9328327178955078,5.714772211007357e-09,-0.00077037513256073,0.07864441722631454,0.025077737867832184,0.368111,0.3543782,interpolated_for_motion,0.4,0.650073,0.844825,False
165.64,8282,right,False,,,,,,,,,,0.0,,,False
165.76,8288,left,False,,,,,,,,,,0.0,,,False
165.76,8288,right,False,,,,,,,,,,0.0,,,False
165.88,8294,left,False,,,,,,,,,,0.0,,,False
165.88,8294,right,False,,,,,,,,,,0.0,,,False
166.0,8300,left,False,,,,,,,,,,0.0,,,False
166.0,8300,right,False,,,,,,,,,,0.0,,,False
166.14,8307,left,False,,,,,,,,,,0.0,,,False
166.14,8307,right,False,,,,,,,,,,0.0,,,False
166.26,8313,left,False,,,,,,,,,,0.0,,,False
166.26,8313,right,False,,,,,,,,,,0.0,,,False
166.38,8319,left,False,,,,,,,,,,0.0,,,False
166.38,8319,right,False,,,,,,,,,,0.0,,,False
166.5,8325,left,False,,,,,,,,,,0.0,,,False
166.5,8325,right,False,,,,,,,,,,0.0,,,False
166.64,8332,left,False,,,,,,,,,,0.0,,,False
166.64,8332,right,False,,,,,,,,,,0.0,,,False
166.76,8338,left,False,,,,,,,,,,0.0,,,False
166.76,8338,right,False,,,,,,,,,,0.0,,,False
166.88,8344,left,False,,,,,,,,,,0.0,,,False
166.88,8344,right,False,,,,,,,,,,0.0,,,False
167.0,8350,left,False,,,,,,,,,,0.0,,,False
167.0,8350,right,False,,,,,,,,,,0.0,,,False
167.14,8357,left,True,0.7047147154808044,0.9762063026428223,-1.0851540821477101e-07,0.002472067251801491,0.069511279463768,0.04051196575164795,,,,0.0,0.703667,0.828214,False
167.14,8357,right,False,,,,,,,,,,0.0,,,False
167.26,8363,left,True,0.6899722218513489,0.936494767665863,-1.6775997835338785e-07,0.005845187231898308,0.07348230481147766,0.054193463176488876,0.1967485,0.2282327,observed,1.0,0.684044,0.766108,False
167.26,8363,right,False,,,,,,,,,,0.0,,,False
167.38,8369,left,True,0.6646133661270142,0.8674402236938477,1.1603964011897006e-08,0.0012795152142643929,0.08732055127620697,0.043923091143369675,0.2259032,0.2548627,observed,1.0,0.663678,0.676828,False
167.38,8369,right,False,,,,,,,,,,0.0,,,False
167.5,8375,left,True,0.6696751117706299,0.7573001384735107,3.3641302366049786e-07,0.014446444809436798,0.08602257072925568,0.03560030832886696,0.4627174,0.2907962,observed,1.0,0.633052,0.555032,False
167.5,8375,right,True,0.6204009056091309,0.6178820133209229,-2.1220006374278455e-07,-0.006553231738507748,0.0706745833158493,0.04834400489926338,,,,0.0,0.624146,0.437776,False
167.64,8382,left,False,,,,,,,,,,0.0,,,False
167.64,8382,right,False,,,,,,,,,,0.0,,,False
167.76,8388,left,False,,,,,,,,,,0.0,,,False
167.76,8388,right,False,,,,,,,,,,0.0,,,False
167.88,8394,left,False,,,,,,,,,,0.0,,,False
167.88,8394,right,False,,,,,,,,,,0.0,,,False
168.0,8400,left,True,0.3734651803970337,0.2894715368747711,2.059624506500768e-07,0.00996389053761959,0.057151444256305695,0.05336092412471771,,,,0.0,0.372576,0.142117,False
168.0,8400,right,True,0.1847212165594101,0.9358811378479004,5.016886461817194e-07,0.004352269694209099,0.045534588396549225,0.0538833811879158,,,,0.0,0.169153,0.791953,False
168.14,8407,left,False,,,,,,,,,,0.0,,,False
168.14,8407,right,False,,,,,,,,,,0.0,,,False
168.26,8413,left,True,0.261854887008667,0.47326409816741943,2.0521567023479292e-07,-0.01292070560157299,0.07657797634601593,0.02821194753050804,,,,0.0,0.268318,0.290707,False
168.26,8413,right,False,,,,,,,,,,0.0,,,False
168.38,8419,left,True,0.2995079755783081,0.5389063954353333,3.589028665373917e-07,-0.0037894798442721367,0.06244999170303345,0.062846340239048,0.1073024,0.2025292,observed,1.0,0.280214,0.347429,False
168.38,8419,right,False,,,,,,,,,,0.0,,,False
168.5,8425,left,True,0.35215961933135986,0.5648406744003296,1.8840560755961633e-07,0.004758707247674465,0.06031732261180878,0.058462489396333694,0.341641,0.184272,observed,1.0,0.350827,0.382635,False
168.5,8425,right,False,,,,,,,,,,0.0,,,False
168.64,8432,left,True,0.4091784656047821,0.6106722354888916,1.6154889692643337e-07,0.002241297625005245,0.05168008804321289,0.05727521330118179,0.1677428,0.136573,observed,1.0,0.393981,0.418107,False
168.64,8432,right,False,,,,,,,,,,0.0,,,False
168.76,8438,left,True,0.44449642300605774,0.6411583423614502,1.8495248355065996e-07,-0.003956388682126999,0.06364544481039047,0.057517796754837036,0.0564754,0.1015344,observed,1.0,0.442724,0.439771,False
168.76,8438,right,False,,,,,,,,,,0.0,,,False
168.88,8444,left,True,0.460872083902359,0.649978518486023,1.2199450338812312e-08,-0.003928526770323515,0.05701908841729164,0.05363662540912628,0.0759751,0.0885074,observed,1.0,0.457522,0.460421,False
168.88,8444,right,False,,,,,,,,,,0.0,,,False
169.0,8450,left,True,0.4670516848564148,0.6349517703056335,1.7731703394474607e-07,-0.007535074837505817,0.04779776930809021,0.06370195001363754,0.1260684,0.0899747,observed,1.0,0.470172,0.467026,False
169.0,8450,right,False,,,,,,,,,,0.0,,,False
169.14,8457,left,False,,,,,,,,,,0.0,,,False
169.14,8457,right,False,,,,,,,,,,0.0,,,False
169.26,8463,left,False,,,,,,,,,,0.0,,,False
169.26,8463,right,True,0.6208893656730652,0.9286324977874756,3.881266863459132e-08,-0.00871453806757927,0.08894329518079758,0.028927622362971306,,,,0.0,0.618373,0.815115,False
169.38,8469,left,False,,,,,,,,,,0.0,,,False
169.38,8469,right,False,,,,,,,,,,0.0,,,False
169.5,8475,left,False,,,,,,,,,,0.0,,,False
169.5,8475,right,False,,,,,,,,,,0.0,,,False
169.64,8482,left,False,,,,,,,,,,0.0,,,False
169.64,8482,right,False,,,,,,,,,,0.0,,,False
169.76,8488,left,False,,,,,,,,,,0.0,,,False
169.76,8488,right,False,,,,,,,,,,0.0,,,False
169.88,8494,left,False,,,,,,,,,,0.0,,,False
169.88,8494,right,False,,,,,,,,,,0.0,,,False
170.0,8500,left,False,,,,,,,,,,0.0,,,False
170.0,8500,right,False,,,,,,,,,,0.0,,,False
170.14,8507,left,False,,,,,,,,,,0.0,,,False
170.14,8507,right,False,,,,,,,,,,0.0,,,False
170.26,8513,left,False,,,,,,,,,,0.0,,,False
170.26,8513,right,False,,,,,,,,,,0.0,,,False
170.38,8519,left,False,,,,,,,,,,0.0,,,False
170.38,8519,right,False,,,,,,,,,,0.0,,,False
170.5,8525,left,False,,,,,,,,,,0.0,,,False
170.5,8525,right,False,,,,,,,,,,0.0,,,False
170.64,8532,left,False,,,,,,,,,,0.0,,,False
170.64,8532,right,False,,,,,,,,,,0.0,,,False
170.76,8538,left,False,,,,,,,,,,0.0,,,False
170.76,8538,right,False,,,,,,,,,,0.0,,,False
170.88,8544,left,False,,,,,,,,,,0.0,,,False
170.88,8544,right,False,,,,,,,,,,0.0,,,False
171.0,8550,left,False,,,,,,,,,,0.0,,,False
171.0,8550,right,False,,,,,,,,,,0.0,,,False
171.14,8557,left,False,,,,,,,,,,0.0,,,False
171.14,8557,right,False,,,,,,,,,,0.0,,,False
171.26,8563,left,False,,,,,,,,,,0.0,,,False
171.26,8563,right,False,,,,,,,,,,0.0,,,False
171.38,8569,left,False,,,,,,,,,,0.0,,,False
171.38,8569,right,False,,,,,,,,,,0.0,,,False
171.5,8575,left,False,,,,,,,,,,0.0,,,False
171.5,8575,right,False,,,,,,,,,,0.0,,,False
171.64,8582,left,False,,,,,,,,,,0.0,,,False
171.64,8582,right,False,,,,,,,,,,0.0,,,False
171.76,8588,left,False,,,,,,,,,,0.0,,,False
171.76,8588,right,False,,,,,,,,,,0.0,,,False
171.88,8594,left,False,,,,,,,,,,0.0,,,False
171.88,8594,right,False,,,,,,,,,,0.0,,,False
172.0,8600,left,False,,,,,,,,,,0.0,,,False
172.0,8600,right,False,,,,,,,,,,0.0,,,False
172.14,8607,left,False,,,,,,,,,,0.0,,,False
172.14,8607,right,False,,,,,,,,,,0.0,,,False
172.26,8613,left,False,,,,,,,,,,0.0,,,False
172.26,8613,right,False,,,,,,,,,,0.0,,,False
172.38,8619,left,True,0.7189812660217285,1.0294004678726196,-7.871004470416665e-08,0.0024362560361623764,0.061876676976680756,0.046087104827165604,,,,0.0,0.718226,0.910946,False
172.38,8619,right,False,,,,,,,,,,0.0,,,False
172.5,8625,left,True,0.7329621911048889,1.0133459568023682,-1.2979285202163737e-07,-0.01760040409862995,0.0851697251200676,0.03191941976547241,0.2115708,0.2651173,observed,1.0,0.748884,0.891,False
172.5,8625,right,False,,,,,,,,,,0.0,,,False
172.64,8632,left,True,0.7299256324768066,0.9670186042785645,-1.565799863101347e-07,-0.020508963614702225,0.0969303548336029,0.039852067828178406,0.2910081,0.3000301,observed,1.0,0.748958,0.823337,False
172.64,8632,right,True,0.7326115965843201,0.9528498649597168,-2.4717601831980573e-07,-0.022006580606102943,0.08028663694858551,0.03962516039609909,,,,0.0,0.748928,0.814812,False
172.76,8638,left,True,0.7351527810096741,0.9115961790084839,-1.552099462287515e-07,-0.03209623694419861,0.07963332533836365,0.04322025924921036,0.344453,0.335608,observed,1.0,0.762357,0.764869,False
172.76,8638,right,False,,,,,,,0.197008,0.1983445,interpolated_for_motion,0.4,0.763775,0.792925,True
172.88,8644,left,True,0.7855122089385986,0.9122723340988159,-3.5102871720482653e-07,-0.048330362886190414,0.06549059599637985,0.04002247005701065,0.4222003,0.3612227,observed,1.0,0.831376,0.786692,False
172.88,8644,right,True,0.7675089240074158,0.8953020572662354,-8.307184273803614e-09,-0.017968423664569855,0.0832749605178833,-0.030971167609095573,0.1996809,0.1983445,interpolated_for_motion,0.4,0.779289,0.764262,False
173.0,8650,left,True,0.7815178632736206,0.9736929535865784,-2.509567877950758e-07,-0.042389821261167526,0.06814681738615036,0.02569606341421604,0.3018412,0.3681228,observed,1.0,0.816197,0.866076,False
173.0,8650,right,False,,,,,,,,,,0.0,,,False
173.14,8657,left,True,0.6868428587913513,1.0203797817230225,-1.9935974648888077e-07,-0.023184949532151222,0.07808103412389755,0.04160197079181671,0.7691941,0.4689604,observed,1.0,0.696352,0.917363,False
173.14,8657,right,False,,,,,,,,,,0.0,,,False
173.26,8663,left,True,0.6759952902793884,1.0020666122436523,-1.267048617137334e-07,-0.0021194592118263245,0.08305875957012177,0.02079896628856659,0.208908,0.6053788,observed,1.0,0.675852,0.896599,False
173.26,8663,right,False,,,,,,,,,,0.0,,,False
173.38,8669,left,True,0.6353174448013306,0.8656931519508362,-1.5738380909624539e-07,0.002602925058454275,0.041877638548612595,0.03682596981525421,0.7123971,0.6855381,observed,1.0,0.632165,0.752911,False
173.38,8669,right,False,,,,,,,,,,0.0,,,False
173.5,8675,left,True,0.5854119062423706,0.6812701225280762,-3.1063117944540863e-07,0.020428597927093506,0.06135125085711479,0.030974702909588814,0.8354542,0.6092055,observed,1.0,0.569882,0.575363,False
173.5,8675,right,False,,,,,,,,,,0.0,,,False
173.64,8682,left,True,0.5849357843399048,0.6416981816291809,-1.540239509267849e-07,0.025831637904047966,0.07497302442789078,0.009146478958427906,0.2020459,0.3669736,observed,1.0,0.564116,0.543844,False
173.64,8682,right,False,,,,,,,,,,0.0,,,False
173.76,8688,left,False,,,,,,,0.2635326,0.2648976,interpolated_for_motion,0.4,0.532455,0.596499,True
173.76,8688,right,False,,,,,,,,,,0.0,,,False
173.88,8694,left,False,,,,,,,0.2671934,0.266682,interpolated_for_motion,0.4,0.493243,0.646639,True
173.88,8694,right,False,,,,,,,,,,0.0,,,False
174.0,8700,left,True,0.4868341386318207,0.8044783473014832,-1.372784907971436e-07,0.03451632708311081,0.0837489515542984,0.021018577739596367,0.272429,0.2683327,interpolated_for_motion,0.4,0.458223,0.692114,False
174.0,8700,right,False,,,,,,,,,,0.0,,,False
174.14,8707,left,False,,,,,,,,,,0.0,,,False
174.14,8707,right,True,0.6487884521484375,1.0068386793136597,-2.3578417085445835e-07,0.001422826200723648,0.08186153322458267,0.04311226308345795,,,,0.0,0.646816,0.869678,False
174.26,8713,left,False,,,,,,,,,,0.0,,,False
174.26,8713,right,False,,,,,,,,,,0.0,,,False
174.38,8719,left,False,,,,,,,,,,0.0,,,False
174.38,8719,right,False,,,,,,,,,,0.0,,,False
174.5,8725,left,False,,,,,,,,,,0.0,,,False
174.5,8725,right,False,,,,,,,,,,0.0,,,False
174.64,8732,left,True,0.5723166465759277,1.0214308500289917,4.660959973534773e-08,-0.0027260661590844393,0.0772411897778511,0.04560478404164314,,,,0.0,0.573504,0.914974,False
174.64,8732,right,False,,,,,,,,,,0.0,,,False
174.76,8738,left,True,0.5654496550559998,0.9947600364685059,2.4813530785650073e-07,-0.0012538312003016472,0.07893263548612595,0.029255453497171402,0.175893,0.1659135,observed,1.0,0.562827,0.879383,False
174.76,8738,right,False,,,,,,,,,,0.0,,,False
174.88,8744,left,True,0.5525892376899719,0.9564627408981323,2.531347718104371e-07,0.0012774192728102207,0.08197051286697388,0.029450498521327972,0.1732729,0.1481332,observed,1.0,0.546955,0.845368,False
174.88,8744,right,False,,,,,,,,,,0.0,,,False
175.0,8750,left,True,0.5424540042877197,0.9463223814964294,1.9666629214043496e-07,-0.0028439313173294067,0.0843840092420578,0.03532340005040169,0.0818285,0.1004998,observed,1.0,0.538714,0.834234,False
175.0,8750,right,False,,,,,,,,,,0.0,,,False
175.14,8757,left,True,0.5365949273109436,0.95437091588974,1.6132320013184653e-07,-0.004902750253677368,0.09020211547613144,0.03528883680701256,0.0275517,0.0382561,observed,1.0,0.534028,0.842499,False
175.14,8757,right,False,,,,,,,,,,0.0,,,False
175.26,8763,left,True,0.5322158336639404,0.9571998119354248,1.4945776172226033e-07,-0.008623404428362846,0.08380547165870667,0.0396571159362793,0.0223303,0.0241446,observed,1.0,0.532627,0.846867,False
175.26,8763,right,False,,,,,,,,,,0.0,,,False
175.38,8769,left,True,0.533716082572937,0.9592230319976807,1.491398933239907e-07,-0.009625199250876904,0.08975747227668762,0.03760005533695221,0.0125905,0.0244779,observed,1.0,0.535285,0.849063,False
175.38,8769,right,False,,,,,,,,,,0.0,,,False
175.5,8775,left,True,0.5399081707000732,0.9613732099533081,1.3782265284589812e-07,-0.011705392971634865,0.09107540547847748,0.04067453369498253,0.0292588,0.0273249,observed,1.0,0.542004,0.851123,False
175.5,8775,right,False,,,,,,,,,,0.0,,,False
175.64,8782,left,True,0.5477396845817566,0.9658587574958801,1.1675999189719732e-07,-0.013280732557177544,0.08933014422655106,0.038140296936035156,0.0310831,0.0320752,observed,1.0,0.550993,0.857049,False
175.64,8782,right,False,,,,,,,,,,0.0,,,False
175.76,8788,left,True,0.5493788123130798,0.9528205990791321,9.837606285145739e-08,-0.014913802966475487,0.0904802605509758,0.036631036549806595,0.0517958,0.0391046,observed,1.0,0.556133,0.845748,False
175.76,8788,right,False,,,,,,,,,,0.0,,,False
175.88,8794,left,True,0.5463032722473145,0.9415403008460999,1.0960289564820869e-08,-0.01778101548552513,0.08001893013715744,0.03810630738735199,0.0079534,0.0500912,observed,1.0,0.556288,0.838701,False
175.88,8794,right,False,,,,,,,,,,0.0,,,False
176.0,8800,left,True,0.5372922420501709,0.9407071471214294,-5.0892360548004945e-08,-0.02207503840327263,0.07688025385141373,0.039125870913267136,0.0711674,0.0631762,observed,1.0,0.550495,0.841968,False
176.0,8800,right,False,,,,,,,,,,0.0,,,False
176.14,8807,left,True,0.5184687376022339,0.9312697052955627,-2.8159069742628162e-08,-0.02763817086815834,0.0746910572052002,0.04537351056933403,0.1221937,0.0894555,observed,1.0,0.539416,0.84015,False
176.14,8807,right,False,,,,,,,,,,0.0,,,False
176.26,8813,left,True,0.515480101108551,0.9175524115562439,5.482450404770134e-08,-0.03198985010385513,0.0728895291686058,0.03941136971116066,0.0684441,0.1168838,observed,1.0,0.534905,0.826716,False
176.26,8813,right,False,,,,,,,,,,0.0,,,False
176.38,8819,left,True,0.5346092581748962,0.9619972705841064,6.919942308059035e-08,-0.027475010603666306,0.08681264519691467,0.03547089174389839,0.1362304,0.1419172,observed,1.0,0.547077,0.853629,False
176.38,8819,right,False,,,,,,,,,,0.0,,,False
176.5,8825,left,True,0.5625510811805725,1.0117124319076538,-8.009440932710277e-08,-0.01950852945446968,0.07977946102619171,0.044529080390930176,0.2405955,0.1641554,observed,1.0,0.578687,0.902079,False
176.5,8825,right,False,,,,,,,,,,0.0,,,False
176.64,8832,left,False,,,,,,,,,,0.0,,,False
176.64,8832,right,False,,,,,,,,,,0.0,,,False
176.76,8838,left,False,,,,,,,,,,0.0,,,False
176.76,8838,right,False,,,,,,,,,,0.0,,,False
176.88,8844,left,False,,,,,,,,,,0.0,,,False
176.88,8844,right,False,,,,,,,,,,0.0,,,False
177.0,8850,left,False,,,,,,,,,,0.0,,,False
177.0,8850,right,False,,,,,,,,,,0.0,,,False
177.14,8857,left,False,,,,,,,,,,0.0,,,False
177.14,8857,right,False,,,,,,,,,,0.0,,,False
177.26,8863,left,False,,,,,,,,,,0.0,,,False
177.26,8863,right,False,,,,,,,,,,0.0,,,False
177.38,8869,left,True,0.7058060169219971,1.0275366306304932,4.3895092005641345e-08,-0.024416014552116394,0.07732345163822174,0.012017566710710526,,,,0.0,0.724111,0.94434,False
177.38,8869,right,False,,,,,,,,,,0.0,,,False
177.5,8875,left,True,0.7146722078323364,1.0011978149414062,1.394042214997171e-07,-0.03129217401146889,0.08597166836261749,0.025113994255661964,0.1502143,0.166899,observed,1.0,0.729419,0.906126,False
177.5,8875,right,False,,,,,,,,,,0.0,,,False
177.64,8882,left,True,0.7236175537109375,0.9669126272201538,1.1293925439304076e-07,-0.02233373187482357,0.08178216964006424,0.005392136983573437,0.1749663,0.1745911,observed,1.0,0.738126,0.853711,False
177.64,8882,right,False,,,,,,,,,,0.0,,,False
177.76,8888,left,True,0.7436177134513855,0.9394294619560242,-1.280279633419923e-07,-0.01876339688897133,0.07390110939741135,0.011313363909721375,0.2112135,0.188688,observed,1.0,0.759102,0.834643,False
177.76,8888,right,True,0.3764157295227051,0.8540938496589661,-2.0856223414966735e-08,-0.009983273223042488,0.06023348122835159,-0.02727152593433857,,,,0.0,0.375067,0.759983,False
177.88,8894,left,True,0.7426908612251282,0.9321101307868958,-1.420383028971628e-07,-0.02101697213947773,0.07601488381624222,0.022131508216261864,0.0674154,0.2069721,observed,1.0,0.757118,0.82311,False
177.88,8894,right,True,0.3551591634750366,0.8045780658721924,2.9352247565839207e-07,0.007053512614220381,0.08991146087646484,0.03511979430913925,0.3178585,0.3023386,observed,1.0,0.34887,0.691777,False
178.0,8900,left,True,0.7234281301498413,0.902651309967041,-1.352922254227451e-07,-0.009957799687981606,0.07296298444271088,0.03728315606713295,0.2402865,0.2548289,observed,1.0,0.729456,0.781663,False
178.0,8900,right,True,0.35704973340034485,0.7590740919113159,7.915776478739645e-08,-0.004584015812724829,0.08972519636154175,-0.0021127352956682444,0.2672395,0.3253605,observed,1.0,0.360836,0.634068,False
178.14,8907,left,True,0.6885055899620056,0.837264895439148,6.40245474414769e-08,-0.0027236377354711294,0.08656542748212814,0.037248395383358,0.3572416,0.3312046,observed,1.0,0.68376,0.699494,False
178.14,8907,right,False,,,,,,,0.3786289,0.3633509,interpolated_for_motion,0.4,0.40654,0.617311,True
178.26,8913,left,True,0.6366176605224609,0.6513435244560242,-2.755238313056907e-07,0.009041090495884418,0.061414871364831924,0.03419964760541916,0.7303381,0.3613109,observed,1.0,0.631121,0.542395,False
178.26,8913,right,True,0.4344302713871002,0.7263550162315369,-1.1123905352405927e-08,-0.01946093700826168,0.08154479414224625,0.00584539957344532,0.378159,0.378303,interpolated_for_motion,0.4,0.444436,0.609864,False
178.38,8919,left,True,0.6433707475662231,0.6388119459152222,-2.347302370253601e-07,0.008650240488350391,0.07424784451723099,0.03727596998214722,0.2351119,0.3656515,observed,1.0,0.638371,0.52584,False
178.38,8919,right,False,,,,,,,,,,0.0,,,False
178.5,8925,left,True,0.6225326657295227,0.6732343435287476,-4.3229897528362926e-07,0.002423500409349799,0.04459954425692558,0.05226282402873039,0.3697208,0.3688704,observed,1.0,0.627563,0.60369,False
178.5,8925,right,False,,,,,,,,,,0.0,,,False
178.64,8932,left,True,0.5764931440353394,0.8349982500076294,-2.993361363223812e-07,0.014789664186537266,0.07252655178308487,0.012010094709694386,0.5120326,0.3436963,observed,1.0,0.564733,0.734739,False
178.64,8932,right,False,,,,,,,,,,0.0,,,False
178.76,8938,left,True,0.5406733155250549,0.819507896900177,-1.3958160138827225e-07,0.01682260073721409,0.07258936017751694,0.011486350558698177,0.1287232,0.3105689,observed,1.0,0.528635,0.712293,False
178.76,8938,right,False,,,,,,,,,,0.0,,,False
178.88,8944,left,False,,,,,,,0.2959467,0.2912804,interpolated_for_motion,0.4,0.49443,0.765187,True
178.88,8944,right,False,,,,,,,,,,0.0,,,False
179.0,8950,left,False,,,,,,,0.2817653,0.2828663,interpolated_for_motion,0.4,0.472663,0.806584,True
179.0,8950,right,False,,,,,,,,,,0.0,,,False
179.14,8957,left,True,0.4994570016860962,0.9876185059547424,-1.9550112995148083e-07,0.004743436351418495,0.0690058022737503,0.033851590007543564,0.2820121,0.2819317,interpolated_for_motion,0.4,0.491113,0.879174,False
179.14,8957,right,True,0.07334200292825699,0.6499823331832886,3.048924099857686e-07,-0.012491781264543533,0.07798370718955994,0.05758456140756607,,,,0.0,0.077934,0.535683,False
179.26,8963,left,False,,,,,,,,,,0.0,,,False
179.26,8963,right,False,,,,,,,,,,0.0,,,False
179.38,8969,left,True,0.07049417495727539,0.9934532046318054,-1.6635000577025494e-07,-0.012713468633592129,0.07507390528917313,0.012171884067356586,,,,0.0,0.082656,0.857167,False
179.38,8969,right,False,,,,,,,,,,0.0,,,False
179.5,8975,left,False,,,,,,,,,,0.0,,,False
179.5,8975,right,False,,,,,,,,,,0.0,,,False
179.64,8982,left,True,0.6707377433776855,0.7525792121887207,1.3735572679252073e-08,0.06180156022310257,0.038070328533649445,0.003016342641785741,,,,0.0,0.634007,0.714204,False
179.64,8982,right,False,,,,,,,,,,0.0,,,False
179.76,8988,left,False,,,,,,,0.0220976,0.0530255,interpolated_for_motion,0.4,0.732159,0.79206,True
179.76,8988,right,False,,,,,,,,,,0.0,,,False
179.88,8994,left,True,0.7866820096969604,0.9452049136161804,-4.565245959042841e-08,0.053468912839889526,0.10215163975954056,0.03896506503224373,0.02081,0.1205387,interpolated_for_motion,0.4,0.765565,0.854574,False
179.88,8994,right,False,,,,,,,,,,0.0,,,False
180.0,9000,left,True,0.7674375772476196,0.9242027997970581,7.390825373931875e-08,0.07909689843654633,0.10835675150156021,0.03022957034409046,0.4395094,0.2628788,observed,1.0,0.734194,0.830167,False
180.0,9000,right,False,,,,,,,,,,0.0,,,False
180.14,9007,left,True,0.7553238272666931,0.9031178951263428,-5.9435468102719824e-08,0.07146500796079636,0.09092050790786743,0.02273716777563095,0.3756863,0.396488,observed,1.0,0.715771,0.803347,False
180.14,9007,right,False,,,,,,,,,,0.0,,,False
180.26,9013,left,False,,,,,,,,,,0.0,,,False
180.26,9013,right,False,,,,,,,,,,0.0,,,False
180.38,9019,left,False,,,,,,,,,,0.0,,,False
180.38,9019,right,False,,,,,,,,,,0.0,,,False
180.5,9025,left,False,,,,,,,,,,0.0,,,False
180.5,9025,right,False,,,,,,,,,,0.0,,,False
180.64,9032,left,False,,,,,,,,,,0.0,,,False
180.64,9032,right,False,,,,,,,,,,0.0,,,False
180.76,9038,left,False,,,,,,,,,,0.0,,,False
180.76,9038,right,False,,,,,,,,,,0.0,,,False
180.88,9044,left,False,,,,,,,,,,0.0,,,False
180.88,9044,right,False,,,,,,,,,,0.0,,,False
181.0,9050,left,False,,,,,,,,,,0.0,,,False
181.0,9050,right,False,,,,,,,,,,0.0,,,False
181.14,9057,left,False,,,,,,,,,,0.0,,,False
181.14,9057,right,True,0.1550510823726654,0.7807077765464783,-9.270074485812074e-08,-0.018521450459957123,0.07003693282604218,0.013253364711999893,,,,0.0,0.161722,0.643175,False
181.26,9063,left,False,,,,,,,,,,0.0,,,False
181.26,9063,right,True,0.19136115908622742,0.5837396383285522,-3.0623922953054716e-08,-0.03298773616552353,0.06806868314743042,0.031476523727178574,1.1326373,0.7460031,observed,1.0,0.210626,0.464105,False
181.38,9069,left,True,0.25532951951026917,0.5403689742088318,1.557790483275312e-07,-0.03390458971261978,0.07144426554441452,0.03770684450864792,,,,0.0,0.278381,0.441155,False
181.38,9069,right,True,0.2311045229434967,0.5795512199401855,1.1354121909334935e-07,-0.039640288800001144,0.08830028772354126,0.00024764882982708514,0.6084804,0.6533213,observed,1.0,0.258631,0.463328,False
181.5,9075,left,False,,,,,,,,,,0.0,,,False
181.5,9075,right,True,0.2610916793346405,0.6070012450218201,2.5744496312540832e-08,-0.04096009582281113,0.0680166631937027,0.00777209410443902,0.5071718,0.5202103,observed,1.0,0.287717,0.502755,False
181.64,9082,left,False,,,,,,,,,,0.0,,,False
181.64,9082,right,True,0.251756489276886,0.6509055495262146,-1.5319944424163623e-08,-0.0292813777923584,0.07303865998983383,0.0139033617451787,0.1658768,0.3959345,observed,1.0,0.268454,0.557431,False
181.76,9088,left,False,,,,,,,,,,0.0,,,False
181.76,9088,right,False,,,,,,,,,,0.0,,,False
181.88,9094,left,False,,,,,,,,,,0.0,,,False
181.88,9094,right,False,,,,,,,,,,0.0,,,False
182.0,9100,left,False,,,,,,,,,,0.0,,,False
182.0,9100,right,False,,,,,,,,,,0.0,,,False
182.14,9107,left,False,,,,,,,,,,0.0,,,False
182.14,9107,right,False,,,,,,,,,,0.0,,,False
182.26,9113,left,False,,,,,,,,,,0.0,,,False
182.26,9113,right,False,,,,,,,,,,0.0,,,False
182.38,9119,left,False,,,,,,,,,,0.0,,,False
182.38,9119,right,True,0.548748254776001,0.9624602198600769,2.4895808081737414e-08,0.05169491469860077,0.002101143589243293,0.06061699613928795,,,,0.0,0.524565,0.970987,False
182.5,9125,left,False,,,,,,,,,,0.0,,,False
182.5,9125,right,False,,,,,,,0.2009416,0.210027,interpolated_for_motion,0.4,0.478039,0.937909,True
182.64,9132,left,True,0.7120377421379089,0.8911542296409607,-1.387255679219379e-07,0.032369546592235565,0.0714571624994278,0.028111442923545837,,,,0.0,0.687217,0.810043,False
182.64,9132,right,False,,,,,,,0.21442,0.2171988,interpolated_for_motion,0.4,0.414346,0.8985,True
182.76,9138,left,True,0.7098616361618042,0.887241542339325,-6.547130482204011e-08,0.013992002233862877,0.09489588439464569,0.020301735028624535,0.3359486,0.2477683,observed,1.0,0.704093,0.79035,False
182.76,9138,right,False,,,,,,,0.2258287,0.2275182,interpolated_for_motion,0.4,0.346186,0.889509,True
182.88,9144,left,True,0.6822147965431213,0.8723558187484741,-4.7549729487172954e-08,0.007112440653145313,0.08651617169380188,0.02362363040447235,0.1884434,0.2317157,observed,1.0,0.679432,0.781475,False
182.88,9144,right,True,0.2764366567134857,0.9910392761230469,2.257523021853558e-07,-0.003250531619414687,0.06836210936307907,0.006932332180440426,0.2324768,0.239506,interpolated_for_motion,0.4,0.279099,0.891182,False
183.0,9150,left,True,0.6588329076766968,0.8685401678085327,-3.049803467547463e-07,-0.005450412165373564,0.06525803357362747,0.0125204399228096,0.2397845,0.2022002,observed,1.0,0.664653,0.768306,False
183.0,9150,right,True,0.3059678077697754,0.9418606758117676,3.395710166387289e-07,-0.009534679353237152,0.08339892327785492,-0.010655885562300682,0.5842338,0.2572133,observed,1.0,0.31644,0.823465,False
183.14,9157,left,True,0.6518443822860718,0.9007782936096191,-3.4873059462370293e-07,-0.0014156808611005545,0.06213999167084694,-0.008593338541686535,0.0917863,0.1736737,observed,1.0,0.664774,0.792986,False
183.14,9157,right,True,0.3309894800186157,0.8985351324081421,2.7379610401112586e-07,-0.004672217182815075,0.07780306786298752,0.0015316333156079054,0.2706231,0.2324167,observed,1.0,0.339858,0.796868,False
183.26,9163,left,False,,,,,,,,,,0.0,,,False
183.26,9163,right,True,0.3295356333255768,0.8820916414260864,1.1137770172808814e-07,-0.011318483389914036,0.06378654390573502,0.020871365442872047,0.0983383,0.189058,observed,1.0,0.334974,0.791529,False
183.38,9169,left,False,,,,,,,,,,0.0,,,False
183.38,9169,right,True,0.321940153837204,0.8682091236114502,1.1881409278657884e-07,-0.015403922647237778,0.05644991621375084,-0.0062357583083212376,0.1581386,0.1718665,observed,1.0,0.333909,0.778479,False
183.5,9175,left,False,,,,,,,,,,0.0,,,False
183.5,9175,right,True,0.3045976758003235,0.8853710293769836,1.5331478664393217e-07,-0.03432798385620117,0.08134312182664871,-0.017233995720744133,0.207006,0.1717957,observed,1.0,0.330078,0.800269,False
183.64,9182,left,False,,,,,,,,,,0.0,,,False
183.64,9182,right,False,,,,,,,,,,0.0,,,False
183.76,9188,left,True,0.712404191493988,0.9592651724815369,6.441308642024524e-08,0.04151738062500954,0.07042519748210907,0.013591415248811245,,,,0.0,0.682379,0.880232,False
183.76,9188,right,False,,,,,,,,,,0.0,,,False
183.88,9194,left,True,0.719822347164154,1.0008506774902344,1.4023372685301183e-08,0.02489505708217621,0.07189109176397324,0.044685378670692444,0.1591468,0.184731,observed,1.0,0.701263,0.916285,False
183.88,9194,right,False,,,,,,,,,,0.0,,,False
184.0,9200,left,True,0.6944147944450378,1.0135754346847534,6.957797005213706e-09,0.027431340888142586,0.07723420858383179,0.02604874037206173,0.2348955,0.1745049,observed,1.0,0.674069,0.924794,False
184.0,9200,right,False,,,,,,,,,,0.0,,,False
184.14,9207,left,True,0.6755806803703308,0.9992677569389343,1.6681592285294755e-07,0.022965315729379654,0.060452964156866074,-0.020357031375169754,0.1652468,0.1499722,observed,1.0,0.657011,0.91241,False
184.14,9207,right,False,,,,,,,,,,0.0,,,False
184.26,9213,left,True,0.682392418384552,0.9953845739364624,9.968630365619902e-08,0.02705984376370907,0.06531067192554474,0.00558064179494977,0.1202765,0.1387238,observed,1.0,0.663635,0.90999,False
184.26,9213,right,False,,,,,,,,,,0.0,,,False
184.38,9219,left,True,0.6811907291412354,0.9938154816627502,-2.531518106252406e-08,0.018060289323329926,0.06696807593107224,0.01607326604425907,0.0739853,0.1500142,observed,1.0,0.670322,0.90518,False
184.38,9219,right,False,,,,,,,,,,0.0,,,False
184.5,9225,left,True,0.6838752627372742,0.9792317152023315,-6.050779433053322e-08,0.0144110769033432,0.08013171702623367,0.009317866526544094,0.2230732,0.1881573,observed,1.0,0.674516,0.881542,False
184.5,9225,right,False,,,,,,,,,,0.0,,,False
184.64,9232,left,True,0.6430162191390991,0.9680807590484619,9.236251763411474e-09,0.006064462475478649,0.08301695436239243,0.03748474270105362,0.2497807,0.2326691,observed,1.0,0.6382,0.872497,False
184.64,9232,right,False,,,,,,,,,,0.0,,,False
184.76,9238,left,True,0.6111196279525757,0.9709005355834961,3.347476962289875e-08,0.0049749016761779785,0.08788561820983887,0.042787693440914154,0.1601111,0.2444782,observed,1.0,0.601683,0.868525,False
184.76,9238,right,False,,,,,,,,,,0.0,,,False
184.88,9244,left,True,0.6314994096755981,0.9514051079750061,6.62745733848169e-08,-0.0016991905868053436,0.09836125373840332,0.027317874133586884,0.3548425,0.2517191,observed,1.0,0.624768,0.852358,False
184.88,9244,right,True,0.6296585202217102,0.9729877710342407,-9.83673031917931e-10,0.0038208281621336937,0.0933372974395752,0.01843857951462269,,,,0.0,0.622076,0.861663,False
185.0,9250,left,False,,,,,,,,,,0.0,,,False
185.0,9250,right,False,,,,,,,,,,0.0,,,False
185.14,9257,left,False,,,,,,,,,,0.0,,,False
185.14,9257,right,False,,,,,,,,,,0.0,,,False
185.26,9263,left,False,,,,,,,,,,0.0,,,False
185.26,9263,right,False,,,,,,,,,,0.0,,,False
185.38,9269,left,False,,,,,,,,,,0.0,,,False
185.38,9269,right,False,,,,,,,,,,0.0,,,False
185.5,9275,left,True,0.8408525586128235,0.9947076439857483,3.601978093570324e-08,0.01826135814189911,0.07972590625286102,0.04736717790365219,,,,0.0,0.828544,0.899057,False
185.5,9275,right,False,,,,,,,,,,0.0,,,False
185.64,9282,left,True,0.748109757900238,0.7815908789634705,1.9559573161131993e-07,0.04889824986457825,0.0967385321855545,0.02730398066341877,1.2388391,0.8706791,observed,1.0,0.720868,0.701167,False
185.64,9282,right,False,,,,,,,,,,0.0,,,False
185.76,9288,left,True,0.6924765110015869,0.6769360899925232,-2.1945723460703448e-08,0.045762091875076294,0.0720161721110344,0.02997548319399357,0.8139731,0.6402038,observed,1.0,0.662782,0.6053,False
185.76,9288,right,True,0.7167453169822693,0.7462924718856812,2.607337705740065e-07,0.047332122921943665,0.08384391665458679,0.01646815799176693,,,,0.0,0.685479,0.673937,False
185.88,9294,left,True,0.7006823420524597,0.6816367506980896,7.065557383612031e-08,0.026053469628095627,0.07868708670139313,-0.016491839662194252,0.1129372,0.3532647,observed,1.0,0.685502,0.592902,False
185.88,9294,right,False,,,,,,,,,,0.0,,,False
186.0,9300,left,True,0.6848070621490479,0.6935309767723083,3.0345042034696235e-08,0.009256727993488312,0.07976049184799194,0.026458917185664177,0.0962939,0.170318,observed,1.0,0.68231,0.604508,False
186.0,9300,right,True,0.2627107501029968,0.6075737476348877,1.6311609840613528e-07,0.00555100291967392,0.0744640976190567,0.04678203538060188,,,,0.0,0.2481,0.486337,False
186.14,9307,left,False,,,,,,,,,,0.0,,,False
186.14,9307,right,False,,,,,,,,,,0.0,,,False
186.26,9313,left,False,,,,,,,,,,0.0,,,False
186.26,9313,right,False,,,,,,,,,,0.0,,,False
186.38,9319,left,False,,,,,,,,,,0.0,,,False
186.38,9319,right,False,,,,,,,,,,0.0,,,False
186.5,9325,left,False,,,,,,,,,,0.0,,,False
186.5,9325,right,False,,,,,,,,,,0.0,,,False
186.64,9332,left,False,,,,,,,,,,0.0,,,False
186.64,9332,right,False,,,,,,,,,,0.0,,,False
186.76,9338,left,True,0.7826390266418457,1.0207899808883667,-5.718903128837383e-09,0.004483355209231377,0.07676723599433899,0.04464647173881531,,,,0.0,0.782177,0.92439,False
186.76,9338,right,False,,,,,,,,,,0.0,,,False
186.88,9344,left,True,0.7270583510398865,0.9194706082344055,-3.6559196558982876e-08,-0.0021521877497434616,0.08235306292772293,0.034710731357336044,0.2681471,0.2215482,observed,1.0,0.729538,0.834178,False
186.88,9344,right,False,,,,,,,,,,0.0,,,False
187.0,9350,left,True,0.6557583212852478,0.8751364350318909,2.657295539165716e-08,-0.012533864006400108,0.07920193672180176,0.024991564452648163,0.2009434,0.2075208,observed,1.0,0.662832,0.791912,False
187.0,9350,right,True,0.27411121129989624,1.0066660642623901,1.0106620607075456e-07,-0.00829678401350975,0.08390314877033234,0.02475808747112751,,,,0.0,0.278087,0.910699,False
187.14,9357,left,True,0.6189481616020203,0.8659018874168396,-3.0684049079354736e-08,-0.02033967711031437,0.07418420165777206,0.005022852215915918,0.0615246,0.1972611,observed,1.0,0.634096,0.782635,False
187.14,9357,right,False,,,,,,,0.32906,0.3292065,interpolated_for_motion,0.4,0.299961,0.827426,True
187.26,9363,left,True,0.6019943356513977,0.8949731588363647,-1.2700050433522847e-07,-0.008059355430305004,0.04295665770769119,0.007428229786455631,0.1879189,0.2182956,observed,1.0,0.615675,0.80527,False
187.26,9363,right,True,0.3299378454685211,0.8513442873954773,1.694984774758268e-07,0.002487882971763611,0.07411479204893112,0.025508271530270576,0.3316019,0.3276371,interpolated_for_motion,0.4,0.323384,0.760901,False
187.38,9369,left,True,0.6120532751083374,0.9506323933601379,-1.7441877275814477e-07,-0.006530586630105972,0.05271913856267929,-0.014133220538496971,0.2881885,0.2506972,observed,1.0,0.621789,0.859753,False
187.38,9369,right,True,0.3215555250644684,0.8845279216766357,9.806481671148504e-08,-0.0017592161893844604,0.048440419137477875,0.059237752109766006,0.3137728,0.3256105,observed,1.0,0.320321,0.823243,False
187.5,9375,left,True,0.6192742586135864,1.002240777015686,-1.3888605110423669e-07,-0.007240079343318939,0.05551423877477646,-0.008822792209684849,0.2810739,0.2662816,observed,1.0,0.629391,0.911168,False
187.5,9375,right,False,,,,,,,,,,0.0,,,False
187.64,9382,left,True,0.6433547139167786,1.0002702474594116,-1.121704595874462e-08,-0.0140147153288126,0.06717734783887863,0.0286007821559906,0.096727,0.2444319,observed,1.0,0.659701,0.904856,False
187.64,9382,right,True,0.6449099183082581,1.0133137702941895,-9.429582092934652e-08,-0.020998410880565643,0.0656963512301445,0.02449541725218296,,,,0.0,0.663192,0.91243,False
187.76,9388,left,True,0.686888575553894,1.003933072090149,-1.587445126460807e-07,-0.01875975914299488,0.08414889872074127,0.021667372435331345,0.2443426,0.2228104,observed,1.0,0.697777,0.904975,False
187.76,9388,right,False,,,,,,,,,,0.0,,,False
187.88,9394,left,True,0.7198267579078674,1.0165307521820068,-2.070368196882555e-07,-0.015695761889219284,0.09458710253238678,0.02172090671956539,0.2197444,0.2080218,observed,1.0,0.73079,0.918631,False
187.88,9394,right,True,0.3017411530017853,0.9380276203155518,2.92305117000069e-07,-0.03163807466626167,0.07977378368377686,0.020126964896917343,,,,0.0,0.326402,0.845322,False
188.0,9400,left,True,0.7439658641815186,1.046637773513794,-1.6530069046893914e-07,-0.021171648055315018,0.09354854375123978,0.029400184750556946,0.1685991,0.1795967,observed,1.0,0.759244,0.947883,False
188.0,9400,right,True,0.33399835228919983,0.9483607411384583,3.4249279678988387e-07,-0.03408074751496315,0.09017275273799896,-0.0163790974766016,0.1908943,0.1273161,observed,1.0,0.367574,0.842826,False
188.14,9407,left,True,0.7391307353973389,1.067510724067688,-5.97791895984301e-08,-0.029701123014092445,0.06834445893764496,0.03893805667757988,0.1277812,0.1458051,observed,1.0,0.766269,0.980168,False
188.14,9407,right,True,0.35018235445022583,0.9502055048942566,4.412088969729666e-07,-0.03789164125919342,0.0855332538485527,-0.0115114226937294,0.0965748,0.1211503,observed,1.0,0.38685,0.83806,False
188.26,9413,left,True,0.7264680862426758,1.0458483695983887,3.2405342853536467e-09,-0.015281719155609608,0.049205243587493896,0.04552202299237251,0.1408716,0.136858,observed,1.0,0.750153,0.959519,False
188.26,9413,right,True,0.35543936491012573,0.9366302490234375,3.780968143018981e-07,-0.03945958986878395,0.08731427788734436,-0.0017029102891683578,0.0617439,0.1622943,observed,1.0,0.392791,0.824134,False
188.38,9419,left,False,,,,,,,,,,0.0,,,False
188.38,9419,right,True,0.36749497056007385,0.8846909999847412,3.8284602510429977e-07,-0.030718974769115448,0.08717808127403259,0.005980067420750856,0.2981142,0.2323947,observed,1.0,0.402419,0.758972,False
188.5,9425,left,True,0.3872148096561432,0.8104209899902344,4.173027434717369e-07,-0.027874331921339035,0.070546954870224,0.03356006368994713,,,,0.0,0.419631,0.687886,False
188.5,9425,right,True,0.41537973284721375,0.7199839949607849,2.933774396751687e-07,-0.024033308029174805,0.06232086569070816,0.051076170057058334,0.6355027,0.2667607,observed,1.0,0.435864,0.63138,False
188.64,9432,left,False,,,,,,,,,,0.0,,,False
188.64,9432,right,True,0.41955649852752686,0.7516968250274658,3.908501753357996e-07,-0.014393055811524391,0.08432812988758087,0.03531557321548462,0.1381322,0.2057393,observed,1.0,0.436092,0.629983,False
188.76,9438,left,False,,,,,,,,,,0.0,,,False
188.76,9438,right,True,0.4546556770801544,0.7248255610466003,3.0992455890554993e-07,0.0033236443996429443,0.08134297281503677,0.023080218583345413,0.221471,0.1356081,observed,1.0,0.456422,0.61073,False
188.88,9444,left,False,,,,,,,,,,0.0,,,False
188.88,9444,right,True,0.4520232081413269,0.7179770469665527,2.175963516037882e-07,-9.529280941933393e-05,0.08106029033660889,0.04087713733315468,0.0641018,0.0932666,observed,1.0,0.452696,0.611645,False
189.0,9450,left,False,,,,,,,,,,0.0,,,False
189.0,9450,right,True,0.4641913175582886,0.7049882411956787,1.6285341075672477e-07,0.01692078821361065,0.077156662940979,0.053366128355264664,0.0624609,0.0669921,observed,1.0,0.450111,0.604027,False
189.14,9457,left,False,,,,,,,,,,0.0,,,False
189.14,9457,right,True,0.45648857951164246,0.6943875551223755,1.1419746925867003e-07,0.007203829474747181,0.07893483340740204,0.05504836142063141,0.0410506,0.0588738,observed,1.0,0.450352,0.59612,False
189.26,9463,left,False,,,,,,,,,,0.0,,,False
189.26,9463,right,True,0.45475614070892334,0.6892858147621155,1.8899548592798965e-07,0.0016837944276630878,0.08192930370569229,0.038189224898815155,0.057803,0.0601718,observed,1.0,0.455545,0.602465,False
189.38,9469,left,False,,,,,,,,,,0.0,,,False
189.38,9469,right,True,0.46218225359916687,0.7034188508987427,1.7846747368821525e-07,-0.006682490464299917,0.08456985652446747,0.0049285744316875935,0.0940113,0.0672413,observed,1.0,0.470857,0.610286,False
189.5,9475,left,False,,,,,,,,,,0.0,,,False
189.5,9475,right,True,0.46846017241477966,0.7072872519493103,1.9120899708013894e-07,0.00870770588517189,0.08221019804477692,0.02275983989238739,0.0236122,0.0655284,observed,1.0,0.465409,0.6114,False
189.64,9482,left,False,,,,,,,,,,0.0,,,False
189.64,9482,right,True,0.47053027153015137,0.6918615698814392,1.448328106334884e-07,0.02326088957488537,0.07470550388097763,0.04431237280368805,0.1017931,0.0643557,observed,1.0,0.451547,0.603289,False
189.76,9488,left,False,,,,,,,,,,0.0,,,False
189.76,9488,right,True,0.4689617455005646,0.6793371438980103,1.673023461989942e-07,0.029453787952661514,0.07676228135824203,0.02843760885298252,0.0091663,0.0718637,observed,1.0,0.452421,0.600858,False
189.88,9494,left,False,,,,,,,,,,0.0,,,False
189.88,9494,right,True,0.47402089834213257,0.6899133324623108,1.8800767520588124e-07,0.013585306704044342,0.0736377164721489,0.0538032241165638,0.1351347,0.0769412,observed,1.0,0.46566,0.610383,False
190.0,9500,left,False,,,,,,,,,,0.0,,,False
190.0,9500,right,True,0.4725687801837921,0.7037426233291626,2.050897336403068e-07,0.00795027520507574,0.0817914754152298,0.02452479675412178,0.0725056,0.0745013,observed,1.0,0.470518,0.617277,False
190.14,9507,left,False,,,,,,,,,,0.0,,,False
190.14,9507,right,True,0.4750329554080963,0.6864020228385925,2.505463214674819e-07,0.01597810722887516,0.08144459128379822,0.039637088775634766,0.0529085,0.0743064,observed,1.0,0.466,0.59776,False
190.26,9513,left,False,,,,,,,,,,0.0,,,False
190.26,9513,right,True,0.4730595648288727,0.6628795266151428,1.8597974360545777e-07,0.012659496627748013,0.07945725321769714,0.047947876155376434,0.1005881,0.0807128,observed,1.0,0.463252,0.570569,False
190.38,9519,left,False,,,,,,,,,,0.0,,,False
190.38,9519,right,True,0.4762253165245056,0.6466063857078552,1.594004714888797e-07,0.028701644390821457,0.07187389582395554,0.050413940101861954,0.0729688,0.0891923,observed,1.0,0.453456,0.564948,False
190.5,9525,left,True,0.5466110110282898,0.6505952477455139,8.340548873775333e-08,0.001845838502049446,0.08661056309938431,-0.0010919818887487054,,,,0.0,0.537774,0.563014,False
190.5,9525,right,True,0.480098694562912,0.6513533592224121,1.6928052559705975e-07,0.029172202572226524,0.06852326542139053,0.05062687769532204,0.0970874,0.0954438,observed,1.0,0.46053,0.572707,False
190.64,9532,left,False,,,,,,,0.0464633,0.0453828,interpolated_for_motion,0.4,0.538621,0.546696,True
190.64,9532,right,True,0.4768224358558655,0.6623510718345642,2.297995109756812e-07,0.012535268440842628,0.0803590789437294,0.03041626699268818,0.0982033,0.0744065,observed,1.0,0.470581,0.57676,False
190.76,9538,left,True,0.542462170124054,0.6142571568489075,-2.6823093435268675e-07,0.0021351510658860207,0.07224172353744507,-0.025735918432474136,0.0464898,0.0424574,interpolated_for_motion,0.4,0.544152,0.534833,False
190.76,9538,right,True,0.4738740622997284,0.6650048494338989,2.1885671230847947e-07,0.00011705886572599411,0.07506045699119568,0.04224276542663574,0.0303123,0.0522442,observed,1.0,0.471896,0.580365,False
190.88,9544,left,False,,,,,,,0.0341222,0.0381781,interpolated_for_motion,0.4,0.550659,0.52751,True
190.88,9544,right,True,0.47917982935905457,0.6616193652153015,2.699543699691276e-07,0.006125187501311302,0.07529771327972412,0.02537141740322113,0.0233507,0.0527138,observed,1.0,0.475802,0.574046,False
191.0,9550,left,False,,,,,,,0.0341678,0.0350179,interpolated_for_motion,0.4,0.555289,0.520989,True
191.0,9550,right,True,0.46974918246269226,0.6392167210578918,2.9552077762673434e-07,0.007100568152964115,0.07345547527074814,0.052891042083501816,0.1496894,0.0875349,observed,1.0,0.462944,0.548469,False
191.14,9557,left,True,0.5835241675376892,0.5899339318275452,-1.5736220859707828e-07,0.02439204230904579,0.07942839711904526,-0.019131705164909363,0.0342211,0.0552545,interpolated_for_motion,0.4,0.558604,0.51107,False
191.14,9557,right,True,0.4568260610103607,0.6239107251167297,1.6920135692544136e-07,0.013080427423119545,0.07853328436613083,0.0306849367916584,0.0994929,0.1191696,observed,1.0,0.449656,0.530502,False
191.26,9563,left,True,0.6105338335037231,0.5809429287910461,-1.2963094775386708e-07,0.042435258626937866,0.0699554979801178,-0.005933672189712524,0.1089753,0.0800309,observed,1.0,0.572948,0.512337,False
191.26,9563,right,True,0.4436224102973938,0.5912373065948486,1.7639392524415598e-07,-0.005121750757098198,0.0912400335073471,0.023024611175060272,0.1652299,0.103341,observed,1.0,0.449047,0.490934,False
191.38,9569,left,True,0.6145275235176086,0.5876016616821289,-2.2366961616171466e-09,0.09492530673742294,0.08367427438497543,-0.003939026966691017,0.0961821,0.0921286,observed,1.0,0.583065,0.524751,False
191.38,9569,right,True,0.44072282314300537,0.5778173804283142,2.463838200128521e-07,-0.01682879589498043,0.07931961119174957,0.04767117649316788,0.058464,0.0836883,observed,1.0,0.45037,0.482253,False
191.5,9575,left,True,0.6053169369697571,0.5771812200546265,6.929424500867754e-08,0.04352487623691559,0.08098354190587997,0.0225883387029171,0.0887405,0.0944713,observed,1.0,0.581849,0.506959,False
191.5,9575,right,True,0.44487327337265015,0.6022382974624634,2.0470733375077543e-07,-0.0049867890775203705,0.08802306652069092,0.023532677441835403,0.0711679,0.0790864,observed,1.0,0.448782,0.503433,False
191.64,9582,left,True,0.5896354913711548,0.5708489418029785,-5.472795194805258e-08,0.03093716874718666,0.07546570152044296,-0.006431473419070244,0.1321764,0.1009922,observed,1.0,0.5679,0.488747,False
191.64,9582,right,True,0.4607387185096741,0.5988482236862183,-1.2161823548240136e-08,-0.012964415363967419,0.08334335684776306,0.019503185525536537,0.097216,0.0894603,observed,1.0,0.469026,0.507074,False
191.76,9588,left,True,0.5993264317512512,0.574873149394989,-6.521009510151998e-08,0.032434847205877304,0.08077611029148102,0.02300925925374031,0.0767637,0.1056403,observed,1.0,0.581043,0.494268,False
191.76,9588,right,True,0.4566837251186371,0.5998231768608093,5.955969584192644e-08,-0.001914333552122116,0.08206724375486374,0.019534019753336906,0.1158402,0.0887586,observed,1.0,0.456932,0.499571,False
191.88,9594,left,True,0.6113142967224121,0.5916017293930054,-2.848721614157057e-08,0.012145232409238815,0.06617178022861481,0.022556737065315247,0.1305688,0.1055976,observed,1.0,0.5985,0.508383,False
191.88,9594,right,True,0.45099520683288574,0.6027780175209045,-4.968865496834951e-08,0.001724032685160637,0.08500605821609497,-0.0015934972325339913,0.0712798,0.0797373,observed,1.0,0.447971,0.507998,False
192.0,9600,left,True,0.6186578869819641,0.6078581809997559,-4.6379568630072754e-08,0.030229486525058746,0.10367157310247421,0.032611485570669174,0.0621288,0.1140787,observed,1.0,0.603795,0.515454,False
192.0,9600,right,True,0.44885608553886414,0.5950629115104675,5.1855455041049936e-08,0.013354734517633915,0.07904909551143646,0.022028418257832527,0.0470095,0.0927384,observed,1.0,0.439469,0.504562,False
192.14,9607,left,True,0.6053571701049805,0.6300239562988281,7.153807768389697e-09,0.022073781117796898,0.07125076651573181,-0.028513450175523758,0.1623174,0.1302222,observed,1.0,0.584772,0.55136,False
192.14,9607,right,True,0.4657653570175171,0.6301076412200928,1.7134767915649718e-07,0.010040847584605217,0.06862588226795197,0.04867243394255638,0.1569328,0.1314629,observed,1.0,0.458404,0.541712,False
192.26,9613,left,True,0.5932214260101318,0.6378882527351379,5.886295539880848e-08,0.025144603103399277,0.07980230450630188,-0.019460607320070267,0.1223861,0.1346291,observed,1.0,0.571198,0.554239,False
192.26,9613,right,True,0.49668580293655396,0.6596726179122925,2.5778078338589694e-07,0.001977847423404455,0.06290686130523682,0.03969116136431694,0.2471967,0.1290861,observed,1.0,0.492256,0.570655,False
192.38,9619,left,False,,,,,,,,,,0.0,,,False
192.38,9619,right,True,0.49814289808273315,0.6795163154602051,2.5914150114658696e-07,0.0017315390286967158,0.05186394974589348,0.05597303435206413,0.0480776,0.099011,observed,1.0,0.491824,0.585908,False
192.5,9625,left,False,,,,,,,,,,0.0,,,False
192.5,9625,right,True,0.4997280538082123,0.6970595121383667,2.756898709321831e-07,0.011580799706280231,0.07196778804063797,0.061402834951877594,0.0721313,0.0766335,observed,1.0,0.488356,0.597601,False
192.64,9632,left,False,,,,,,,,,,0.0,,,False
192.64,9632,right,True,0.4932999610900879,0.6963927745819092,2.593542092199641e-07,0.023385126143693924,0.0707937553524971,0.05244448408484459,0.0691658,0.0857814,observed,1.0,0.471949,0.600445,False
192.76,9638,left,False,,,,,,,,,,0.0,,,False
192.76,9638,right,True,0.48954421281814575,0.6716609597206116,2.1014622575421527e-07,0.029344433918595314,0.07007982581853867,0.02245393767952919,0.1072854,0.1096962,observed,1.0,0.466006,0.573972,False
192.88,9644,left,False,,,,,,,,,,0.0,,,False
192.88,9644,right,True,0.47645893692970276,0.6448961496353149,1.7198883028868295e-07,0.02905929647386074,0.07765776664018631,0.02736562304198742,0.1738105,0.1291566,observed,1.0,0.455759,0.536804,False
193.0,9650,left,True,0.572852373123169,0.6404278874397278,-4.868563152626848e-08,0.026678912341594696,0.07121895253658295,-0.02460683509707451,,,,0.0,0.550988,0.564381,False
193.0,9650,right,True,0.45308050513267517,0.6171590685844421,3.5940240650234045e-07,0.0193657036870718,0.09840922802686691,0.030335290357470512,0.1423785,0.1413077,observed,1.0,0.447464,0.510742,False
193.14,9657,left,True,0.5663638710975647,0.6500346660614014,-2.38541701946815e-07,-0.017142947763204575,0.07890554517507553,-0.029507286846637726,0.1355608,0.0890525,observed,1.0,0.572377,0.553279,False
193.14,9657,right,True,0.46074220538139343,0.6526729464530945,1.5823088972410915e-07,0.013702086172997952,0.07467172294855118,0.03773193061351776,0.1443784,0.1381394,observed,1.0,0.449793,0.559293,False
193.26,9663,left,True,0.5648689866065979,0.6435989737510681,-1.8103892784893105e-07,-0.004377770237624645,0.08629905432462692,0.008785935118794441,0.0721855,0.0754079,observed,1.0,0.566516,0.557849,False
193.26,9663,right,True,0.4859757125377655,0.6892944574356079,1.5623605520431738e-07,0.008740877732634544,0.08295559883117676,0.027098489925265312,0.2426859,0.1145229,observed,1.0,0.480561,0.597349,False
193.38,9669,left,True,0.5594307780265808,0.6412635445594788,-1.793162311969354e-07,-0.009741928428411484,0.08636627346277237,-0.009311593137681484,0.0626408,0.0601557,observed,1.0,0.564391,0.562062,False
193.38,9669,right,True,0.4990997016429901,0.701441764831543,2.4085426275632926e-07,0.01887817494571209,0.08330833166837692,0.022086655721068382,0.0408233,0.0826772,observed,1.0,0.486887,0.608818,False
193.5,9675,left,True,0.5559172034263611,0.6405696272850037,-1.5980833723006072e-07,-0.024527307599782944,0.07666297256946564,0.02810468152165413,0.0329027,0.0438598,observed,1.0,0.565831,0.568006,False
193.5,9675,right,True,0.4986775815486908,0.6958562135696411,2.3268437132628605e-07,0.013906501233577728,0.07667843252420425,0.03213634341955185,0.0528217,0.0611493,observed,1.0,0.485091,0.605369,False
193.64,9682,left,True,0.5634888410568237,0.648173451423645,-1.2088659673281654e-07,-0.01748485676944256,0.09682717174291611,0.02192816697061062,0.0332144,0.0443492,observed,1.0,0.568831,0.56561,False
193.64,9682,right,True,0.4710777997970581,0.6904909610748291,1.61831337663898e-07,0.008288610726594925,0.07698649168014526,-0.010466416366398335,0.0994084,0.059818,observed,1.0,0.47436,0.589496,False
193.76,9688,left,True,0.5731754899024963,0.6286183595657349,-1.3532594778098428e-07,-0.013775929808616638,0.0809020921587944,0.04144466668367386,0.1415544,0.0594504,observed,1.0,0.583285,0.536695,False
193.76,9688,right,True,0.4719803035259247,0.670546293258667,2.6186430091001967e-07,-0.007034508511424065,0.0768505185842514,-0.0015897530829533935,0.0619066,0.0594636,observed,1.0,0.484108,0.591675,False
193.88,9694,left,True,0.5848318338394165,0.6183053255081177,-1.603572314934354e-07,-0.009823169559240341,0.07863137125968933,0.05205240100622177,0.0637404,0.0693221,observed,1.0,0.588828,0.522858,False
193.88,9694,right,True,0.4711381196975708,0.6713995933532715,2.506154999082355e-07,-0.01846139505505562,0.07111679017543793,-0.03516057878732681,0.0190762,0.0521727,observed,1.0,0.487136,0.596354,False
194.0,9700,left,True,0.6005805730819702,0.6182688474655151,-1.9009230811661837e-07,-0.003995132632553577,0.06854157149791718,0.03747371956706047,0.0749863,0.076784,observed,1.0,0.602229,0.521042,False
194.0,9700,right,True,0.46186012029647827,0.670018196105957,2.9201294182712445e-07,-0.027098262682557106,0.07558440417051315,-0.024965517222881317,0.0843483,0.0499091,observed,1.0,0.479496,0.593053,False
194.14,9707,left,True,0.6121090054512024,0.6297391653060913,-1.6057465757057798e-07,-0.010220585390925407,0.0634545162320137,0.03542902320623398,0.0861394,0.0866975,observed,1.0,0.619285,0.533275,False
194.14,9707,right,True,0.4640950858592987,0.6658182144165039,2.574309689862275e-07,-0.03000924363732338,0.07391048967838287,-0.05870683118700981,0.0245644,0.0689163,observed,1.0,0.483422,0.58872,False
194.26,9713,left,True,0.6123781800270081,0.6523559093475342,-1.51143282778321e-07,-0.01095612533390522,0.062322989106178284,0.04068578779697418,0.0953313,0.089441,observed,1.0,0.620134,0.559707,False
194.26,9713,right,True,0.4682931900024414,0.6764582395553589,2.864939290248003e-07,-0.035338547080755234,0.06282924860715866,-0.02691844291985035,0.0796376,0.0889199,observed,1.0,0.488577,0.608627,False
194.38,9719,left,True,0.5971589684486389,0.6750442981719971,-7.559755488273368e-08,0.003554214723408222,0.06765361875295639,0.057749394327402115,0.1874914,0.0808072,observed,1.0,0.589646,0.578353,False
194.38,9719,right,True,0.47724610567092896,0.6706376075744629,3.108685007191525e-07,0.008938724175095558,0.07976523041725159,0.004036969505250454,0.1157233,0.0988209,observed,1.0,0.478789,0.582187,False
194.5,9725,left,True,0.57125324010849,0.6761757731437683,-1.466839876229642e-07,-0.015674227848649025,0.07415930181741714,0.04907960072159767,0.0291341,0.0600611,observed,1.0,0.58115,0.571025,False
194.5,9725,right,True,0.4767417311668396,0.6538619995117188,1.136290919134808e-07,-0.003578710136935115,0.06476034969091415,-0.02440541610121727,0.1081032,0.1035314,observed,1.0,0.483451,0.575277,False
194.64,9732,left,True,0.5643212795257568,0.6627265810966492,-1.8801401324708422e-07,-0.01323266513645649,0.08508989214897156,0.048115745186805725,0.0419192,0.0463747,observed,1.0,0.571237,0.561652,False
194.64,9732,right,True,0.47124141454696655,0.6550900936126709,8.317810795688274e-08,-0.018721792846918106,0.06382759660482407,-0.006508572958409786,0.0209208,0.0877771,observed,1.0,0.48141,0.576962,False
194.76,9738,left,True,0.5765960216522217,0.6504840850830078,-1.9579233878630475e-07,-0.011013969779014587,0.07131960988044739,0.049929384142160416,0.0782098,0.0516174,observed,1.0,0.583081,0.556693,False
194.76,9738,right,True,0.4589396119117737,0.6528146862983704,1.594551868322469e-08,-0.05110199376940727,0.04864415153861046,0.030049866065382957,0.0966544,0.0710875,observed,1.0,0.482736,0.602788,False
194.88,9744,left,True,0.5874485969543457,0.6515334844589233,-1.9763719194543228e-07,-0.011173833161592484,0.0741116926074028,0.047777097672224045,0.0550368,0.0541786,observed,1.0,0.592027,0.559595,False
194.88,9744,right,True,0.4445437788963318,0.6495472192764282,1.0971626807076973e-07,-0.056450750678777695,0.03984680026769638,-0.007186329923570156,0.0627696,0.0629355,observed,1.0,0.475544,0.605535,False
195.0,9750,left,True,0.5935044884681702,0.6442028284072876,-6.757824166925275e-08,0.0009699969086796045,0.07470545172691345,0.04092046990990639,0.0271448,0.0541479,observed,1.0,0.590784,0.55636,False
195.0,9750,right,True,0.44184866547584534,0.6578704118728638,1.101372788525623e-07,-0.04881885647773743,0.05096307024359703,-0.033579424023628235,0.0377161,0.0575742,observed,1.0,0.472118,0.604096,False
195.14,9757,left,True,0.6011090874671936,0.6314098238945007,-1.4890323996041843e-07,-0.0035738470032811165,0.07560061663389206,0.048451878130435944,0.0963415,0.0557777,observed,1.0,0.604404,0.536488,False
195.14,9757,right,True,0.4436649978160858,0.6615478992462158,1.605283159733517e-07,-0.033676277846097946,0.05897469446063042,-0.01505628414452076,0.0549018,0.0535639,observed,1.0,0.465676,0.600185,False
195.26,9763,left,True,0.6044304966926575,0.6297078132629395,-1.666986548798377e-07,-0.012993376702070236,0.0773584172129631,0.030597537755966187,0.0511705,0.0571805,observed,1.0,0.612904,0.537885,False
195.26,9763,right,True,0.45104461908340454,0.6621370911598206,2.4737758508308616e-07,-0.02008294314146042,0.08219954371452332,-0.01753862015902996,0.0606512,0.0484997,observed,1.0,0.464702,0.587154,False
195.38,9769,left,True,0.6056693196296692,0.6434490084648132,-1.8310879568161909e-07,-0.010215369053184986,0.07849980890750885,0.03218258544802666,0.0648652,0.0561377,observed,1.0,0.610154,0.554372,False
195.38,9769,right,True,0.4560002088546753,0.6669464111328125,2.3033877027955896e-07,0.0014868061989545822,0.09331530332565308,-0.04705943539738655,0.0108058,0.0416708,observed,1.0,0.463398,0.587994,False
195.5,9775,left,True,0.6016964912414551,0.6521511077880859,-1.0986543230728785e-07,-0.012836923822760582,0.08320079743862152,0.021024994552135468,0.032773,0.0556438,observed,1.0,0.60967,0.562685,False
195.5,9775,right,True,0.4654100835323334,0.6678106188774109,2.4587330926806317e-07,0.01538386195898056,0.09536486864089966,-0.04005621001124382,0.0352687,0.0426674,observed,1.0,0.466256,0.587451,False
195.64,9782,left,True,0.59672611951828,0.6629936695098877,-1.0582238019196666e-07,-0.023277798667550087,0.07418815791606903,0.025934603065252304,0.0565315,0.0676026,observed,1.0,0.610643,0.577313,False
195.64,9782,right,True,0.4705142080783844,0.6655904054641724,2.670594199116749e-07,0.010586992837488651,0.07941291481256485,-0.037018951028585434,0.0616322,0.0546177,observed,1.0,0.470898,0.583716,False
195.76,9788,left,True,0.5968831181526184,0.6743215918540955,-1.5970321953773237e-07,-0.001566598191857338,0.072876937687397,0.03461357206106186,0.092109,0.0803691,observed,1.0,0.595527,0.583021,False
195.76,9788,right,True,0.47344937920570374,0.6555564403533936,2.3299742224480724e-07,-0.007027147337794304,0.08120547235012054,-0.05624154582619667,0.0922164,0.0570688,observed,1.0,0.478654,0.573068,False
195.88,9794,left,True,0.5906291604042053,0.6872274279594421,-1.04405259548912e-07,0.005191277712583542,0.09006727486848831,0.04568936303257942,0.0891264,0.0859546,observed,1.0,0.582681,0.591359,False
195.88,9794,right,True,0.47877055406570435,0.6579156517982483,2.4752705485298065e-07,-0.001257399097084999,0.07152363657951355,-0.012834986671805382,0.0476379,0.0522013,observed,1.0,0.483486,0.57945,False
196.0,9800,left,True,0.5857042670249939,0.6811445355415344,-2.9250962541027548e-08,0.0057100579142570496,0.09237347543239594,0.032466091215610504,0.0190171,0.0864935,observed,1.0,0.579235,0.58502,False
196.0,9800,right,True,0.46564358472824097,0.6602146029472351,2.6525322027737275e-07,-0.014894424937665462,0.0837322250008583,0.03374240919947624,0.0418357,0.0472576,observed,1.0,0.474516,0.577199,False
196.14,9807,left,True,0.5883970856666565,0.6873599886894226,-4.554926746891397e-08,0.024660158902406693,0.07651817798614502,-0.020064551383256912,0.0851392,0.0838415,observed,1.0,0.566514,0.604664,False
196.14,9807,right,True,0.45339202880859375,0.6624433994293213,2.7883390885108383e-07,-0.011057366617023945,0.07670295238494873,0.03857317194342613,0.0617366,0.0448595,observed,1.0,0.462733,0.567085,False
196.26,9813,left,True,0.5876871943473816,0.6864722967147827,7.215285080519607e-08,0.05000152438879013,0.06644310057163239,-0.03918188437819481,0.0952014,0.0771142,observed,1.0,0.55442,0.614901,False
196.26,9813,right,True,0.4559909403324127,0.6697137951850891,2.2025822943305684e-07,-0.016457006335258484,0.07203864306211472,0.047273311764001846,0.0358399,0.0439723,observed,1.0,0.467311,0.573384,False
196.38,9819,left,True,0.5820724964141846,0.6887926459312439,1.2595151588357112e-07,0.04887198656797409,0.05868563428521156,-0.03741608187556267,0.0660962,0.0650729,observed,1.0,0.547106,0.624704,False
196.38,9819,right,True,0.4491860866546631,0.668953537940979,1.8617208752402803e-07,-0.032279353588819504,0.05124497413635254,0.05578840523958206,0.0495646,0.0433873,observed,1.0,0.472175,0.579258,False
196.5,9825,left,True,0.5829434394836426,0.6926853060722351,1.3222080497143907e-07,0.05674288421869278,0.0589333176612854,-0.03762650117278099,0.0327875,0.0490706,observed,1.0,0.545351,0.632299,False
196.5,9825,right,True,0.43859565258026123,0.6630897521972656,8.783541005641382e-08,-0.03682892024517059,0.06042097508907318,0.04447672516107559,0.0236573,0.0417445,observed,1.0,0.46612,0.575623,False
196.64,9832,left,True,0.5825511813163757,0.6918632984161377,1.489167544832526e-07,0.05761166289448738,0.06788284331560135,-0.04799043759703636,0.038348,0.0494784,observed,1.0,0.546627,0.625608,False
196.64,9832,right,True,0.43088191747665405,0.6680708527565002,4.17026377874663e-08,-0.03106892853975296,0.06666114181280136,0.05629872530698776,0.069349,0.042002,observed,1.0,0.449558,0.570819,False
196.76,9838,left,True,0.5915972590446472,0.6857181787490845,1.5647674445062876e-07,0.05594724416732788,0.06284315139055252,-0.04301696643233299,0.0711173,0.063197,observed,1.0,0.55287,0.626899,False
196.76,9838,right,True,0.42964574694633484,0.6715388298034668,-2.6130114960665196e-08,-0.029432788491249084,0.07239212095737457,0.0456102155148983,0.0317583,0.0463947,observed,1.0,0.450215,0.569305,False
196.88,9844,left,True,0.5981961488723755,0.6871400475502014,8.628805403532169e-08,0.06761647015810013,0.03980230540037155,-0.052204761654138565,0.0806173,0.0714499,observed,1.0,0.553848,0.645487,False
196.88,9844,right,True,0.43372973799705505,0.666048526763916,6.553548104193396e-08,-0.033491868525743484,0.07440745830535889,0.05870336666703224,0.049865,0.0536589,observed,1.0,0.458766,0.562154,False
197.0,9850,left,True,0.5964319705963135,0.6901479363441467,6.067816116228641e-08,0.0698636993765831,0.05173739045858383,-0.05315237492322922,0.0529346,0.0881636,observed,1.0,0.554149,0.634684,False
197.0,9850,right,True,0.4438540041446686,0.6544182300567627,-1.662822057824087e-08,-0.034307267516851425,0.07432223111391068,0.047234907746315,0.0689639,0.0624768,observed,1.0,0.467057,0.549126,False
197.14,9857,left,True,0.6117890477180481,0.7088951468467712,-3.606268705880211e-08,0.058963920921087265,0.06645514070987701,-0.02816755883395672,0.1274783,0.1141301,observed,1.0,0.573241,0.639717,False
197.14,9857,right,True,0.4306875765323639,0.6424522995948792,4.7962544158508535e-08,-0.020453453063964844,0.08660697191953659,0.03586999699473381,0.1629495,0.0700488,observed,1.0,0.442414,0.533635,False
197.26,9863,left,True,0.6259973049163818,0.7046895027160645,3.253050051554851e-09,0.05761149525642395,0.06601697951555252,-0.06287108361721039,0.1399881,0.1151558,observed,1.0,0.592096,0.637047,False
197.26,9863,right,True,0.42479997873306274,0.6358120441436768,5.6308628870738175e-09,-0.0319138765335083,0.07971756905317307,0.033988043665885925,0.0284735,0.0630648,observed,1.0,0.444513,0.535764,False
197.38,9869,left,True,0.6267805099487305,0.7010563015937805,4.747170123664546e-08,0.04614301770925522,0.08156310021877289,-0.04982232302427292,0.0870515,0.102012,observed,1.0,0.599708,0.620779,False
197.38,9869,right,True,0.42998307943344116,0.6229766011238098,-4.155212707246392e-08,-0.03459370881319046,0.06908154487609863,0.009570269845426083,0.0814811,0.0493451,observed,1.0,0.454736,0.530618,False
197.5,9875,left,True,0.6258235573768616,0.6894745826721191,-1.8170460691635526e-07,0.01973823457956314,0.07669444382190704,-0.010860661044716835,0.0896896,0.1051863,observed,1.0,0.602246,0.598093,False
197.5,9875,right,True,0.43360111117362976,0.6141886115074158,9.456484661996001e-08,-0.033802635967731476,0.07215677946805954,0.023806847631931305,0.0350106,0.0381772,observed,1.0,0.456406,0.521833,False
197.64,9882,left,True,0.6318691372871399,0.7014870047569275,-5.853794959875813e-08,0.03992362320423126,0.05357906222343445,-0.01700698770582676,0.1458964,0.1294278,observed,1.0,0.602626,0.64106,False
197.64,9882,right,True,0.4341077506542206,0.6016029715538025,-1.2222629663938278e-07,-0.03370805084705353,0.06923419237136841,0.030235551297664642,0.0283309,0.0342663,observed,1.0,0.459555,0.51622,False
197.76,9888,left,True,0.6130836606025696,0.7036111354827881,-5.508609124404984e-09,0.06511801481246948,0.06353315711021423,0.0017302497290074825,0.2135428,0.1276045,observed,1.0,0.572975,0.637242,False
197.76,9888,right,True,0.4296841323375702,0.592431902885437,1.3915315832946362e-07,-0.005223788321018219,0.08354643732309341,0.038556452840566635,0.2390315,0.0362225,observed,1.0,0.428828,0.489828,False
197.88,9894,left,True,0.595163106918335,0.6960700750350952,2.6590021207084646e-07,0.046843573451042175,0.07729935646057129,-0.02245480753481388,0.0938456,0.1055643,observed,1.0,0.565915,0.618944,False
197.88,9894,right,True,0.4342613220214844,0.5833667516708374,2.1164022712127917e-07,0.008398513309657574,0.07261896878480911,0.03601706773042679,0.0166778,0.0392832,observed,1.0,0.427768,0.489945,False
198.0,9900,left,True,0.5960896611213684,0.6865348815917969,1.545734278352029e-07,0.04657960310578346,0.09156191349029541,-0.021007023751735687,0.0736878,0.0813085,observed,1.0,0.574704,0.603673,False
198.0,9900,right,True,0.4338376820087433,0.5857489705085754,1.0627642410554472e-07,0.005681865382939577,0.07336369156837463,0.03463137522339821,0.0507029,0.041646,observed,1.0,0.430549,0.502274,False
198.14,9907,left,True,0.6062184572219849,0.6828078627586365,3.368237955214681e-08,0.03492916002869606,0.0911741554737091,-0.02699212171137333,0.0616256,0.0629875,observed,1.0,0.588619,0.603224,False
198.14,9907,right,True,0.43431252241134644,0.5968520641326904,2.6553312437727072e-08,0.0037767000030726194,0.0835074931383133,0.028554124757647514,0.0332039,0.0570178,observed,1.0,0.430175,0.496482,False
198.26,9913,left,True,0.6037098169326782,0.6858987808227539,5.051811058365274e-08,0.022795019671320915,0.07738342136144638,-0.023671410977840424,0.0409168,0.0542397,observed,1.0,0.584111,0.606741,False
198.26,9913,right,True,0.4407503306865692,0.6037852764129639,-5.428788441008692e-08,-0.004066838417202234,0.0772591382265091,0.0380568653345108,0.0868246,0.0759115,observed,1.0,0.443769,0.506143,False
198.38,9919,left,True,0.6000963449478149,0.6823700666427612,1.0498685298898636e-07,0.0465364009141922,0.07505953311920166,-0.044328875839710236,0.0817869,0.0451474,observed,1.0,0.571844,0.605379,False
198.38,9919,right,True,0.4405592083930969,0.6251064538955688,2.326396675300657e-08,0.004071508068591356,0.08254382014274597,0.031416501849889755,0.0797119,0.0883525,observed,1.0,0.437411,0.523114,False
198.5,9925,left,True,0.5964530110359192,0.6824772953987122,4.520099849969483e-08,0.04088335111737251,0.07274501025676727,-0.05301249027252197,0.0027158,0.0359385,observed,1.0,0.571642,0.607194,False
198.5,9925,right,True,0.4450157582759857,0.6407743692398071,1.6650788836614083e-07,0.004162851721048355,0.08337147533893585,0.033894527703523636,0.1088645,0.1008938,observed,1.0,0.443461,0.550038,False
198.64,9932,left,True,0.5840435028076172,0.6913488507270813,-3.467635423248794e-08,0.015374992042779922,0.08347080647945404,-0.006821776740252972,0.0312407,0.0327451,observed,1.0,0.568035,0.609309,False
198.64,9932,right,True,0.45856374502182007,0.6777956485748291,2.1571041486367903e-07,-0.0012292071478441358,0.07846984267234802,0.03699054941534996,0.1364898,0.0836141,observed,1.0,0.458614,0.582808,False
198.76,9938,left,True,0.5848577618598938,0.6967207193374634,-7.328545592599767e-08,0.004281344823539257,0.08023685961961746,0.014941604807972908,0.0356698,0.0343095,observed,1.0,0.575869,0.61107,False
198.76,9938,right,True,0.453471302986145,0.6893571019172668,1.5761540339553903e-07,-0.007789565250277519,0.07662297785282135,0.026458272710442543,0.0259959,0.0554076,observed,1.0,0.458611,0.584696,False
198.88,9944,left,True,0.5910005569458008,0.7046234607696533,-8.521067940137073e-08,0.002049324568361044,0.08010953664779663,0.017357777804136276,0.0505845,0.03456,observed,1.0,0.584501,0.615492,False
198.88,9944,right,True,0.45347973704338074,0.6807719469070435,1.1421313672599354e-07,-0.018785670399665833,0.07934168726205826,0.014090792275965214,0.0345242,0.0453857,observed,1.0,0.465261,0.578335,False
199.0,9950,left,True,0.5898488163948059,0.700809895992279,-9.431973069240485e-08,0.0031459664460271597,0.08185639977455139,0.03051120974123478,0.0283755,0.0326387,observed,1.0,0.586002,0.608877,False
199.0,9950,right,True,0.4596206545829773,0.6856504678726196,8.352348146445365e-08,-0.022851046174764633,0.08205679059028625,0.020655734464526176,0.0575347,0.049719,observed,1.0,0.470836,0.585865,False
199.14,9957,left,True,0.5968843698501587,0.7029824256896973,-1.3216957484019076e-07,0.0033588313963264227,0.08545444160699844,0.02820226177573204,0.0325238,0.027912,observed,1.0,0.592594,0.610879,False
199.14,9957,right,True,0.46410655975341797,0.6839503645896912,8.506737003699527e-08,-0.02657754346728325,0.06380873918533325,0.031289879232645035,0.0622183,0.0556883,observed,1.0,0.48109,0.593876,False
199.26,9963,left,True,0.5987205505371094,0.706654965877533,-1.1881876105235278e-07,0.0043912651017308235,0.08688949793577194,0.022304214537143707,0.0150147,0.0255254,observed,1.0,0.594001,0.612699,False
199.26,9963,right,True,0.46390581130981445,0.6911059021949768,1.6928510149227805e-07,-0.028145523741841316,0.05822395905852318,0.04035016521811485,0.0520988,0.0553767,observed,1.0,0.486004,0.601888,False
199.38,9969,left,True,0.5968117117881775,0.70255047082901,-1.0784942361397043e-07,0.0003466201014816761,0.08303137123584747,0.03733488544821739,0.0242031,0.0254111,observed,1.0,0.592999,0.607325,False
199.38,9969,right,True,0.46103939414024353,0.6949863433837891,2.046207470129957e-07,-0.029805302619934082,0.06890901923179626,0.03169433772563934,0.0281774,0.0598691,observed,1.0,0.479685,0.602234,False
199.5,9975,left,True,0.5994848012924194,0.7071208953857422,-1.0244767878475614e-07,0.003568333340808749,0.08164435625076294,0.019265826791524887,0.051062,0.0319219,observed,1.0,0.592865,0.618767,False
199.5,9975,right,True,0.45531022548675537,0.68104088306427,1.102305731137676e-07,-0.026802722364664078,0.07569567114114761,0.038479890674352646,0.0805438,0.0708822,observed,1.0,0.469638,0.588214,False
199.64,9982,left,True,0.6133627891540527,0.7069915533065796,-4.507475281911866e-08,0.03035864233970642,0.08569934964179993,-0.017325667664408684,0.0277903,0.046643,observed,1.0,0.591276,0.623286,False
199.64,9982,right,True,0.43278929591178894,0.6954281330108643,2.674677261893521e-07,-0.029202496632933617,0.08941177278757095,-0.011775261722505093,0.1142803,0.0756431,observed,1.0,0.453453,0.604412,False
199.76,9988,left,True,0.6243871450424194,0.7171366810798645,2.4778460172569794e-08,0.041954685002565384,0.08170684427022934,-0.04833820089697838,0.0729108,0.0557739,observed,1.0,0.598639,0.633255,False
199.76,9988,right,True,0.430697500705719,0.6952106952667236,2.8983291144868417e-07,-0.03501967713236809,0.07816513627767563,-0.029653245583176613,0.0503239,0.0658541,observed,1.0,0.454595,0.610733,False
199.88,9994,left,True,0.6300143003463745,0.7261754274368286,1.6598649565935375e-08,0.07135482877492905,0.10386265069246292,-0.022367771714925766,0.0490076,0.0590199,observed,1.0,0.601366,0.638905,False
199.88,9994,right,True,0.4252719283103943,0.7004215717315674,2.8734407919728255e-07,-0.04343670234084129,0.07657642662525177,-0.04837776720523834,0.0700788,0.0554154,observed,1.0,0.453072,0.619779,False
200.0,10000,left,True,0.633621096611023,0.7353453040122986,-1.0833877794880209e-08,0.07050209492444992,0.11509440839290619,-0.018480902537703514,0.0749377,0.0614589,observed,1.0,0.606531,0.643942,False
200.0,10000,right,True,0.429763525724411,0.6961836218833923,2.7218888476454595e-07,-0.034657593816518784,0.07868064194917679,-0.035291608422994614,0.0425172,0.0445214,observed,1.0,0.455248,0.617126,False
200.14,10007,left,True,0.6190716624259949,0.7230963706970215,-6.04942229642802e-08,0.0381021574139595,0.10113685578107834,0.007195864804089069,0.0296408,0.0553016,observed,1.0,0.600677,0.628767,False
200.14,10007,right,True,0.4305637776851654,0.686521053314209,1.8913620181137958e-07,-0.03808652237057686,0.07550423592329025,-0.014184440486133099,0.0338455,0.0356234,observed,1.0,0.456871,0.61005,False
200.26,10013,left,True,0.6112045049667358,0.7011654376983643,-6.639334770852656e-08,0.011307740584015846,0.0920945256948471,0.03127702325582504,0.1040082,0.0490167,observed,1.0,0.598472,0.598577,False
200.26,10013,right,True,0.41992461681365967,0.6853493452072144,1.861637315414555e-07,-0.04945677891373634,0.07468517124652863,-0.009418243542313576,0.0306801,0.0339303,observed,1.0,0.453366,0.600856,False
200.38,10019,left,True,0.604063868522644,0.7070963978767395,-1.7161640641916165e-07,0.010375384241342545,0.0861777663230896,0.029917247593402863,0.0291356,0.0470616,observed,1.0,0.593971,0.598445,False
200.38,10019,right,True,0.4168747663497925,0.6909672021865845,1.4821942784237763e-07,-0.034667182713747025,0.0792802944779396,0.002685893326997757,0.0477539,0.0361629,observed,1.0,0.440554,0.591853,False
200.5,10025,left,True,0.5929318070411682,0.7169132232666016,-1.9132794193410518e-07,0.002077694982290268,0.08900242298841476,0.03388591483235359,0.0547445,0.0489712,observed,1.0,0.591767,0.609095,False
200.5,10025,right,True,0.4213133454322815,0.6947106122970581,7.223025022540241e-08,-0.024056091904640198,0.07974853366613388,0.017739098519086838,0.0103082,0.0499227,observed,1.0,0.436384,0.593333,False
200.64,10032,left,True,0.5934697985649109,0.7228009104728699,-1.8098374710007192e-07,-0.0013165255077183247,0.0882546678185463,0.029776660725474358,0.0453062,0.0600914,observed,1.0,0.59433,0.62286,False
200.64,10032,right,True,0.43145737051963806,0.6801972985267639,1.1244552666767049e-07,-0.0022045839577913284,0.0837879553437233,0.037374116480350494,0.0814755,0.0862232,observed,1.0,0.431473,0.576897,False
200.76,10038,left,True,0.6078468561172485,0.7545109987258911,-2.448607574478956e-07,-0.004613681696355343,0.09256783127784729,0.017463000491261482,0.1083073,0.0764377,observed,1.0,0.608763,0.656367,False
200.76,10038,right,True,0.4292527437210083,0.6476224064826965,-5.459640206595395e-08,-0.027576258406043053,0.10255611687898636,-0.025459101423621178,0.1839468,0.1276081,observed,1.0,0.446692,0.544767,False
200.88,10044,left,True,0.6171096563339233,0.791958749294281,-3.294493353678263e-07,0.0038976019714027643,0.0799490287899971,0.03840581700205803,0.0689859,0.0879464,observed,1.0,0.617667,0.690345,False
200.88,10044,right,True,0.4483994245529175,0.6287888288497925,-1.232620832070097e-07,-0.03847432881593704,0.07933751493692398,-0.027718642726540565,0.1017957,0.1730448,observed,1.0,0.474954,0.538507,False
201.0,10050,left,True,0.614944577217102,0.8305116295814514,-2.512958303668711e-07,0.0019205749267712235,0.0808802992105484,0.02962668612599373,0.1558887,0.1056563,observed,1.0,0.616608,0.734546,False
201.0,10050,right,True,0.4465590715408325,0.624315619468689,-7.763190978948842e-09,-0.03579508885741234,0.08674522489309311,0.027758343145251274,0.2499921,0.2468124,observed,1.0,0.463569,0.526479,False
201.14,10057,left,True,0.6278752088546753,0.862903356552124,-2.3733825571525813e-07,-0.0025220850948244333,0.07477513700723648,0.04816346988081932,0.0829609,0.2076944,observed,1.0,0.62958,0.767161,False
201.14,10057,right,True,0.43740659952163696,0.6447640061378479,7.279754754563328e-08,-0.013116932474076748,0.07235801964998245,0.03943778946995735,0.3580907,0.3731139,observed,1.0,0.442319,0.545297,False
201.26,10063,left,False,,,,,,,0.3631429,0.3018643,interpolated_for_motion,0.4,0.704452,0.828056,True
201.26,10063,right,True,0.42477139830589294,0.683770477771759,1.4030927530939152e-08,-0.005181065760552883,0.065087229013443,0.04633598402142525,0.452743,0.4579612,observed,1.0,0.423852,0.586995,False
201.38,10069,left,True,0.776458740234375,1.0144881010055542,7.229093768046368e-08,-0.029311683028936386,0.08403359353542328,0.03792155534029007,0.3571724,0.3410301,interpolated_for_motion,0.4,0.791496,0.918918,False
201.38,10069,right,True,0.4055270552635193,0.8258548974990845,-4.032556688571276e-08,-0.012682797387242317,0.06335539370775223,0.0431906096637249,0.6794657,0.5077302,observed,1.0,0.412547,0.700797,False
201.5,10075,left,False,,,,,,,,,,0.0,,,False
201.5,10075,right,False,,,,,,,,,,0.0,,,False
201.64,10082,left,False,,,,,,,,,,0.0,,,False
201.64,10082,right,False,,,,,,,,,,0.0,,,False
201.76,10088,left,False,,,,,,,,,,0.0,,,False
201.76,10088,right,False,,,,,,,,,,0.0,,,False
201.88,10094,left,False,,,,,,,,,,0.0,,,False
201.88,10094,right,False,,,,,,,,,,0.0,,,False
202.0,10100,left,False,,,,,,,,,,0.0,,,False
202.0,10100,right,False,,,,,,,,,,0.0,,,False
202.14,10107,left,False,,,,,,,,,,0.0,,,False
202.14,10107,right,False,,,,,,,,,,0.0,,,False
202.26,10113,left,False,,,,,,,,,,0.0,,,False
202.26,10113,right,True,0.636300802230835,0.994269847869873,-1.0415931939178336e-07,0.011217581108212471,0.029175331816077232,0.07896925508975983,,,,0.0,0.626644,0.985491,False
202.38,10119,left,True,0.6861538290977478,0.8997046947479248,-5.644456280151644e-08,0.027544666081666946,0.09080313891172409,0.018051154911518097,,,,0.0,0.671451,0.822254,False
202.38,10119,right,False,,,,,,,,,,0.0,,,False
202.5,10125,left,True,0.7212241291999817,0.7141156792640686,-1.3643354179748712e-07,-0.009804640896618366,0.06306073069572449,0.038092005997896194,0.7731231,0.6781353,observed,1.0,0.727623,0.641752,False
202.5,10125,right,False,,,,,,,,,,0.0,,,False
202.64,10132,left,True,0.7777278423309326,0.6028550863265991,-2.0387003019095573e-07,-0.02836291305720806,0.07735362648963928,0.027419092133641243,0.5831474,0.6781353,observed,1.0,0.79365,0.520794,False
202.64,10132,right,False,,,,,,,,,,0.0,,,False
202.76,10138,left,False,,,,,,,,,,0.0,,,False
202.76,10138,right,False,,,,,,,,,,0.0,,,False
202.88,10144,left,False,,,,,,,,,,0.0,,,False
202.88,10144,right,False,,,,,,,,,,0.0,,,False
203.0,10150,left,False,,,,,,,,,,0.0,,,False
203.0,10150,right,False,,,,,,,,,,0.0,,,False
203.14,10157,left,False,,,,,,,,,,0.0,,,False
203.14,10157,right,False,,,,,,,,,,0.0,,,False
203.26,10163,left,False,,,,,,,,,,0.0,,,False
203.26,10163,right,False,,,,,,,,,,0.0,,,False
203.38,10169,left,True,0.7249518632888794,0.7147687673568726,-2.1104906977598148e-07,-0.026165835559368134,0.08235269784927368,0.04037802666425705,,,,0.0,0.744595,0.599191,False
203.38,10169,right,False,,,,,,,,,,0.0,,,False
203.5,10175,left,True,0.7781922221183777,0.6443928480148315,-4.3100351376779145e-07,-0.011262654326856136,0.06404619663953781,0.07793203741312027,0.683713,0.683713,observed,1.0,0.807456,0.468431,False
203.5,10175,right,False,,,,,,,,,,0.0,,,False
203.64,10182,left,False,,,,,,,,,,0.0,,,False
203.64,10182,right,True,0.8100528120994568,0.27631041407585144,-2.744136793353391e-07,0.009231978096067905,0.07386456429958344,0.033826202154159546,,,,0.0,0.790639,0.080686,False
203.76,10188,left,False,,,,,,,,,,0.0,,,False
203.76,10188,right,False,,,,,,,,,,0.0,,,False
203.88,10194,left,False,,,,,,,,,,0.0,,,False
203.88,10194,right,False,,,,,,,,,,0.0,,,False
204.0,10200,left,False,,,,,,,,,,0.0,,,False
204.0,10200,right,False,,,,,,,,,,0.0,,,False
204.14,10207,left,False,,,,,,,,,,0.0,,,False
204.14,10207,right,False,,,,,,,,,,0.0,,,False
204.26,10213,left,False,,,,,,,,,,0.0,,,False
204.26,10213,right,False,,,,,,,,,,0.0,,,False
204.38,10219,left,False,,,,,,,,,,0.0,,,False
204.38,10219,right,True,0.5835779905319214,0.2105368673801422,-3.049055692372349e-07,0.06733103096485138,-0.004593536723405123,0.010435487143695354,,,,0.0,0.517398,0.217245,False
204.5,10225,left,False,,,,,,,,,,0.0,,,False
204.5,10225,right,True,0.5678243637084961,0.17508327960968018,-2.605637234864844e-07,0.08384343981742859,0.011350210756063461,-0.014926171861588955,0.2255711,0.1236788,observed,1.0,0.500596,0.163376,False
204.64,10232,left,False,,,,,,,,,,0.0,,,False
204.64,10232,right,True,0.5542144775390625,0.15392839908599854,-2.4476312887600216e-07,0.08401656150817871,-0.0008073905482888222,-0.013034354895353317,0.0744118,0.0924142,observed,1.0,0.490267,0.151185,False
204.76,10238,left,False,,,,,,,,,,0.0,,,False
204.76,10238,right,True,0.5524441599845886,0.13798770308494568,-2.5543445758557937e-07,0.0704854428768158,0.0006578220054507256,-0.002703888574615121,0.05902,0.0774268,observed,1.0,0.486656,0.139273,False
204.88,10244,left,False,,,,,,,,,,0.0,,,False
204.88,10244,right,False,,,,,,,0.0836131,0.0806705,interpolated_for_motion,0.4,0.48538,0.111721,True
205.0,10250,left,False,,,,,,,,,,0.0,,,False
205.0,10250,right,True,0.5428035855293274,0.05929148197174072,-3.1850632353780384e-07,0.05339612811803818,-0.020272858440876007,0.019146863371133804,0.0840572,0.082923,interpolated_for_motion,0.4,0.481471,0.085354,False
205.14,10257,left,False,,,,,,,,,,0.0,,,False
205.14,10257,right,False,,,,,,,,,,0.0,,,False
205.26,10263,left,False,,,,,,,,,,0.0,,,False
205.26,10263,right,False,,,,,,,,,,0.0,,,False
205.38,10269,left,False,,,,,,,,,,0.0,,,False
205.38,10269,right,False,,,,,,,,,,0.0,,,False
205.5,10275,left,False,,,,,,,,,,0.0,,,False
205.5,10275,right,False,,,,,,,,,,0.0,,,False
205.64,10282,left,False,,,,,,,,,,0.0,,,False
205.64,10282,right,False,,,,,,,,,,0.0,,,False
205.76,10288,left,False,,,,,,,,,,0.0,,,False
205.76,10288,right,False,,,,,,,,,,0.0,,,False
205.88,10294,left,False,,,,,,,,,,0.0,,,False
205.88,10294,right,False,,,,,,,,,,0.0,,,False
206.0,10300,left,False,,,,,,,,,,0.0,,,False
206.0,10300,right,False,,,,,,,,,,0.0,,,False
206.14,10307,left,False,,,,,,,,,,0.0,,,False
206.14,10307,right,False,,,,,,,,,,0.0,,,False
206.26,10313,left,False,,,,,,,,,,0.0,,,False
206.26,10313,right,False,,,,,,,,,,0.0,,,False
206.38,10319,left,False,,,,,,,,,,0.0,,,False
206.38,10319,right,False,,,,,,,,,,0.0,,,False
206.5,10325,left,False,,,,,,,,,,0.0,,,False
206.5,10325,right,False,,,,,,,,,,0.0,,,False
206.64,10332,left,False,,,,,,,,,,0.0,,,False
206.64,10332,right,False,,,,,,,,,,0.0,,,False
206.76,10338,left,False,,,,,,,,,,0.0,,,False
206.76,10338,right,False,,,,,,,,,,0.0,,,False
206.88,10344,left,False,,,,,,,,,,0.0,,,False
206.88,10344,right,False,,,,,,,,,,0.0,,,False
207.0,10350,left,False,,,,,,,,,,0.0,,,False
207.0,10350,right,False,,,,,,,,,,0.0,,,False
207.14,10357,left,False,,,,,,,,,,0.0,,,False
207.14,10357,right,False,,,,,,,,,,0.0,,,False
207.26,10363,left,False,,,,,,,,,,0.0,,,False
207.26,10363,right,False,,,,,,,,,,0.0,,,False
207.38,10369,left,False,,,,,,,,,,0.0,,,False
207.38,10369,right,False,,,,,,,,,,0.0,,,False
207.5,10375,left,False,,,,,,,,,,0.0,,,False
207.5,10375,right,False,,,,,,,,,,0.0,,,False
207.64,10382,left,False,,,,,,,,,,0.0,,,False
207.64,10382,right,False,,,,,,,,,,0.0,,,False
207.76,10388,left,False,,,,,,,,,,0.0,,,False
207.76,10388,right,False,,,,,,,,,,0.0,,,False
207.88,10394,left,False,,,,,,,,,,0.0,,,False
207.88,10394,right,False,,,,,,,,,,0.0,,,False
208.0,10400,left,False,,,,,,,,,,0.0,,,False
208.0,10400,right,False,,,,,,,,,,0.0,,,False
208.14,10407,left,False,,,,,,,,,,0.0,,,False
208.14,10407,right,False,,,,,,,,,,0.0,,,False
208.26,10413,left,False,,,,,,,,,,0.0,,,False
208.26,10413,right,False,,,,,,,,,,0.0,,,False
208.38,10419,left,False,,,,,,,,,,0.0,,,False
208.38,10419,right,False,,,,,,,,,,0.0,,,False
208.5,10425,left,False,,,,,,,,,,0.0,,,False
208.5,10425,right,False,,,,,,,,,,0.0,,,False
208.64,10432,left,False,,,,,,,,,,0.0,,,False
208.64,10432,right,False,,,,,,,,,,0.0,,,False
208.76,10438,left,False,,,,,,,,,,0.0,,,False
208.76,10438,right,False,,,,,,,,,,0.0,,,False
208.88,10444,left,False,,,,,,,,,,0.0,,,False
208.88,10444,right,False,,,,,,,,,,0.0,,,False
209.0,10450,left,False,,,,,,,,,,0.0,,,False
209.0,10450,right,False,,,,,,,,,,0.0,,,False
209.14,10457,left,False,,,,,,,,,,0.0,,,False
209.14,10457,right,False,,,,,,,,,,0.0,,,False
209.26,10463,left,False,,,,,,,,,,0.0,,,False
209.26,10463,right,False,,,,,,,,,,0.0,,,False
209.38,10469,left,False,,,,,,,,,,0.0,,,False
209.38,10469,right,False,,,,,,,,,,0.0,,,False
209.5,10475,left,False,,,,,,,,,,0.0,,,False
209.5,10475,right,False,,,,,,,,,,0.0,,,False
209.64,10482,left,False,,,,,,,,,,0.0,,,False
209.64,10482,right,False,,,,,,,,,,0.0,,,False
209.76,10488,left,False,,,,,,,,,,0.0,,,False
209.76,10488,right,False,,,,,,,,,,0.0,,,False
209.88,10494,left,False,,,,,,,,,,0.0,,,False
209.88,10494,right,False,,,,,,,,,,0.0,,,False
210.0,10500,left,False,,,,,,,,,,0.0,,,False
210.0,10500,right,False,,,,,,,,,,0.0,,,False
210.14,10507,left,False,,,,,,,,,,0.0,,,False
210.14,10507,right,False,,,,,,,,,,0.0,,,False
210.26,10513,left,False,,,,,,,,,,0.0,,,False
210.26,10513,right,False,,,,,,,,,,0.0,,,False
210.38,10519,left,False,,,,,,,,,,0.0,,,False
210.38,10519,right,False,,,,,,,,,,0.0,,,False
210.5,10525,left,False,,,,,,,,,,0.0,,,False
210.5,10525,right,False,,,,,,,,,,0.0,,,False
210.64,10532,left,False,,,,,,,,,,0.0,,,False
210.64,10532,right,False,,,,,,,,,,0.0,,,False
210.76,10538,left,False,,,,,,,,,,0.0,,,False
210.76,10538,right,False,,,,,,,,,,0.0,,,False
210.88,10544,left,False,,,,,,,,,,0.0,,,False
210.88,10544,right,False,,,,,,,,,,0.0,,,False
211.0,10550,left,False,,,,,,,,,,0.0,,,False
211.0,10550,right,False,,,,,,,,,,0.0,,,False
211.14,10557,left,True,0.6969764828681946,0.6513484716415405,-6.627755624322162e-07,0.025803551077842712,0.04289098083972931,0.07170338928699493,,,,0.0,0.628202,0.468113,False
211.14,10557,right,False,,,,,,,,,,0.0,,,False
211.26,10563,left,True,0.6013695001602173,0.7788857817649841,-3.284837930550566e-07,0.036250971257686615,0.057023901492357254,0.0463581345975399,0.8489622,0.3183544,observed,1.0,0.555939,0.664362,False
211.26,10563,right,False,,,,,,,,,,0.0,,,False
211.38,10569,left,False,,,,,,,0.1122773,0.2153308,interpolated_for_motion,0.4,0.553264,0.716562,True
211.38,10569,right,False,,,,,,,,,,0.0,,,False
211.5,10575,left,False,,,,,,,0.1127181,0.1378891,interpolated_for_motion,0.4,0.551547,0.751919,True
211.5,10575,right,False,,,,,,,,,,0.0,,,False
211.64,10582,left,False,,,,,,,0.1131566,0.1132369,interpolated_for_motion,0.4,0.557063,0.78387,True
211.64,10582,right,False,,,,,,,,,,0.0,,,False
211.76,10588,left,True,0.5837085843086243,0.8881281614303589,-1.9563698572255817e-07,0.029859967529773712,0.0676441416144371,0.03026435896754265,0.1136899,0.107399,interpolated_for_motion,0.4,0.563317,0.805062,False
211.76,10588,right,False,,,,,,,,,,0.0,,,False
211.88,10594,left,True,0.5734233260154724,0.902916431427002,1.262166726689884e-08,0.04058875888586044,0.06739341467618942,0.02767721191048622,0.1170976,0.0891432,observed,1.0,0.55168,0.824953,False
211.88,10594,right,False,,,,,,,,,,0.0,,,False
212.0,10600,left,True,0.5796035528182983,0.9096196293830872,-1.2594968268331286e-07,0.030278533697128296,0.061774346977472305,0.03096526674926281,0.0196548,0.0497798,observed,1.0,0.556878,0.823709,False
212.0,10600,right,False,,,,,,,,,,0.0,,,False
212.14,10607,left,True,0.5887277722358704,0.9155635833740234,-1.294236398052817e-07,0.03190857917070389,0.06828206777572632,0.025383608415722847,0.0117599,0.0140763,observed,1.0,0.562914,0.825115,False
212.14,10607,right,False,,,,,,,,,,0.0,,,False
212.26,10613,left,True,0.6011772751808167,0.9123834371566772,-9.499279940428096e-08,0.03326254338026047,0.0709909051656723,0.030681319534778595,0.0080004,0.0141596,observed,1.0,0.574722,0.823098,False
212.26,10613,right,False,,,,,,,,,,0.0,,,False
212.38,10619,left,True,0.6145270466804504,0.904526948928833,-8.99134491305631e-08,0.030185645446181297,0.059806983917951584,0.027704058215022087,0.019119,0.0167193,observed,1.0,0.591249,0.816045,False
212.38,10619,right,False,,,,,,,,,,0.0,,,False
212.5,10625,left,True,0.6274362206459045,0.8988426923751831,-1.3535786536067462e-07,0.02791658416390419,0.059948962181806564,0.03037000074982643,0.0193255,0.0163412,observed,1.0,0.604773,0.808304,False
212.5,10625,right,False,,,,,,,,,,0.0,,,False
212.64,10632,left,True,0.6374087333679199,0.8996962308883667,-1.1518484654970962e-07,0.03044898435473442,0.06344421207904816,0.016521068289875984,0.0092173,0.0096553,observed,1.0,0.613266,0.806192,False
212.64,10632,right,False,,,,,,,,,,0.0,,,False
212.76,10638,left,True,0.6407239437103271,0.9014443755149841,-1.2840588681228837e-07,0.034735217690467834,0.0692809522151947,0.019834356382489204,0.003805,0.0053892,observed,1.0,0.615008,0.808341,False
212.76,10638,right,False,,,,,,,,,,0.0,,,False
212.88,10644,left,True,0.6346750855445862,0.9076858162879944,-6.98172328839064e-08,0.03301963582634926,0.06603232771158218,0.02376445010304451,0.0025004,0.0048497,observed,1.0,0.611061,0.815048,False
212.88,10644,right,False,,,,,,,,,,0.0,,,False
213.0,10650,left,True,0.6203769445419312,0.9052438735961914,1.2427751983068447e-07,0.033408273011446,0.060405246913433075,0.023357843980193138,0.0088727,0.0061106,observed,1.0,0.599345,0.818307,False
213.0,10650,right,False,,,,,,,,,,0.0,,,False
213.14,10657,left,True,0.6015381217002869,0.9069476127624512,1.888999623389509e-09,0.032925739884376526,0.07554959505796432,0.01756773516535759,0.0064546,0.0085312,observed,1.0,0.580508,0.815353,False
213.14,10657,right,False,,,,,,,,,,0.0,,,False
213.26,10663,left,True,0.5887501239776611,0.9018914103507996,6.677353781014972e-08,0.033491600304841995,0.06001469865441322,0.016379447653889656,0.0091018,0.0096955,observed,1.0,0.567453,0.811753,False
213.26,10663,right,False,,,,,,,,,,0.0,,,False
213.38,10669,left,True,0.580336332321167,0.898761510848999,1.1813521894055157e-07,0.030064724385738373,0.06386895477771759,0.006553360261023045,0.0187429,0.0104371,observed,1.0,0.560545,0.807358,False
213.38,10669,right,False,,,,,,,,,,0.0,,,False
213.5,10675,left,True,0.5696909427642822,0.8947896957397461,-7.770790944050532e-08,0.027916373685002327,0.057356446981430054,0.01516625564545393,0.0111055,0.010969,observed,1.0,0.549507,0.802263,False
213.5,10675,right,False,,,,,,,,,,0.0,,,False
213.64,10682,left,True,0.5623531937599182,0.8859260082244873,-5.340761077832212e-08,0.03052525594830513,0.06074606999754906,0.015770692378282547,0.0015539,0.0144004,observed,1.0,0.54015,0.794462,False
213.64,10682,right,False,,,,,,,,,,0.0,,,False
213.76,10688,left,True,0.5584045648574829,0.8760372996330261,-5.1930513222941954e-08,0.03170301765203476,0.06052401661872864,0.015888351947069168,0.0195004,0.0362143,observed,1.0,0.535038,0.78446,False
213.76,10688,right,False,,,,,,,,,,0.0,,,False
213.88,10694,left,True,0.5548807978630066,0.8669739365577698,-4.937606590260657e-08,0.031079880893230438,0.06283990293741226,0.010006389580667019,0.026008,0.0901962,observed,1.0,0.533459,0.775443,False
213.88,10694,right,False,,,,,,,,,,0.0,,,False
214.0,10700,left,True,0.5569183230400085,0.8187299966812134,8.841569609785438e-08,0.020470691844820976,0.06482839584350586,0.0033979720901697874,0.2825022,0.194938,observed,1.0,0.53829,0.710218,False
214.0,10700,right,False,,,,,,,,,,0.0,,,False
214.14,10707,left,True,0.5597882270812988,0.6297116875648499,-2.6178785361707924e-08,0.0005800183862447739,0.05443674325942993,0.013776796869933605,0.6426946,0.2618108,observed,1.0,0.562528,0.533977,False
214.14,10707,right,False,,,,,,,,,,0.0,,,False
214.26,10713,left,True,0.5609779953956604,0.6032377481460571,-1.3665727749412326e-07,0.0035969242453575134,0.07524825632572174,-0.02355518937110901,0.2502058,0.209617,observed,1.0,0.55383,0.491886,False
214.26,10713,right,False,,,,,,,,,,0.0,,,False
214.38,10719,left,True,0.5555344820022583,0.6155654788017273,-1.8618339936438133e-07,0.009912247769534588,0.08526643365621567,-0.02569766715168953,0.1075423,0.1462681,observed,1.0,0.54166,0.501615,False
214.38,10719,right,False,,,,,,,,,,0.0,,,False
214.5,10725,left,False,,,,,,,0.0695326,0.0921288,interpolated_for_motion,0.4,0.54198,0.532849,True
214.5,10725,right,False,,,,,,,,,,0.0,,,False
214.64,10732,left,True,0.5601263046264648,0.6582362055778503,-1.6993300278045353e-07,0.016551898792386055,0.0904310867190361,-0.014872395433485508,0.069377,0.0576399,interpolated_for_motion,0.4,0.548407,0.5643,False
214.64,10732,right,False,,,,,,,,,,0.0,,,False
214.76,10738,left,True,0.5626566410064697,0.6707417964935303,-1.9788153338140546e-07,0.01140106376260519,0.07785917818546295,-0.013889306224882603,0.0347163,0.043981,observed,1.0,0.551568,0.582438,False
214.76,10738,right,False,,,,,,,,,,0.0,,,False
214.88,10744,left,True,0.5676487684249878,0.6792943477630615,-1.8154014469473623e-07,0.00810979027301073,0.06569012999534607,-0.03321925178170204,0.0265908,0.0378996,observed,1.0,0.557143,0.590243,False
214.88,10744,right,False,,,,,,,,,,0.0,,,False
215.0,10750,left,True,0.5716046690940857,0.6714076399803162,-1.6715226536234695e-07,0.010608100332319736,0.0710693970322609,-0.03376778960227966,0.0520783,0.04022,observed,1.0,0.560173,0.581919,False
215.0,10750,right,False,,,,,,,,,,0.0,,,False
215.14,10757,left,True,0.5777409672737122,0.6821168661117554,-2.0419385293735104e-07,0.01116126962006092,0.06295648217201233,-0.042817361652851105,0.0382297,0.044496,observed,1.0,0.562536,0.593349,False
215.14,10757,right,False,,,,,,,,,,0.0,,,False
215.26,10763,left,True,0.5733198523521423,0.7024238705635071,-2.224980732989934e-07,0.009168554097414017,0.0661504715681076,-0.03920004516839981,0.065327,0.0433417,observed,1.0,0.560557,0.614038,False
215.26,10763,right,False,,,,,,,,,,0.0,,,False
215.38,10769,left,True,0.5773083567619324,0.7064040303230286,-1.858943221577647e-07,0.004350053146481514,0.06888893246650696,-0.02986288256943226,0.0200916,0.041959,observed,1.0,0.565964,0.617538,False
215.38,10769,right,False,,,,,,,,,,0.0,,,False
215.5,10775,left,False,,,,,,,,,,0.0,,,False
215.5,10775,right,False,,,,,,,,,,0.0,,,False
215.64,10782,left,False,,,,,,,,,,0.0,,,False
215.64,10782,right,False,,,,,,,,,,0.0,,,False
215.76,10788,left,False,,,,,,,,,,0.0,,,False
215.76,10788,right,False,,,,,,,,,,0.0,,,False
215.88,10794,left,False,,,,,,,,,,0.0,,,False
215.88,10794,right,False,,,,,,,,,,0.0,,,False
216.0,10800,left,False,,,,,,,,,,0.0,,,False
216.0,10800,right,False,,,,,,,,,,0.0,,,False
216.14,10807,left,False,,,,,,,,,,0.0,,,False
216.14,10807,right,False,,,,,,,,,,0.0,,,False
216.26,10813,left,False,,,,,,,,,,0.0,,,False
216.26,10813,right,False,,,,,,,,,,0.0,,,False
216.38,10819,left,True,0.5890401601791382,0.6410003304481506,-9.474963746924914e-08,0.010408210568130016,0.07043999433517456,-0.029258348047733307,,,,0.0,0.577894,0.556441,False
216.38,10819,right,False,,,,,,,,,,0.0,,,False
216.5,10825,left,True,0.5673930048942566,0.6385607123374939,-8.165223874812e-08,0.008459387347102165,0.07557730376720428,-0.018469344824552536,0.0912132,0.0912132,observed,1.0,0.565513,0.546689,False
216.5,10825,right,False,,,,,,,,,,0.0,,,False
216.64,10832,left,False,,,,,,,,,,0.0,,,False
216.64,10832,right,False,,,,,,,,,,0.0,,,False
216.76,10838,left,False,,,,,,,,,,0.0,,,False
216.76,10838,right,False,,,,,,,,,,0.0,,,False
216.88,10844,left,False,,,,,,,,,,0.0,,,False
216.88,10844,right,False,,,,,,,,,,0.0,,,False
217.0,10850,left,False,,,,,,,,,,0.0,,,False
217.0,10850,right,False,,,,,,,,,,0.0,,,False
217.14,10857,left,True,0.5839138627052307,0.8787136077880859,-2.0567590297559946e-07,0.028690094128251076,0.06626173108816147,0.017442328855395317,,,,0.0,0.567408,0.793353,False
217.14,10857,right,False,,,,,,,,,,0.0,,,False
217.26,10863,left,True,0.589701235294342,0.8755993843078613,-1.8707883953084092e-07,0.02489047683775425,0.049462467432022095,0.03423014283180237,0.0197097,0.0136063,observed,1.0,0.569212,0.792961,False
217.26,10863,right,False,,,,,,,,,,0.0,,,False
217.38,10869,left,True,0.5950183272361755,0.8694149851799011,-2.6522391394223632e-08,0.030723029747605324,0.04535562917590141,0.03426405042409897,0.0070852,0.0125992,observed,1.0,0.574492,0.791034,False
217.38,10869,right,False,,,,,,,,,,0.0,,,False
217.5,10875,left,True,0.5964502692222595,0.8742671012878418,-1.7696210719009287e-08,0.03592565283179283,0.058596353977918625,0.023448092862963676,0.0155739,0.0099725,observed,1.0,0.575771,0.794047,False
217.5,10875,right,False,,,,,,,,,,0.0,,,False
217.64,10882,left,True,0.599555492401123,0.8844137787818909,-7.443913574434191e-08,0.03462650999426842,0.06447389721870422,0.024761490523815155,0.0045643,0.0070949,observed,1.0,0.575975,0.79821,False
217.64,10882,right,False,,,,,,,,,,0.0,,,False
217.76,10888,left,True,0.5972867608070374,0.8899471759796143,-3.68720058929739e-08,0.038788486272096634,0.07362580299377441,0.018230827525258064,0.0077477,0.0071874,observed,1.0,0.57438,0.802054,False
217.76,10888,right,False,,,,,,,,,,0.0,,,False
217.88,10894,left,True,0.5960529446601868,0.8907395005226135,-3.2077831946253355e-08,0.03766469284892082,0.07054241746664047,0.01863192394375801,0.0059043,0.00807,observed,1.0,0.572452,0.802429,False
217.88,10894,right,False,,,,,,,,,,0.0,,,False
218.0,10900,left,True,0.5962949991226196,0.886011004447937,-4.4588247760657396e-08,0.040242746472358704,0.07312897592782974,0.015311532653868198,0.0108276,0.0096559,observed,1.0,0.572429,0.799592,False
218.0,10900,right,False,,,,,,,,,,0.0,,,False
218.14,10907,left,True,0.59368896484375,0.8811376690864563,-1.781315894788804e-08,0.04021601006388664,0.0706864520907402,0.017079610377550125,0.0185533,0.0082761,observed,1.0,0.569107,0.795772,False
218.14,10907,right,False,,,,,,,,,,0.0,,,False
218.26,10913,left,True,0.5918411612510681,0.8768691420555115,-2.2401383859005364e-08,0.04196654632687569,0.07094566524028778,0.00723672891035676,0.0011889,0.0053621,observed,1.0,0.567277,0.791006,False
218.26,10913,right,False,,,,,,,,,,0.0,,,False
218.38,10919,left,True,0.5884808897972107,0.8728712797164917,-1.0227780400384745e-08,0.03931098431348801,0.0674629807472229,0.006816886365413666,0.0033156,0.0041592,observed,1.0,0.564742,0.788012,False
218.38,10919,right,False,,,,,,,,,,0.0,,,False
218.5,10925,left,True,0.5879020690917969,0.8691442012786865,-7.72249908465028e-09,0.04160840064287186,0.06989002227783203,0.010896023362874985,0.0046665,0.0056873,observed,1.0,0.563348,0.786549,False
218.5,10925,right,False,,,,,,,,,,0.0,,,False
218.64,10932,left,True,0.5857393741607666,0.8637765645980835,-2.1849807296803192e-08,0.04085008054971695,0.07007192075252533,0.009217818267643452,0.0111028,0.0092374,observed,1.0,0.561163,0.780363,False
218.64,10932,right,False,,,,,,,,,,0.0,,,False
218.76,10938,left,True,0.5833063125610352,0.8582490086555481,-5.407139980206921e-08,0.04100510850548744,0.06807523220777512,0.0037238795775920153,0.0127037,0.0092569,observed,1.0,0.558187,0.775435,False
218.76,10938,right,False,,,,,,,,,,0.0,,,False
218.88,10944,left,True,0.5805928111076355,0.8552442193031311,-4.640428130642249e-08,0.03853033855557442,0.06721200048923492,0.004191478714346886,0.0020602,0.007288,observed,1.0,0.556395,0.771588,False
218.88,10944,right,False,,,,,,,,,,0.0,,,False
219.0,10950,left,True,0.5833064317703247,0.847407877445221,-8.888471825230226e-08,0.040108587592840195,0.06563563644886017,0.008670486509799957,0.0054421,0.0058278,observed,1.0,0.557982,0.764172,False
219.0,10950,right,False,,,,,,,,,,0.0,,,False
219.14,10957,left,True,0.5820010900497437,0.8428177833557129,-7.941049773307896e-08,0.04039385914802551,0.06854778528213501,0.0002554880629759282,0.0077193,0.0060804,observed,1.0,0.557063,0.75942,False
219.14,10957,right,False,,,,,,,,,,0.0,,,False
219.26,10963,left,True,0.5860708355903625,0.840961217880249,-4.8039876077154986e-08,0.0410793274641037,0.06861792504787445,0.0021156296133995056,0.0024431,0.0065144,observed,1.0,0.560232,0.75982,False
219.26,10963,right,False,,,,,,,,,,0.0,,,False
219.38,10969,left,True,0.584317684173584,0.8480021953582764,-2.0226302410719654e-08,0.04125670716166496,0.06828627735376358,-0.001859223353676498,0.024628,0.006375,observed,1.0,0.559155,0.764746,False
219.38,10969,right,False,,,,,,,,,,0.0,,,False
219.5,10975,left,True,0.587144672870636,0.8508639335632324,-1.3478856253357208e-08,0.04119911417365074,0.0704081580042839,0.005793811287730932,0.0057357,0.0061044,observed,1.0,0.561297,0.769088,False
219.5,10975,right,False,,,,,,,,,,0.0,,,False
219.64,10982,left,True,0.5853830575942993,0.8604129552841187,5.537431402302673e-09,0.03873467072844505,0.06992805004119873,0.01031388621777296,0.0062781,0.0059331,observed,1.0,0.561123,0.776182,False
219.64,10982,right,False,,,,,,,,,,0.0,,,False
219.76,10988,left,True,0.5850656628608704,0.8584033846855164,1.0643088188544425e-08,0.04315488040447235,0.07256439328193665,0.008728052489459515,0.0024421,0.0057289,observed,1.0,0.559812,0.776021,False
219.76,10988,right,False,,,,,,,,,,0.0,,,False
219.88,10994,left,True,0.5809405446052551,0.8519614338874817,-1.7980531508143827e-09,0.04074542224407196,0.07372694462537766,0.015244356356561184,0.0061991,0.0055536,observed,1.0,0.556557,0.770209,False
219.88,10994,right,False,,,,,,,,,,0.0,,,False
220.0,11000,left,True,0.5786195993423462,0.8486328125,-2.401476351110432e-08,0.041415292769670486,0.07153169065713882,0.011115528643131256,0.0049568,0.005604,observed,1.0,0.554391,0.766809,False
220.0,11000,right,False,,,,,,,,,,0.0,,,False
220.14,11007,left,True,0.5790470242500305,0.843673586845398,-3.484644395257419e-08,0.04302509129047394,0.06986701488494873,0.0056947446428239346,0.0058086,0.0061934,observed,1.0,0.553121,0.762751,False
220.14,11007,right,False,,,,,,,,,,0.0,,,False
220.26,11013,left,True,0.5844806432723999,0.8377106785774231,-3.9421216513346735e-08,0.04141766577959061,0.06749647855758667,0.007563414983451366,0.0114546,0.0159194,observed,1.0,0.557131,0.757047,False
220.26,11013,right,False,,,,,,,,,,0.0,,,False
220.38,11019,left,True,0.5953387022018433,0.8329504132270813,-1.4587271834898274e-08,0.041933294385671616,0.06994684040546417,0.008786621503531933,0.0041444,0.0425637,observed,1.0,0.567521,0.750588,False
220.38,11019,right,False,,,,,,,,,,0.0,,,False
220.5,11025,left,True,0.5945772528648376,0.8148449659347534,-1.898890076290627e-07,0.03248308598995209,0.07239332795143127,0.008319465443491936,0.137862,0.1437473,observed,1.0,0.573355,0.717325,False
220.5,11025,right,False,,,,,,,,,,0.0,,,False
220.64,11032,left,True,0.5749173164367676,0.6730819940567017,-1.1966267265961505e-07,0.015189260244369507,0.0699843317270279,0.004620647057890892,0.5143667,0.322763,observed,1.0,0.57024,0.580809,False
220.64,11032,right,False,,,,,,,,,,0.0,,,False
220.76,11038,left,True,0.5452304482460022,0.6285794973373413,2.414694932895145e-08,-0.009275495074689388,0.07109949737787247,-0.004617419559508562,0.3518974,0.4017108,observed,1.0,0.553348,0.533992,False
220.76,11038,right,True,0.5478079319000244,0.589984118938446,-1.4652559343630855e-07,-0.008922060951590538,0.06125086173415184,-0.02143135853111744,,,,0.0,0.555195,0.510143,False
220.88,11044,left,False,,,,,,,,,,0.0,,,False
220.88,11044,right,False,,,,,,,,,,0.0,,,False
221.0,11050,left,False,,,,,,,,,,0.0,,,False
221.0,11050,right,False,,,,,,,,,,0.0,,,False
221.14,11057,left,False,,,,,,,,,,0.0,,,False
221.14,11057,right,False,,,,,,,,,,0.0,,,False
221.26,11063,left,False,,,,,,,,,,0.0,,,False
221.26,11063,right,False,,,,,,,,,,0.0,,,False
221.38,11069,left,False,,,,,,,,,,0.0,,,False
221.38,11069,right,False,,,,,,,,,,0.0,,,False
221.5,11075,left,False,,,,,,,,,,0.0,,,False
221.5,11075,right,False,,,,,,,,,,0.0,,,False
221.64,11082,left,False,,,,,,,,,,0.0,,,False
221.64,11082,right,False,,,,,,,,,,0.0,,,False
221.76,11088,left,False,,,,,,,,,,0.0,,,False
221.76,11088,right,False,,,,,,,,,,0.0,,,False
221.88,11094,left,False,,,,,,,,,,0.0,,,False
221.88,11094,right,False,,,,,,,,,,0.0,,,False
222.0,11100,left,False,,,,,,,,,,0.0,,,False
222.0,11100,right,False,,,,,,,,,,0.0,,,False
222.14,11107,left,False,,,,,,,,,,0.0,,,False
222.14,11107,right,False,,,,,,,,,,0.0,,,False
222.26,11113,left,False,,,,,,,,,,0.0,,,False
222.26,11113,right,False,,,,,,,,,,0.0,,,False
222.38,11119,left,False,,,,,,,,,,0.0,,,False
222.38,11119,right,False,,,,,,,,,,0.0,,,False
222.5,11125,left,False,,,,,,,,,,0.0,,,False
222.5,11125,right,False,,,,,,,,,,0.0,,,False
222.64,11132,left,False,,,,,,,,,,0.0,,,False
222.64,11132,right,False,,,,,,,,,,0.0,,,False
222.76,11138,left,False,,,,,,,,,,0.0,,,False
222.76,11138,right,False,,,,,,,,,,0.0,,,False
222.88,11144,left,False,,,,,,,,,,0.0,,,False
222.88,11144,right,False,,,,,,,,,,0.0,,,False
223.0,11150,left,False,,,,,,,,,,0.0,,,False
223.0,11150,right,False,,,,,,,,,,0.0,,,False
223.14,11157,left,False,,,,,,,,,,0.0,,,False
223.14,11157,right,False,,,,,,,,,,0.0,,,False
223.26,11163,left,False,,,,,,,,,,0.0,,,False
223.26,11163,right,False,,,,,,,,,,0.0,,,False
223.38,11169,left,True,0.5788919925689697,0.8130383491516113,-6.27220941851192e-08,-0.0035032927989959717,0.0762869119644165,0.03473392128944397,,,,0.0,0.581012,0.734492,False
223.38,11169,right,False,,,,,,,,,,0.0,,,False
223.5,11175,left,True,0.5549439787864685,0.6885493397712708,-1.271286862447596e-07,-0.011904628947377205,0.08082074671983719,-0.024300122633576393,0.8032056,0.4670482,observed,1.0,0.562471,0.609511,False
223.5,11175,right,False,,,,,,,,,,0.0,,,False
223.64,11182,left,True,0.5349584817886353,0.6842724680900574,-1.1304733504857722e-07,0.0036668134853243828,0.049017533659935,-0.0056139747612178326,0.3045096,0.3628688,observed,1.0,0.535209,0.60953,False
223.64,11182,right,False,,,,,,,,,,0.0,,,False
223.76,11188,left,True,0.534159243106842,0.7216381430625916,-1.7839061783320176e-08,0.00501488521695137,0.059682171791791916,0.027194568887352943,0.0240083,0.3087476,observed,1.0,0.535723,0.651644,False
223.76,11188,right,False,,,,,,,,,,0.0,,,False
223.88,11194,left,True,0.5886625051498413,0.8717839121818542,2.873296445216056e-08,0.0022070512641221285,0.05773109570145607,0.0456824004650116,0.6154003,0.3130026,observed,1.0,0.590086,0.780009,False
223.88,11194,right,False,,,,,,,,,,0.0,,,False
224.0,11200,left,False,,,,,,,,,,0.0,,,False
224.0,11200,right,False,,,,,,,,,,0.0,,,False
224.14,11207,left,False,,,,,,,,,,0.0,,,False
224.14,11207,right,False,,,,,,,,,,0.0,,,False
224.26,11213,left,False,,,,,,,,,,0.0,,,False
224.26,11213,right,False,,,,,,,,,,0.0,,,False
224.38,11219,left,False,,,,,,,,,,0.0,,,False
224.38,11219,right,True,0.4271964430809021,0.950507402420044,2.136518446604896e-07,-0.003243865678086877,0.053737573325634,0.046608440577983856,,,,0.0,0.425027,0.858931,False
224.5,11225,left,True,0.43187645077705383,0.8279258608818054,1.9892345903826936e-07,-0.001401643268764019,0.05702994763851166,0.05391617864370346,,,,0.0,0.433027,0.743295,False
224.5,11225,right,True,0.4212605059146881,0.9011378288269043,2.848780411568441e-07,-0.007399166002869606,0.09027564525604248,0.054545920342206955,0.1927996,0.1984526,observed,1.0,0.427765,0.788911,False
224.64,11232,left,False,,,,,,,0.1016094,0.1539423,interpolated_for_motion,0.4,0.420361,0.720457,True
224.64,11232,right,True,0.4025954604148865,0.848458468914032,1.9658310179693217e-07,-0.008554894477128983,0.0899232029914856,0.03886081278324127,0.2101441,0.1656372,observed,1.0,0.411746,0.729885,False
224.76,11238,left,True,0.4103216826915741,0.777137815952301,2.427932770387997e-07,-0.009324600920081139,0.06625059992074966,0.064033642411232,0.1038149,0.2905271,interpolated_for_motion,0.4,0.411541,0.694688,False
224.76,11238,right,True,0.40138357877731323,0.8139817118644714,2.1307407394033362e-07,-0.009008010849356651,0.07345986366271973,0.042007289826869965,0.1226731,0.1154139,observed,1.0,0.407425,0.707408,False
224.88,11244,left,False,,,,,,,0.6772795,0.4902077,interpolated_for_motion,0.4,0.489168,0.779584,True
224.88,11244,right,True,0.40641599893569946,0.807523250579834,1.5562213206976594e-07,-0.0044816224835813046,0.07103412598371506,0.049168672412633896,0.044354,0.0744806,observed,1.0,0.41013,0.702485,False
225.0,11250,left,True,0.5838825702667236,0.9532687067985535,8.939002071883806e-08,0.029912427067756653,0.09352784603834152,0.007089896127581596,0.6889741,0.5136033,interpolated_for_motion,0.4,0.568719,0.864516,False
225.0,11250,right,True,0.40168431401252747,0.798446536064148,1.5485076687582477e-07,-0.002968178130686283,0.06537028402090073,0.05147402733564377,0.0345026,0.0474262,observed,1.0,0.405177,0.691614,False
225.14,11257,left,True,0.5772722363471985,0.9787777066230774,9.79705472303749e-09,0.025987472385168076,0.09039375185966492,0.020880062133073807,0.0789895,0.2418644,observed,1.0,0.566668,0.883559,False
225.14,11257,right,True,0.3902706503868103,0.7824209928512573,1.200570238779619e-07,-0.006265738047659397,0.06570853292942047,0.051663145422935486,0.0513783,0.0320564,observed,1.0,0.395326,0.673066,False
225.26,11263,left,True,0.5567244291305542,1.0043880939483643,-9.393082223141391e-08,0.011289060115814209,0.08696092665195465,0.012188548222184181,0.1353,0.0988967,observed,1.0,0.552994,0.907279,False
225.26,11263,right,True,0.37652158737182617,0.7790266871452332,1.6014591608382034e-07,-0.0062217749655246735,0.0617331862449646,0.05467202141880989,0.0208198,0.0235268,observed,1.0,0.381695,0.666733,False
225.38,11269,left,True,0.5509894490242004,1.0075457096099854,-1.0156873031519353e-07,0.011577397584915161,0.09460155665874481,0.00599139928817749,0.0344391,0.0934798,observed,1.0,0.545162,0.908535,False
225.38,11269,right,True,0.370699942111969,0.7776010632514954,1.994857825593499e-07,-0.004438234493136406,0.06523691117763519,0.05258700251579285,0.0113898,0.018872,observed,1.0,0.373682,0.665639,False
225.5,11275,left,True,0.5488791465759277,0.9839432835578918,-7.61778622404563e-08,0.01579500362277031,0.08417394012212753,-0.0019821934401988983,0.0950249,0.1037296,observed,1.0,0.537703,0.878298,False
225.5,11275,right,True,0.3662227392196655,0.7689834833145142,1.6605021357918304e-07,-0.006431265734136105,0.06265003979206085,0.050535984337329865,0.0198885,0.0162937,observed,1.0,0.369241,0.656338,False
225.64,11282,left,True,0.5503376722335815,0.9424338936805725,2.1979346342959616e-08,0.014390804804861546,0.09461140632629395,-0.004641064442694187,0.1376421,0.1516232,observed,1.0,0.53396,0.821196,False
225.64,11282,right,True,0.36129432916641235,0.7536497116088867,1.4432386308271816e-07,-0.008220581337809563,0.0645582377910614,0.054277386516332626,0.0063871,0.0140647,observed,1.0,0.365972,0.640426,False
225.76,11288,left,True,0.5636131763458252,0.9752010703086853,-2.561303347192734e-07,0.013814274221658707,0.08090080320835114,-0.006721484009176493,0.2295741,0.1963315,observed,1.0,0.551349,0.85951,False
225.76,11288,right,True,0.3609004616737366,0.753510594367981,1.6475354414069443e-07,-0.005456633400171995,0.0601687915623188,0.048506587743759155,0.0213184,0.0114647,observed,1.0,0.36554,0.640157,False
225.88,11294,left,True,0.5615963339805603,0.9296750426292419,-5.891935117574576e-08,0.015639731660485268,0.08385230600833893,0.000686122162733227,0.2021465,0.2245998,observed,1.0,0.539686,0.806611,False
225.88,11294,right,True,0.3623688519001007,0.7447009682655334,1.7433329446703283e-07,-0.006313021760433912,0.06224123015999794,0.053007375448942184,0.0084947,0.0092401,observed,1.0,0.366431,0.63259,False
226.0,11300,left,True,0.5457967519760132,0.8702695965766907,1.9894455860480775e-08,0.018263911828398705,0.08352457731962204,0.020424125716090202,0.2609912,0.2535393,observed,1.0,0.519821,0.734976,False
226.0,11300,right,True,0.35883060097694397,0.7290002703666687,1.7277137942528498e-07,-0.006496813613921404,0.061489976942539215,0.053002092987298965,0.0078646,0.0088607,observed,1.0,0.363169,0.615042,False
226.14,11307,left,True,0.5716961622238159,0.9104604721069336,-3.961088168580318e-07,0.014015376567840576,0.06833295524120331,-0.014125972986221313,0.300099,0.276989,observed,1.0,0.556019,0.798801,False
226.14,11307,right,True,0.3681236803531647,0.728712797164917,1.757052672246573e-07,-0.0026429323479533195,0.06424959748983383,0.058866746723651886,0.0100869,0.0095808,observed,1.0,0.369978,0.615177,False
226.26,11313,left,True,0.5535191893577576,0.8581478595733643,9.626632646586586e-08,0.018587566912174225,0.08263509720563889,0.014704030938446522,0.2831239,0.2629956,observed,1.0,0.528975,0.733838,False
226.26,11313,right,True,0.3641490638256073,0.7164240479469299,1.7463129609041061e-07,-0.005570376757532358,0.06075270473957062,0.05371344834566116,0.0119997,0.0094169,observed,1.0,0.367304,0.60139,False
226.38,11319,left,True,0.5761187076568604,0.8943005800247192,-3.3113542485807557e-07,0.014974741265177727,0.07180733233690262,0.004351722076535225,0.2677637,0.2125293,observed,1.0,0.558791,0.782921,False
226.38,11319,right,True,0.3716334402561188,0.720698356628418,1.5012663823199546e-07,-0.0019668543245643377,0.05823880434036255,0.053745534271001816,0.0080323,0.0087022,observed,1.0,0.37339,0.605796,False
226.5,11325,left,True,0.5779619812965393,0.8979549407958984,-1.7757426462594594e-07,0.016254834830760956,0.07982727885246277,0.014991953037679195,0.0366515,0.1161978,observed,1.0,0.559073,0.781873,False
226.5,11325,right,True,0.3677498996257782,0.7110517621040344,1.5532418728980701e-07,-0.004475198686122894,0.05868413299322128,0.04740218073129654,0.0065878,0.014828,observed,1.0,0.371437,0.59981,False
226.64,11332,left,True,0.5752165913581848,0.8937841057777405,-1.9051077515541692e-07,0.01429840363562107,0.06940508633852005,0.00895683653652668,0.0066367,0.0804406,observed,1.0,0.558136,0.779192,False
226.64,11332,right,True,0.3707769513130188,0.7241635322570801,1.0886021328815332e-07,-0.004896082449704409,0.07053242623806,0.04179266467690468,0.0369834,0.0640429,observed,1.0,0.372238,0.612679,False
226.76,11338,left,True,0.5807821154594421,0.8576527833938599,-1.1417812117997528e-07,0.02315853349864483,0.06981852650642395,0.0016449581598863006,0.1192946,0.1729701,observed,1.0,0.559293,0.75059,False
226.76,11338,right,True,0.3665439486503601,0.7372709512710571,2.026226013640553e-07,0.003009004518389702,0.06983975321054459,0.053469736129045486,0.1359357,0.1106453,observed,1.0,0.363848,0.624947,False
226.88,11344,left,True,0.5785319805145264,0.8033912777900696,-7.822114866939955e-08,0.02839984931051731,0.07697450369596481,0.0022539040073752403,0.349962,0.2693376,observed,1.0,0.548672,0.685615,False
226.88,11344,right,True,0.355951189994812,0.769616425037384,2.5382712465216173e-07,0.01175461895763874,0.0732344314455986,0.045908257365226746,0.2932532,0.1305019,observed,1.0,0.349523,0.660539,False
227.0,11350,left,True,0.5918500423431396,0.7276133298873901,-6.123803331092859e-08,0.0320882610976696,0.06749937683343887,0.02549069933593273,0.3626147,0.3014232,observed,1.0,0.561082,0.604069,False
227.0,11350,right,True,0.35839012265205383,0.7967960238456726,2.201950053404289e-07,-0.0033215265721082687,0.09151070564985275,-0.014922426082193851,0.1374786,0.1152245,observed,1.0,0.366039,0.681369,False
227.14,11357,left,True,0.6125532388687134,0.6533324718475342,-1.8132990931007953e-07,0.036969173699617386,0.07105693221092224,0.019265567883849144,0.2071999,0.2304541,observed,1.0,0.578103,0.543673,False
227.14,11357,right,True,0.37385672330856323,0.788070023059845,2.9679875979127246e-07,-0.0011350968852639198,0.1012481302022934,-0.01872231997549534,0.0345135,0.0632834,observed,1.0,0.382494,0.67324,False
227.26,11363,left,True,0.6122412085533142,0.6806476712226868,-1.3390948083724652e-07,0.026781465858221054,0.05202419310808182,0.043747428804636,0.1210708,0.187116,observed,1.0,0.582242,0.57976,False
227.26,11363,right,True,0.3764612376689911,0.7855839133262634,1.892096150868383e-07,0.0026220493018627167,0.07742804288864136,0.031177978962659836,0.0411344,0.0441818,observed,1.0,0.378603,0.669665,False
227.38,11369,left,True,0.6171091794967651,0.7250913977622986,-1.985511630664405e-07,0.021291261538863182,0.05849480628967285,0.04022522643208504,0.1790363,0.1838207,observed,1.0,0.599842,0.626201,False
227.38,11369,right,True,0.39478206634521484,0.7865488529205322,1.1552132406222881e-07,-0.007146763615310192,0.0702434703707695,0.04843493923544884,0.0972228,0.0532765,observed,1.0,0.395175,0.673382,False
227.5,11375,left,True,0.6337109804153442,0.774304986000061,-2.199285802362283e-07,0.012990683317184448,0.055496785789728165,0.03663359954953194,0.2550173,0.186489,observed,1.0,0.62603,0.684802,False
227.5,11375,right,True,0.3979593813419342,0.7929857969284058,1.579057311573706e-07,-0.006088551599532366,0.06326945126056671,0.04346916079521179,0.0177009,0.0718937,observed,1.0,0.400212,0.681327,False
227.64,11382,left,True,0.6349988579750061,0.8209514021873474,-2.443331368340296e-07,0.01076492853462696,0.049500565975904465,0.04289168119430542,0.1903225,0.1795641,observed,1.0,0.631671,0.746225,False
227.64,11382,right,True,0.390320360660553,0.7933868765830994,1.9369126391666214e-07,0.0007814285345375538,0.07735095173120499,0.027481531724333763,0.0877154,0.0951413,observed,1.0,0.3925,0.67952,False
227.76,11388,left,False,,,,,,,0.1582916,0.1669049,interpolated_for_motion,0.4,0.623396,0.77598,True
227.76,11388,right,True,0.37946727871894836,0.7849047780036926,1.9219257296754222e-07,0.0008356394246220589,0.08514894545078278,0.022316625341773033,0.109578,0.1040507,observed,1.0,0.380878,0.674865,False
227.88,11394,left,False,,,,,,,0.1586485,0.1607207,interpolated_for_motion,0.4,0.622083,0.799777,True
227.88,11394,right,True,0.40176090598106384,0.760381281375885,1.1987745551778062e-07,-0.001969108358025551,0.0887402668595314,0.011179056949913502,0.1121996,0.1088311,observed,1.0,0.405787,0.647908,False
228.0,11400,left,True,0.6300401091575623,0.9089758396148682,6.983941602811683e-08,0.025401338934898376,0.08039581775665283,0.0693042054772377,0.1586579,0.1478665,interpolated_for_motion,0.4,0.619365,0.820215,False
228.0,11400,right,True,0.41755351424217224,0.7290297150611877,1.3889528815980157e-07,-0.0019374345429241657,0.08427470922470093,-0.005188100505620241,0.06292,0.09998,observed,1.0,0.42185,0.620954,False
228.14,11407,left,True,0.6303771734237671,0.9108611941337585,-2.0728416316728726e-08,0.011688543483614922,0.07898575067520142,0.024139124900102615,0.1117486,0.1021929,observed,1.0,0.619156,0.812899,False
228.14,11407,right,True,0.4452552795410156,0.6939440369606018,-3.8015443237782165e-08,-0.021081648766994476,0.0746617317199707,-0.03364367038011551,0.1158338,0.0747244,observed,1.0,0.459252,0.595361,False
228.26,11413,left,True,0.6406010985374451,0.927079439163208,-1.5355928439930722e-07,0.0047844890505075455,0.0784042701125145,0.016310065984725952,0.0518718,0.068033,observed,1.0,0.633521,0.826358,False
228.26,11413,right,True,0.46345123648643494,0.6738256216049194,2.0974585623889652e-08,-0.02013077214360237,0.06606070697307587,-0.037173788994550705,0.0249659,0.0664597,observed,1.0,0.477357,0.585542,False
228.38,11419,left,True,0.6436720490455627,0.9236922264099121,-1.0455601540115822e-07,0.0009013153612613678,0.07057726383209229,-0.0003623765951488167,0.0290513,0.0579936,observed,1.0,0.640068,0.820566,False
228.38,11419,right,True,0.4803888201713562,0.65012526512146,-2.2663344978468558e-08,-0.014963511377573013,0.05623588338494301,-0.06597854197025299,0.0643194,0.0742092,observed,1.0,0.492282,0.565776,False
228.5,11425,left,True,0.6529061198234558,0.9049649834632874,-8.922739880290464e-08,0.007242714520543814,0.07515349239110947,0.012894890271127224,0.0603296,0.0675286,observed,1.0,0.640467,0.79898,False
228.5,11425,right,True,0.504864513874054,0.6319153904914856,-4.7092981958485325e-08,-0.012739630416035652,0.04857952147722244,-0.06006664037704468,0.1026113,0.089605,observed,1.0,0.511797,0.547195,False
228.64,11432,left,True,0.6802545785903931,0.8503592014312744,1.2830142281927692e-07,0.04197033494710922,0.06939917057752609,0.041881073266267776,0.10414,0.1153613,observed,1.0,0.650073,0.780265,False
228.64,11432,right,True,0.5261712074279785,0.6301912665367126,-3.1541237177634684e-08,-0.003896738402545452,0.06059328466653824,-0.03761757165193558,0.1305366,0.0945702,observed,1.0,0.525744,0.54793,False
228.76,11438,left,True,0.6839495897293091,0.8692763447761536,-6.362151694361273e-09,0.021751487627625465,0.08222661167383194,0.029889723286032677,0.2555362,0.1488876,observed,1.0,0.668925,0.777249,False
228.76,11438,right,True,0.49516409635543823,0.6328500509262085,7.796396772619119e-08,-0.013314388692378998,0.06263387948274612,0.018459061160683632,0.0789373,0.0851563,observed,1.0,0.500061,0.558011,False
228.88,11444,left,True,0.6826258301734924,0.87409508228302,1.8665240020254714e-08,-0.003316286951303482,0.0790085718035698,0.03239702805876732,0.1668294,0.1563498,observed,1.0,0.680496,0.784552,False
228.88,11444,right,True,0.4789656400680542,0.6273856163024902,1.3496627815356987e-08,-0.014129247516393661,0.07314935326576233,-0.009148894809186459,0.0646731,0.0806775,observed,1.0,0.485059,0.544397,False
229.0,11450,left,True,0.6758687496185303,0.8603230118751526,-2.4210498494880994e-08,-0.0010105581022799015,0.08341383934020996,0.036122556775808334,0.1044615,0.150671,observed,1.0,0.678078,0.766572,False
229.0,11450,right,True,0.4847714602947235,0.6489496231079102,-9.553949098517478e-08,-0.020702959969639778,0.039612118154764175,-0.03517110273241997,0.1993354,0.0794223,observed,1.0,0.498068,0.565613,False
229.14,11457,left,True,0.6710057854652405,0.8459654450416565,-1.0508244940865552e-07,-0.009993648156523705,0.08507806807756424,0.034655388444662094,0.1423596,0.1384377,observed,1.0,0.678429,0.747021,False
229.14,11457,right,True,0.4802226424217224,0.6726716756820679,-8.562810904777507e-08,-0.024714434519410133,0.06597196310758591,-0.022432394325733185,0.0796718,0.0659884,observed,1.0,0.492652,0.587713,False
229.26,11463,left,True,0.6706058382987976,0.82191002368927,-9.136616796467933e-08,-0.010081104934215546,0.0903548151254654,0.033322520554065704,0.1626414,0.1235923,observed,1.0,0.674897,0.7211,False
229.26,11463,right,True,0.4617459177970886,0.6895123720169067,-5.0174058685570344e-08,-0.02559577114880085,0.08141537755727768,0.009737624786794186,0.0400404,0.0490519,observed,1.0,0.475005,0.604365,False
229.38,11469,left,True,0.6649478077888489,0.8106141686439514,-1.2839792873364786e-07,-0.004802826326340437,0.08096680045127869,0.044409241527318954,0.0848065,0.1035739,observed,1.0,0.669263,0.711227,False
229.38,11469,right,True,0.45129522681236267,0.7057618498802185,-3.6372014733387914e-08,-0.02723795920610428,0.07651064544916153,0.017076831310987473,0.0367808,0.0394158,observed,1.0,0.464049,0.620696,False
229.5,11475,left,True,0.6629277467727661,0.8100415468215942,-1.5272182452008565e-07,-0.01318356953561306,0.07267728447914124,0.04042210802435875,0.0802956,0.1222041,observed,1.0,0.675708,0.708574,False
229.5,11475,right,True,0.44646772742271423,0.7189573645591736,-2.746692118194005e-08,-0.024341383948922157,0.07410809397697449,0.040218330919742584,0.0243599,0.0344174,observed,1.0,0.458045,0.629686,False
229.64,11482,left,True,0.6384607553482056,0.8230608701705933,-2.0087794894152466e-07,-0.0033391835168004036,0.07618729025125504,0.05531054735183716,0.2304197,0.1886686,observed,1.0,0.634271,0.716758,False
229.64,11482,right,True,0.4425441324710846,0.7209257483482361,1.5136149045247294e-07,-0.013851537369191647,0.07832980901002884,0.02863088808953762,0.0328654,0.0532571,observed,1.0,0.451452,0.62809,False
229.76,11488,left,True,0.6153207421302795,0.7881803512573242,3.6215599408251364e-08,0.018787961453199387,0.10155923664569855,0.04010792076587677,0.2910492,0.1908194,observed,1.0,0.597561,0.674692,False
229.76,11488,right,True,0.4244886338710785,0.7151737809181213,1.315561917181185e-07,-0.016456812620162964,0.07670621573925018,0.019226331263780594,0.0929008,0.0755185,observed,1.0,0.434521,0.624981,False
229.88,11494,left,True,0.6099338531494141,0.7621786594390869,-8.130256645699774e-08,0.021795466542243958,0.08918872475624084,0.01862861029803753,0.108979,0.1485793,observed,1.0,0.594093,0.653311,False
229.88,11494,right,True,0.4160912036895752,0.7287245392799377,1.6038137573559652e-07,-0.022765524685382843,0.08684547990560532,-0.012104661203920841,0.0953368,0.0820678,observed,1.0,0.429773,0.635133,False
230.0,11500,left,True,0.6116910576820374,0.7587556838989258,-9.208819307104932e-08,0.027831770479679108,0.09932812303304672,0.014279726892709732,0.0762786,0.1097368,observed,1.0,0.590497,0.658778,False
230.0,11500,right,True,0.4201143980026245,0.7428582310676575,2.1941542627246235e-07,-0.011760404333472252,0.0814230889081955,9.880017023533583e-05,0.0664092,0.0685847,observed,1.0,0.428471,0.640945,False
230.14,11507,left,True,0.6080660820007324,0.7678197026252747,-1.3437727375276154e-07,0.06095963716506958,0.10703132301568985,-0.001533202943392098,0.1186525,0.0792408,observed,1.0,0.582238,0.676671,False
230.14,11507,right,True,0.42732346057891846,0.7489972710609436,1.7369477234296937e-07,-0.011978850699961185,0.0825188010931015,0.003389006247743964,0.0332085,0.0422331,observed,1.0,0.436602,0.646378,False
230.26,11513,left,True,0.6088820099830627,0.7672070860862732,-1.0364431801690444e-07,0.07779087126255035,0.10131209343671799,-0.015027938410639763,0.0628668,0.0681944,observed,1.0,0.576671,0.682343,False
230.26,11513,right,True,0.41686466336250305,0.7443485260009766,1.4622992239310406e-07,-0.022500701248645782,0.07590173184871674,0.030202938243746758,0.036732,0.0335303,observed,1.0,0.434787,0.638054,False
230.38,11519,left,True,0.620755136013031,0.761256992816925,-1.4800498604472523e-07,0.08534491062164307,0.09510769695043564,-0.006252179387956858,0.057239,0.071042,observed,1.0,0.584983,0.678028,False
230.38,11519,right,True,0.4105408787727356,0.7299292087554932,1.0283439166869357e-07,-0.03356640785932541,0.07331913709640503,0.020852968096733093,0.0313786,0.0322058,observed,1.0,0.436162,0.627469,False
230.5,11525,left,True,0.6339149475097656,0.7410500645637512,-1.3515297325739084e-07,0.08979952335357666,0.0850198045372963,0.010048498399555683,0.0908631,0.0857534,observed,1.0,0.596624,0.666808,False
230.5,11525,right,True,0.4068670868873596,0.711128294467926,1.5403767861243978e-07,-0.044270168989896774,0.0703236311674118,0.020595187321305275,0.0146221,0.0467171,observed,1.0,0.436453,0.622351,False
230.64,11532,left,True,0.6284720301628113,0.7212910652160645,-2.0266899980470043e-07,0.04522473365068436,0.07862946391105652,0.02059769071638584,0.1100001,0.1311467,observed,1.0,0.599982,0.635354,False
230.64,11532,right,True,0.40787288546562195,0.6878278851509094,1.0068312850108896e-09,-0.05085427314043045,0.06887491792440414,-0.0015413338551297784,0.0975561,0.087821,observed,1.0,0.44403,0.595507,False
230.76,11538,left,True,0.6188398599624634,0.6944932341575623,-1.2518358971647103e-07,0.02991076372563839,0.09393458068370819,0.004618285223841667,0.1852109,0.1647511,observed,1.0,0.601239,0.589474,False
230.76,11538,right,True,0.4016392230987549,0.656715989112854,-1.0915865544802728e-07,-0.06161126494407654,0.06095034256577492,-0.025714971125125885,0.1136863,0.1103726,observed,1.0,0.444619,0.566353,False
230.88,11544,left,True,0.6013089418411255,0.6656045913696289,-1.1431897917191236e-07,0.026078825816512108,0.0892387330532074,0.006253680679947138,0.1884007,0.1768844,observed,1.0,0.585888,0.558241,False
230.88,11544,right,True,0.4093449115753174,0.6285504698753357,1.1645464326193178e-07,-0.04783159866929054,0.08086919039487839,-0.022559180855751038,0.1328784,0.116181,observed,1.0,0.438146,0.539321,False
231.0,11550,left,True,0.5888303518295288,0.6394385099411011,-1.1163023572180464e-07,0.03240333870053291,0.08093524724245071,0.039185311645269394,0.1701125,0.1765822,observed,1.0,0.567227,0.536542,False
231.0,11550,right,True,0.41312363743782043,0.6427950859069824,1.0566346020368655e-07,-0.030067862942814827,0.07968174666166306,-0.00018997535516973585,0.0540925,0.1187784,observed,1.0,0.43187,0.551281,False
231.14,11557,left,True,0.6127129793167114,0.6564337611198425,-2.649811392529955e-07,0.014905750751495361,0.07320482283830643,0.027360638603568077,0.1721439,0.1721473,observed,1.0,0.599619,0.553738,False
231.14,11557,right,True,0.41565781831741333,0.6752126812934875,8.820956765021037e-08,-0.01556886825710535,0.07851273566484451,0.0024004466831684113,0.127305,0.1138679,observed,1.0,0.422721,0.58521,False
231.26,11563,left,True,0.6151003241539001,0.6977646350860596,-3.002180903877161e-07,0.01341172493994236,0.06886263936758041,-0.023001786321401596,0.1721946,0.1765496,observed,1.0,0.599182,0.600351,False
231.26,11563,right,True,0.4132964611053467,0.6958576440811157,1.4545274495958438e-07,-0.0027603143826127052,0.07947276532649994,0.004725615493953228,0.1103368,0.1067994,observed,1.0,0.414455,0.604451,False
231.38,11569,left,True,0.6144782304763794,0.7072429656982422,-2.219278343318365e-07,0.021112699061632156,0.08427035808563232,0.01202149037271738,0.0492777,0.1896664,observed,1.0,0.597612,0.60971,False
231.38,11569,right,True,0.41456931829452515,0.7197977304458618,2.1224894908300485e-07,0.0074782948940992355,0.08825737982988358,-0.0015659135533496737,0.1049096,0.0996362,observed,1.0,0.409005,0.627744,False
231.5,11575,left,True,0.6239378452301025,0.6707871556282043,-1.7929131956861966e-07,0.02280363067984581,0.07315097749233246,0.02714899368584156,0.2392855,0.2164939,observed,1.0,0.606873,0.564321,False
231.5,11575,right,True,0.4247882664203644,0.7225556969642639,2.1018882989665144e-07,0.01963750272989273,0.08447428047657013,-0.011720019392669201,0.050908,0.0830853,observed,1.0,0.415196,0.633606,False
231.64,11582,left,True,0.6369094848632812,0.6082937121391296,1.5466142144759942e-08,0.03085402399301529,0.08688569068908691,0.03746520355343819,0.2815041,0.2351582,observed,1.0,0.613138,0.503507,False
231.64,11582,right,True,0.4324263632297516,0.7205532789230347,2.1794534177388414e-07,0.02625330723822117,0.0788319781422615,-0.0027514237444847822,0.0778899,0.0679858,observed,1.0,0.420674,0.639803,False
231.76,11588,left,True,0.6225548386573792,0.5707889795303345,-9.832926650688023e-08,0.019105633720755577,0.08740971982479095,0.009387579746544361,0.2338242,0.2222518,observed,1.0,0.611151,0.457076,False
231.76,11588,right,True,0.4424142837524414,0.7133207321166992,2.1441319120185653e-07,0.03360386937856674,0.0663175955414772,0.016717620193958282,0.0589596,0.0746334,observed,1.0,0.421323,0.638074,False
231.88,11594,left,True,0.618022084236145,0.6114600300788879,-3.1344785611508996e-07,0.009677850641310215,0.07795517146587372,0.02436167187988758,0.1680365,0.2032529,observed,1.0,0.61066,0.512168,False
231.88,11594,right,True,0.45108821988105774,0.7101916670799255,1.8126951317753992e-07,0.032305408269166946,0.06155455857515335,0.022144772112369537,0.0727212,0.0937329,observed,1.0,0.431719,0.635687,False
232.0,11600,left,True,0.6183142066001892,0.6606197357177734,-2.452848661960161e-07,0.022685259580612183,0.06818988174200058,0.009231396950781345,0.2004786,0.1614455,observed,1.0,0.598764,0.575097,False
232.0,11600,right,True,0.4619106948375702,0.6916652917861938,1.354082286297853e-07,0.030594352632761,0.0775495320558548,0.011495878919959068,0.2111931,0.1282304,observed,1.0,0.446303,0.609931,False
232.14,11607,left,True,0.6055502891540527,0.6801862716674805,-1.67186243515971e-07,0.018879137933254242,0.08911117166280746,0.03660000488162041,0.018137,0.1016262,observed,1.0,0.592035,0.58422,False
232.14,11607,right,True,0.46112194657325745,0.6795583963394165,1.2983757358142611e-07,0.014317033812403679,0.08522023260593414,0.004746126476675272,0.1567828,0.1151408,observed,1.0,0.45763,0.595199,False
232.26,11613,left,True,0.6128715872764587,0.6808140277862549,-1.5564280886337656e-07,0.039262961596250534,0.10391154885292053,0.03842933103442192,0.0815509,0.0824734,observed,1.0,0.598136,0.589482,False
232.26,11613,right,True,0.456065833568573,0.6814498901367188,1.9530671124812216e-07,0.016594350337982178,0.07935552299022675,-0.012649675831198692,0.0313186,0.0661412,observed,1.0,0.452823,0.601928,False
232.38,11619,left,True,0.6166587471961975,0.6883189678192139,-2.0342415041341155e-07,0.015650056302547455,0.08999408036470413,0.02258354239165783,0.0951674,0.0834574,observed,1.0,0.607715,0.592981,False
232.38,11619,right,True,0.45589300990104675,0.6865478754043579,2.0112516097015032e-07,0.011994626373052597,0.08006038516759872,-0.013594292104244232,0.0341837,0.0422043,observed,1.0,0.453006,0.601415,False
232.5,11625,left,True,0.6133871674537659,0.6967563033103943,-1.1606246630435635e-07,0.04915350675582886,0.11660037934780121,0.01918672025203705,0.0843799,0.0761211,observed,1.0,0.593947,0.603018,False
232.5,11625,right,True,0.4571758806705475,0.677794873714447,2.0756729668391927e-07,0.016287745907902718,0.0812285989522934,-0.0034994299057871103,0.0512564,0.0354652,observed,1.0,0.451046,0.590159,False
232.64,11632,left,True,0.6170068979263306,0.6942848563194275,-1.4145494731110375e-07,0.040409427136182785,0.1002802923321724,0.01981211267411709,0.0492942,0.0573492,observed,1.0,0.599446,0.598395,False
232.64,11632,right,True,0.4444434344768524,0.6788159012794495,8.968230957862033e-08,-0.006568797864019871,0.08680379390716553,0.004003990441560745,0.0159002,0.0413268,observed,1.0,0.449957,0.587279,False
232.76,11638,left,True,0.6263197064399719,0.68728107213974,-1.5634790884178074e-07,0.028005367144942284,0.0863497257232666,0.020501257851719856,0.049133,0.0496049,observed,1.0,0.604247,0.591679,False
232.76,11638,right,True,0.4336811900138855,0.68439120054245,1.809549274867095e-07,-0.01742388680577278,0.08446725457906723,-0.020269371569156647,0.0397581,0.0548171,observed,1.0,0.449635,0.595575,False
232.88,11644,left,True,0.6277930736541748,0.6739022135734558,-1.2468107968288678e-07,0.03388989716768265,0.08863705396652222,0.03304527699947357,0.0618232,0.0506328,observed,1.0,0.600727,0.575309,False
232.88,11644,right,True,0.42657312750816345,0.6854883432388306,1.9001303996901697e-07,-0.03926534205675125,0.07167868316173553,-0.012545903213322163,0.103291,0.0736033,observed,1.0,0.459081,0.604345,False
233.0,11650,left,True,0.6280906200408936,0.671653687953949,-1.681806764963767e-07,0.043730784207582474,0.08661878854036331,0.03145492076873779,0.0414523,0.0528102,observed,1.0,0.601955,0.581446,False
233.0,11650,right,True,0.42193785309791565,0.6621168255805969,2.497781110832875e-07,-0.04739663377404213,0.06861646473407745,-0.030889568850398064,0.0815838,0.1214685,observed,1.0,0.45614,0.585001,False
233.14,11657,left,True,0.6300080418586731,0.6727747321128845,-1.8834371928733162e-07,0.03390464559197426,0.07988770306110382,0.02306094393134117,0.0546851,0.0904514,observed,1.0,0.605042,0.581966,False
233.14,11657,right,True,0.41299325227737427,0.621300220489502,2.7293924631521804e-07,-0.03328503668308258,0.0835733413696289,-0.02640317752957344,0.2268288,0.200797,observed,1.0,0.439141,0.524058,False
233.26,11663,left,True,0.644288957118988,0.6869168877601624,-1.8440586302403972e-07,0.027315286919474602,0.08894337713718414,0.03066094219684601,0.1583836,0.1339563,observed,1.0,0.625867,0.586157,False
233.26,11663,right,True,0.40318912267684937,0.5737183690071106,1.9391004002500267e-07,-0.01840364746749401,0.08857233077287674,-0.012101954780519009,0.2615915,0.2340171,observed,1.0,0.419515,0.461411,False
233.38,11669,left,True,0.6491258144378662,0.7177094221115112,-3.355386297698715e-07,0.02094312012195587,0.06758886575698853,0.031149430200457573,0.1663675,0.15698,observed,1.0,0.632525,0.623451,False
233.38,11669,right,True,0.42215824127197266,0.5534355044364929,1.2778168922977784e-07,-0.022485138848423958,0.09952039271593094,0.0107236597687006,0.128496,0.2337306,observed,1.0,0.437024,0.448077,False
233.5,11675,left,True,0.6395893692970276,0.7635571360588074,-3.2420012985312496e-07,0.02335444465279579,0.07612934708595276,-0.006892446894198656,0.2200921,0.1622766,observed,1.0,0.62414,0.674476,False
233.5,11675,right,True,0.43804413080215454,0.6092960834503174,-1.2044245067954762e-07,-0.03347858786582947,0.06978419423103333,0.022735459730029106,0.3288852,0.2173596,observed,1.0,0.459666,0.515178,False
233.64,11682,left,True,0.629068911075592,0.77195805311203,-1.8064842777221202e-07,0.008853504434227943,0.08087819814682007,-0.015011445619165897,0.0141447,0.1394571,observed,1.0,0.624198,0.675198,False
233.64,11682,right,False,,,,,,,0.1981954,0.1923699,interpolated_for_motion,0.4,0.468447,0.568603,True
233.76,11688,left,True,0.6143622994422913,0.7458394169807434,-5.5128662523884486e-08,0.010718122124671936,0.08192411065101624,0.026803364977240562,0.1509395,0.1140439,observed,1.0,0.604907,0.644069,False
233.76,11688,right,True,0.44883471727371216,0.7000609636306763,-8.735664636105867e-08,-0.04358219355344772,0.06599310785531998,-0.010154730640351772,0.1971975,0.1710048,interpolated_for_motion,0.4,0.472599,0.611462,False
233.88,11694,left,True,0.6060087084770203,0.7178540229797363,-7.080534203396383e-08,0.01047893799841404,0.08462141454219818,0.016138309612870216,0.1066916,0.0929249,observed,1.0,0.5985,0.619518,False
233.88,11694,right,True,0.43666791915893555,0.697184681892395,7.131332324661344e-08,-0.03761029988527298,0.07740987092256546,0.020359277725219727,0.1166831,0.1422141,observed,1.0,0.459552,0.599855,False
234.0,11700,left,True,0.6143357157707214,0.7180647253990173,-1.582296249580395e-07,0.015553140081465244,0.09775792807340622,0.029929617419838905,0.0167822,0.0644836,observed,1.0,0.60205,0.618361,False
234.0,11700,right,True,0.4304642379283905,0.6906010508537292,1.3691959566131118e-07,-0.02605874463915825,0.07701218128204346,0.03735007718205452,0.113656,0.1053616,observed,1.0,0.450013,0.589343,False
234.14,11707,left,True,0.6161636114120483,0.7208499312400818,-1.2855888087415224e-07,0.017220893874764442,0.0903923287987709,0.008927032351493835,0.042773,0.0423719,observed,1.0,0.601435,0.625955,False
234.14,11707,right,True,0.4261076748371124,0.6991895437240601,1.409869270219133e-07,-0.02211765944957733,0.07885941863059998,0.026083488017320633,0.0492388,0.0617857,observed,1.0,0.44496,0.590404,False
234.26,11713,left,True,0.6108919382095337,0.7241300344467163,-1.35618563490425e-07,0.018229851499199867,0.08901914209127426,0.006253707688301802,0.0502669,0.0399792,observed,1.0,0.595675,0.628821,False
234.26,11713,right,True,0.4290368854999542,0.7042299509048462,6.721332823644843e-08,-0.01862885057926178,0.07892442494630814,0.03511181101202965,0.0334084,0.0443145,observed,1.0,0.441591,0.592402,False
234.38,11719,left,True,0.6062833666801453,0.7332019805908203,-1.2454175646325893e-07,0.00743878073990345,0.08684472739696503,0.006424246355891228,0.0368873,0.0353221,observed,1.0,0.596201,0.636904,False
234.38,11719,right,True,0.43724164366722107,0.7110996842384338,1.3060154913091537e-07,-0.004483304917812347,0.08175981789827347,0.027001110836863518,0.0425783,0.043014,observed,1.0,0.440697,0.601342,False
234.5,11725,left,True,0.6017090678215027,0.7399331331253052,-9.80956258445076e-08,-0.001046723686158657,0.08728061616420746,0.005522969178855419,0.0101135,0.0281129,observed,1.0,0.597045,0.642561,False
234.5,11725,right,True,0.43973061442375183,0.7223937511444092,1.0947189821308712e-07,0.0018778424710035324,0.07920169085264206,0.0310653205960989,0.058618,0.041993,observed,1.0,0.436976,0.616692,False
234.64,11732,left,True,0.5985761880874634,0.7370961308479309,-1.0229562263930347e-07,-0.009646527469158173,0.09391999244689941,0.024880651384592056,0.0235197,0.0223529,observed,1.0,0.600145,0.63672,False
234.64,11732,right,True,0.44219857454299927,0.7275672554969788,1.584482731686876e-07,0.0025066928938031197,0.0817086324095726,0.020115353167057037,0.0398705,0.0414437,observed,1.0,0.441109,0.623121,False
234.76,11738,left,True,0.5974368453025818,0.742355227470398,-1.3809211907300778e-07,-0.008906188420951366,0.10029128193855286,0.021738847717642784,0.0220046,0.0218648,observed,1.0,0.598281,0.640244,False
234.76,11738,right,True,0.44666022062301636,0.7321768999099731,1.74876475966812e-07,0.006799106951802969,0.08422917127609253,0.017251741141080856,0.0400322,0.0440538,observed,1.0,0.44517,0.629828,False
234.88,11744,left,True,0.6037876605987549,0.7447654008865356,-1.1221470685995882e-07,0.00019455840811133385,0.10240074247121811,0.013626279309391975,0.0184146,0.0214474,observed,1.0,0.597705,0.640627,False
234.88,11744,right,True,0.44911763072013855,0.7276085019111633,1.3681965072009916e-07,-0.0006907733622938395,0.0928255096077919,0.010268627665936947,0.0521561,0.0484741,observed,1.0,0.45077,0.619376,False
235.0,11750,left,True,0.6127139925956726,0.7438189387321472,-3.982202656516165e-08,0.015730038285255432,0.10073205828666687,-0.0066959448158741,0.0375756,0.0246641,observed,1.0,0.595383,0.645513,False
235.0,11750,right,True,0.45642948150634766,0.7296785116195679,1.4637113565640902e-07,-0.004642244894057512,0.08953734487295151,-0.004041503649204969,0.0798839,0.0540188,observed,1.0,0.461575,0.626412,False
235.14,11757,left,True,0.6210957765579224,0.7450054287910461,-8.422109942785028e-08,0.03494778648018837,0.0908474549651146,-0.012240281328558922,0.0198669,0.0312592,observed,1.0,0.595378,0.650458,False
235.14,11757,right,True,0.4562794268131256,0.7205678224563599,1.5176777878878056e-07,0.004903468769043684,0.08784642070531845,0.010661144740879536,0.0531975,0.0567099,observed,1.0,0.45474,0.613363,False
235.26,11763,left,True,0.6221935153007507,0.7467023730278015,-6.267658392289377e-08,0.03310807794332504,0.09350372850894928,-0.014038462191820145,0.04509,0.0393463,observed,1.0,0.600543,0.650191,False
235.26,11763,right,True,0.4454590678215027,0.7076489329338074,6.931972507118189e-08,0.00023415160831063986,0.08591122180223465,0.013708925805985928,0.061902,0.0543447,observed,1.0,0.448179,0.599859,False
235.38,11769,left,True,0.6202111840248108,0.7377906441688538,-3.057678199525071e-08,0.047437604516744614,0.10887730866670609,-0.011446998454630375,0.0274204,0.0540058,observed,1.0,0.599141,0.643727,False
235.38,11769,right,True,0.4393635392189026,0.6993328332901001,8.303599230430336e-08,-0.004623009357601404,0.08649850636720657,0.009471435099840164,0.0497572,0.0514485,observed,1.0,0.44477,0.588209,False
235.5,11775,left,True,0.6108934283256531,0.7212098836898804,1.0936343386447334e-08,0.015907641500234604,0.09666936844587326,0.00876849889755249,0.0988494,0.0793854,observed,1.0,0.60226,0.624025,False
235.5,11775,right,True,0.43867209553718567,0.6844478845596313,1.647742777777239e-07,-0.005829351954162121,0.08767202496528625,0.01934901252388954,0.041709,0.0543288,observed,1.0,0.444119,0.580433,False
235.64,11782,left,True,0.5996745824813843,0.6922245025634766,-3.29725757808319e-08,-0.009512349031865597,0.09079930186271667,0.015775326639413834,0.1285372,0.0917676,observed,1.0,0.598888,0.591618,False
235.64,11782,right,True,0.4430990517139435,0.6642642021179199,2.6763154892250896e-07,0.008140801452100277,0.0838095024228096,0.005601168610155582,0.0830058,0.0611109,observed,1.0,0.441164,0.560751,False
235.76,11788,left,True,0.5949230790138245,0.6748706698417664,-1.4266711900745577e-07,-0.011452197097241879,0.09367330372333527,0.01573297381401062,0.0934819,0.069552,observed,1.0,0.600216,0.571532,False
235.76,11788,right,True,0.44796615839004517,0.6571568250656128,2.1747283085460367e-07,0.0083095021545887,0.07985880970954895,0.015392076224088669,0.0686233,0.053429,observed,1.0,0.443221,0.545141,False
235.88,11794,left,True,0.5959740281105042,0.6747965216636658,-1.59657730591789e-07,-0.012648217380046844,0.09193991124629974,0.031036097556352615,0.0163125,0.0411701,observed,1.0,0.603749,0.567733,False
235.88,11794,right,True,0.4472588002681732,0.657583475112915,1.322611211662661e-07,0.005158705171197653,0.07587315142154694,0.014880465343594551,0.0218827,0.0372218,observed,1.0,0.441419,0.542512,False
236.0,11800,left,True,0.5933994054794312,0.674386739730835,-1.8368817222835787e-07,-0.014022146351635456,0.09225645661354065,0.033587343990802765,0.0137903,0.0199056,observed,1.0,0.603396,0.567694,False
236.0,11800,right,True,0.44870272278785706,0.6581190228462219,1.4161051353767107e-07,0.008055871352553368,0.07934319972991943,0.025606615468859673,0.0220275,0.0252027,observed,1.0,0.441154,0.54398,False
236.14,11807,left,True,0.5942935943603516,0.6713046431541443,-1.6731915764012228e-07,-0.011250942014157772,0.0939372330904007,0.03340265527367592,0.0028703,0.0152129,observed,1.0,0.603691,0.56523,False
236.14,11807,right,True,0.453462690114975,0.6554266214370728,1.639581768131393e-07,0.009339648298919201,0.08031259477138519,0.032241757959127426,0.0269421,0.0179619,observed,1.0,0.444891,0.545573,False
236.26,11813,left,True,0.5977914929389954,0.6735277771949768,-1.6799964441815973e-07,-0.010660773143172264,0.0934712216258049,0.029101893305778503,0.0179788,0.0166946,observed,1.0,0.606524,0.566289,False
236.26,11813,right,True,0.453264981508255,0.6487671136856079,1.6258316293260577e-07,0.006195760332047939,0.07971688359975815,0.030573293566703796,0.0100579,0.013371,observed,1.0,0.4469,0.539547,False
236.38,11819,left,True,0.6011441946029663,0.6720900535583496,-1.7539917962494656e-07,-0.010799369774758816,0.09135480970144272,0.02933521196246147,0.0229961,0.0169383,observed,1.0,0.609344,0.563734,False
236.38,11819,right,True,0.44792184233665466,0.6442936658859253,1.6226184129664034e-07,0.0014565498568117619,0.0785912573337555,0.029619308188557625,0.0028413,0.0116098,observed,1.0,0.446275,0.535136,False
236.5,11825,left,True,0.6077520847320557,0.6691367626190186,-1.9976741327809577e-07,-0.005436031613498926,0.0958254262804985,0.022779272869229317,0.0148428,0.0160373,observed,1.0,0.608489,0.560156,False
236.5,11825,right,True,0.44561702013015747,0.6479862928390503,1.541477274713543e-07,-0.008631154894828796,0.07747271656990051,0.03162480890750885,0.0447642,0.0125684,observed,1.0,0.45196,0.537808,False
236.64,11832,left,True,0.6175158619880676,0.6686897277832031,-1.9650397575787792e-07,0.007126976735889912,0.09246911108493805,0.023185379803180695,0.0150386,0.0154809,observed,1.0,0.610817,0.560146,False
236.64,11832,right,True,0.4433477222919464,0.6511426568031311,1.2072450772393495e-07,-0.014030277729034424,0.07169005274772644,0.03438517823815346,0.0130075,0.0153707,observed,1.0,0.45372,0.535187,False
236.76,11838,left,True,0.6221615672111511,0.6554325819015503,-1.9915100324396917e-07,0.006723475642502308,0.08079494535923004,0.024792984127998352,0.0276829,0.0171551,observed,1.0,0.613881,0.549915,False
236.76,11838,right,True,0.439690500497818,0.6487541794776917,1.3652650920903397e-07,-0.020151015371084213,0.0726253092288971,0.04251250997185707,0.0154552,0.0177616,observed,1.0,0.454553,0.532432,False
236.88,11844,left,True,0.6221641898155212,0.6484735012054443,-1.9353217339812545e-07,0.008002202026546001,0.08262216299772263,0.018817244097590446,0.0046586,0.0194126,observed,1.0,0.61453,0.545311,False
236.88,11844,right,True,0.4406666159629822,0.6394963264465332,1.4824350103026518e-07,-0.019422534853219986,0.07177914679050446,0.045808643102645874,0.0227455,0.0202559,observed,1.0,0.454984,0.522797,False
237.0,11850,left,True,0.6208404302597046,0.646467387676239,-2.0419349766598316e-07,0.020833326503634453,0.10325159132480621,0.02712109126150608,0.0215291,0.0212026,observed,1.0,0.613841,0.541993,False
237.0,11850,right,True,0.4412444531917572,0.6335933804512024,1.2542834326723096e-07,-0.017278410494327545,0.0738305076956749,0.043465327471494675,0.0224737,0.0224665,observed,1.0,0.454664,0.518422,False
237.14,11857,left,True,0.6292124390602112,0.6478646397590637,-1.7193022472383745e-07,0.0314580462872982,0.10068261623382568,0.027110721915960312,0.0220326,0.0215015,observed,1.0,0.612655,0.548429,False
237.14,11857,right,True,0.44201040267944336,0.6312345266342163,1.4714935048232292e-07,-0.011133041232824326,0.0755254328250885,0.03905584663152695,0.0240139,0.023391,observed,1.0,0.45063,0.517052,False
237.26,11863,left,True,0.6297584176063538,0.6525794863700867,-1.3830174339091172e-07,0.037216637283563614,0.0950714722275734,0.019130727276206017,0.0404434,0.0200448,observed,1.0,0.611117,0.5596,False
237.26,11863,right,True,0.44617611169815063,0.6309651136398315,1.1525856535854473e-07,-0.009854713454842567,0.08070409297943115,0.018232719972729683,0.0282238,0.0221788,observed,1.0,0.454633,0.519903,False
237.38,11869,left,True,0.6285324692726135,0.6552797555923462,-1.1365541752184072e-07,0.042021188884973526,0.10190607607364655,0.006145722232758999,0.0159368,0.0179246,observed,1.0,0.607315,0.563241,False
237.38,11869,right,True,0.446712851524353,0.63434898853302,1.0157729235515944e-07,-0.009571556001901627,0.079808808863163,0.01324483286589384,0.0191519,0.0197425,observed,1.0,0.455028,0.523296,False
237.5,11875,left,True,0.6262679696083069,0.6567951440811157,-1.486132390482453e-07,0.02592315338551998,0.0884510949254036,0.003901562187820673,0.0158246,0.0205765,observed,1.0,0.606162,0.563014,False
237.5,11875,right,True,0.44258999824523926,0.6359308362007141,1.0221631896456529e-07,-0.010435160249471664,0.08039617538452148,0.008713187649846077,0.0035682,0.0169629,observed,1.0,0.451992,0.52718,False
237.64,11882,left,True,0.6246656775474548,0.664399266242981,-1.1086813600513779e-07,0.01602514088153839,0.0955357626080513,0.02712123468518257,0.034312,0.0292681,observed,1.0,0.609851,0.561217,False
237.64,11882,right,True,0.44569075107574463,0.6383280754089355,8.464365208737945e-08,-0.00782598927617073,0.07960212975740433,0.002568538999184966,0.0153352,0.0157663,observed,1.0,0.452744,0.529201,False
237.76,11888,left,True,0.6204116940498352,0.6744590401649475,-1.4665141634395695e-07,0.0036469213664531708,0.08930139243602753,0.039989616721868515,0.0600652,0.0303905,observed,1.0,0.61592,0.564371,False
237.76,11888,right,True,0.4439208507537842,0.6441704034805298,1.0080582057980791e-07,-0.012602536007761955,0.0841364935040474,-0.0009121283073909581,0.0289602,0.0171543,observed,1.0,0.453836,0.534211,False
237.88,11894,left,True,0.6236485242843628,0.673089861869812,-1.7353760028981924e-07,0.00992420595139265,0.09855494648218155,0.031357649713754654,0.009489,0.0262076,observed,1.0,0.615068,0.565261,False
237.88,11894,right,True,0.4384187161922455,0.6421797275543213,1.1446852710150779e-07,-0.012425249442458153,0.08137362450361252,0.004709243308752775,0.0156102,0.0189314,observed,1.0,0.449372,0.533831,False
238.0,11900,left,True,0.6275640726089478,0.6762683987617493,-1.618040386119901e-07,0.010838600806891918,0.09514768421649933,0.027091922238469124,0.0222861,0.0236901,observed,1.0,0.616608,0.569075,False
238.0,11900,right,True,0.4372202157974243,0.6454206705093384,1.5125165475637914e-07,-0.010377872735261917,0.08239323645830154,0.0028238026425242424,0.0205651,0.0268218,observed,1.0,0.445236,0.537004,False
238.14,11907,left,True,0.6251022219657898,0.6725040674209595,-1.531169289137324e-07,0.008895618841052055,0.09279824048280716,0.03454482555389404,0.0248284,0.064181,observed,1.0,0.61595,0.565449,False
238.14,11907,right,True,0.43624043464660645,0.6418887376785278,1.4400936265701603e-07,-0.00511741591617465,0.07725049555301666,0.012960456311702728,0.0492491,0.0882943,observed,1.0,0.440725,0.52842,False
238.26,11913,left,True,0.6205554008483887,0.6351128816604614,-8.639582205205443e-08,0.010969485156238079,0.09275200963020325,0.02559811621904373,0.1559076,0.1084537,observed,1.0,0.610842,0.531501,False
238.26,11913,right,True,0.4360540807247162,0.5921381711959839,2.1630495439239894e-07,-0.00502535467967391,0.09351586550474167,0.019787516444921494,0.2564628,0.1400946,observed,1.0,0.442972,0.469097,False
238.38,11919,left,True,0.6132442355155945,0.6057248711585999,-1.0077648227024838e-07,0.022636622190475464,0.09932488203048706,0.006429627537727356,0.1424079,0.1215466,observed,1.0,0.600365,0.512564,False
238.38,11919,right,True,0.432631254196167,0.5502298474311829,9.343263940309043e-08,-0.017625603824853897,0.0901309922337532,0.0020388432312756777,0.1836173,0.1409693,observed,1.0,0.446074,0.431863,False
238.5,11925,left,True,0.606105387210846,0.5893370509147644,-7.828676018561964e-08,0.010758580639958382,0.08663179725408554,0.01781497150659561,0.0918869,0.0926586,observed,1.0,0.595487,0.494374,False
238.5,11925,right,True,0.43341028690338135,0.5489009022712708,1.577269870267628e-07,-0.01874428428709507,0.0820910856127739,0.0209168903529644,0.0159917,0.0968457,observed,1.0,0.446984,0.436363,False
238.64,11932,left,True,0.606711208820343,0.5855734348297119,-1.2221259737543733e-07,0.024396643042564392,0.09945473819971085,0.01823069341480732,0.0206009,0.0374362,observed,1.0,0.594449,0.490119,False
238.64,11932,right,True,0.43063879013061523,0.5566384196281433,1.0712606268725722e-07,-0.018270766362547874,0.07495436817407608,0.039319466799497604,0.0537292,0.0497714,observed,1.0,0.443566,0.442765,False
238.76,11938,left,True,0.6107058525085449,0.5844197869300842,-1.3700230283575365e-07,0.029819779098033905,0.0988406091928482,0.006249275989830494,0.019708,0.0243687,observed,1.0,0.596079,0.49187,False
238.76,11938,right,True,0.4339522123336792,0.5628234148025513,1.3643580132338684e-07,-0.010927833616733551,0.07659207284450531,0.03914520889520645,0.0493737,0.0464856,observed,1.0,0.441306,0.448376,False
238.88,11944,left,True,0.6183923482894897,0.5769495964050293,-1.2690894379829842e-07,0.03238137066364288,0.10063973069190979,0.016292111948132515,0.0271605,0.0315113,observed,1.0,0.601986,0.482593,False
238.88,11944,right,True,0.4389937222003937,0.5654165148735046,1.0078941414803921e-07,-0.008698171004652977,0.07719586044549942,0.029234260320663452,0.0405169,0.043405,observed,1.0,0.444608,0.453489,False
239.0,11950,left,True,0.6284998655319214,0.5832608342170715,-1.5866856983848265e-07,0.043697014451026917,0.10263194888830185,0.011079017072916031,0.0520574,0.043154,observed,1.0,0.605851,0.490231,False
239.0,11950,right,True,0.4341009259223938,0.5702165961265564,1.6459266305446363e-07,-0.010852512903511524,0.07920413464307785,0.03274485841393471,0.03471,0.04248,observed,1.0,0.441336,0.458621,False
239.14,11957,left,True,0.6322043538093567,0.5948798656463623,-1.8256666578508884e-07,0.019836168736219406,0.08685382455587387,0.014412070624530315,0.0772403,0.0451443,observed,1.0,0.616031,0.493601,False
239.14,11957,right,True,0.44157305359840393,0.5769763588905334,1.312354669380511e-07,-0.0037480839528143406,0.07367895543575287,0.025653596967458725,0.0464309,0.0458508,observed,1.0,0.443915,0.465996,False
239.26,11963,left,True,0.6197084188461304,0.6060553789138794,-1.7740991609116463e-07,0.006405981257557869,0.09149155020713806,0.015239845030009747,0.0277744,0.0388674,observed,1.0,0.614862,0.494578,False
239.26,11963,right,True,0.44956809282302856,0.5746045708656311,1.8020308800714702e-07,0.0016197841614484787,0.07864391058683395,0.034367773681879044,0.05787,0.0509661,observed,1.0,0.44738,0.468087,False
239.38,11969,left,True,0.6098756194114685,0.6102708578109741,-2.5810041393015126e-07,0.0002699587494134903,0.08493965864181519,0.02600668929517269,0.0317044,0.0404376,observed,1.0,0.611715,0.499407,False
239.38,11969,right,True,0.45089226961135864,0.5724385380744934,1.4399478232007823e-07,7.729057688266039e-05,0.07935325801372528,0.024718914180994034,0.0456237,0.0573477,observed,1.0,0.448143,0.465481,False
239.5,11975,left,True,0.6111950278282166,0.6053158044815063,-2.1419990048343607e-07,-0.004517911002039909,0.08819853514432907,0.033324651420116425,0.0833561,0.050455,observed,1.0,0.617228,0.499651,False
239.5,11975,right,True,0.44334036111831665,0.5564677119255066,1.853348550184819e-07,0.001625958364456892,0.07837194204330444,0.03329375013709068,0.0701763,0.0652168,observed,1.0,0.440481,0.449122,False
239.64,11982,left,True,0.6161413788795471,0.6113036274909973,-2.6084731530318095e-07,-0.007302380166947842,0.08597755432128906,0.05868584290146828,0.0600997,0.0533931,observed,1.0,0.623211,0.49817,False
239.64,11982,right,True,0.43099701404571533,0.5262549519538879,1.3246335583971813e-07,-0.007738548330962658,0.09673525393009186,-0.0053408583626151085,0.1325812,0.1124823,observed,1.0,0.439481,0.41684,False
239.76,11988,left,True,0.6175000667572021,0.6169150471687317,-3.0058666311560955e-07,-0.0035124137066304684,0.07397548109292984,0.05478857085108757,0.0226023,0.0455016,observed,1.0,0.620514,0.504701,False
239.76,11988,right,True,0.4208795130252838,0.5177433490753174,1.1062676463780008e-07,-0.01703222095966339,0.08899389952421188,0.015751687809824944,0.0562153,0.2173295,observed,1.0,0.431588,0.409177,False
239.88,11994,left,True,0.6148353219032288,0.6365218162536621,-2.86679465943962e-07,-0.004762807860970497,0.07250773906707764,0.06289055943489075,0.0403547,0.0416465,observed,1.0,0.617921,0.51823,False
239.88,11994,right,False,,,,,,,0.444388,0.3372627,interpolated_for_motion,0.4,0.427291,0.525754,True
240.0,12000,left,True,0.6110878586769104,0.6538776755332947,-2.983520630550629e-07,-0.002088593551889062,0.0752154141664505,0.06167903169989586,0.0441085,0.0383041,observed,1.0,0.61156,0.532961,False
240.0,12000,right,True,0.3732694983482361,0.6867557168006897,2.6897578209172934e-07,-0.07734213024377823,0.04356007277965546,-0.009410071186721325,0.4423605,0.4116508,interpolated_for_motion,0.4,0.422438,0.64138,False
240.14,12007,left,True,0.613067090511322,0.6486242413520813,-2.920162387454184e-07,0.002919455524533987,0.07743275165557861,0.052519794553518295,0.0101703,0.034371,observed,1.0,0.608907,0.522911,False
240.14,12007,right,False,,,,,,,0.4006016,0.39909,interpolated_for_motion,0.4,0.419956,0.524681,True
240.26,12013,left,True,0.6128921508789062,0.6421042084693909,-2.4111346874633455e-07,0.002998896175995469,0.0801810696721077,0.05105294659733772,0.031435,0.0360055,observed,1.0,0.613744,0.520211,False
240.26,12013,right,True,0.39733850955963135,0.5094165205955505,2.1256555271520483e-07,-0.03379983827471733,0.07522228360176086,0.00970149040222168,0.3986572,0.3415094,interpolated_for_motion,0.4,0.421288,0.422087,False
240.38,12019,left,True,0.6097412705421448,0.65004563331604,-2.438997626086348e-07,-0.0014420064399018884,0.08457858860492706,0.05178975686430931,0.0495248,0.0415201,observed,1.0,0.612372,0.529549,False
240.38,12019,right,True,0.3843432068824768,0.5455536842346191,1.993990972337656e-09,-0.059443216770887375,0.04989109933376312,0.02969815768301487,0.2452862,0.2649756,observed,1.0,0.430584,0.483065,False
240.5,12025,left,True,0.6058338284492493,0.6461172103881836,-2.486685843905434e-07,0.003922701347619295,0.07990851253271103,0.057265326380729675,0.0444288,0.0499268,observed,1.0,0.603091,0.529011,False
240.5,12025,right,True,0.39521726965904236,0.583663821220398,2.7822574111269205e-07,-0.018176283687353134,0.0823834091424942,0.0275908000767231,0.1284698,0.1677052,observed,1.0,0.411736,0.47717,False
240.64,12032,left,True,0.6038671731948853,0.6290460228919983,-2.3220110278998618e-07,0.001414779108017683,0.08060861378908157,0.049970030784606934,0.0878549,0.0575942,observed,1.0,0.601519,0.506289,False
240.64,12032,right,True,0.40989941358566284,0.5821639895439148,1.4887008603636787e-07,-0.024195333942770958,0.06901467591524124,0.04569122567772865,0.0810842,0.0852843,observed,1.0,0.429396,0.477878,False
240.76,12038,left,True,0.5995755791664124,0.6153008341789246,-2.696846763683425e-07,0.003399759763851762,0.08513270318508148,0.05171624943614006,0.0626539,0.0528481,observed,1.0,0.597823,0.499974,False
240.76,12038,right,True,0.40809279680252075,0.5841198563575745,1.478757667427999e-07,-0.024070795625448227,0.06119507923722267,0.04462164640426636,0.046239,0.0626073,observed,1.0,0.427123,0.478587,False
240.88,12044,left,True,0.6020429730415344,0.6074509620666504,-2.78557564570292e-07,0.008614101447165012,0.08845889568328857,0.04444427043199539,0.0326964,0.0423174,observed,1.0,0.598373,0.494132,False
240.88,12044,right,True,0.4052366018295288,0.591849684715271,1.3568001122621354e-07,-0.025370929390192032,0.061734966933727264,0.04849829524755478,0.0651767,0.0513009,observed,1.0,0.424348,0.485774,False
241.0,12050,left,True,0.6049772500991821,0.605989396572113,-2.667028695668705e-07,0.012287840247154236,0.08408776670694351,0.04203999415040016,0.0321296,0.0285734,observed,1.0,0.598518,0.496672,False
241.0,12050,right,True,0.40546661615371704,0.5987882614135742,1.0137230788132001e-07,-0.02293219044804573,0.06432363390922546,0.04527031630277634,0.0379751,0.038655,observed,1.0,0.423622,0.489674,False
241.14,12057,left,True,0.6083033084869385,0.6081163883209229,-2.980474107516784e-07,0.014954812824726105,0.0808146670460701,0.05201127752661705,0.0051116,0.0138875,observed,1.0,0.601733,0.497219,False
241.14,12057,right,True,0.4045775532722473,0.6021385192871094,4.229159955571049e-08,-0.021958988159894943,0.06168946623802185,0.04497075453400612,0.0231098,0.0235903,observed,1.0,0.423312,0.489907,False
241.26,12063,left,True,0.6108059287071228,0.6061630249023438,-2.888369863285334e-07,0.015237042680382729,0.08238538354635239,0.05069008469581604,0.0069437,0.0152089,observed,1.0,0.602552,0.496259,False
241.26,12063,right,True,0.4045090675354004,0.6004807949066162,1.979975472465867e-08,-0.021466286852955818,0.06209123134613037,0.04115579277276993,0.009676,0.0194686,observed,1.0,0.424036,0.488926,False
241.38,12069,left,True,0.6206895709037781,0.6078930497169495,-2.7333570074006275e-07,0.02182292565703392,0.08692771196365356,0.04410535842180252,0.0238748,0.0292877,observed,1.0,0.606638,0.49778,False
241.38,12069,right,True,0.4077146053314209,0.6056408286094666,1.2734001586522936e-07,-0.01751760207116604,0.06712087988853455,0.04320389777421951,0.0144632,0.0259924,observed,1.0,0.423186,0.490575,False
241.5,12075,left,True,0.6183736324310303,0.5950205326080322,-1.957205881808477e-07,0.017521070316433907,0.08027345687150955,0.02809089422225952,0.065821,0.0661202,observed,1.0,0.610252,0.483718,False
241.5,12075,right,True,0.41080793738365173,0.5885372161865234,1.916608454166635e-07,-0.01358010247349739,0.07414785772562027,0.03589267283678055,0.0565227,0.0422367,observed,1.0,0.4228,0.478285,False
241.64,12082,left,True,0.6001639366149902,0.564713716506958,-9.332388373195499e-08,0.007397660985589027,0.09285061806440353,-0.004735300783067942,0.1341148,0.1192313,observed,1.0,0.595363,0.45702,False
241.64,12082,right,True,0.4185445308685303,0.5597284436225891,2.5345210019622755e-07,-0.02273446135222912,0.06479521840810776,0.038674186915159225,0.128182,0.0827329,observed,1.0,0.437968,0.447743,False
241.76,12088,left,True,0.585321843624115,0.5399853587150574,-1.3199108650496783e-07,0.008682794868946075,0.08584120124578476,0.002007012255489826,0.1461018,0.1361139,observed,1.0,0.580393,0.435524,False
241.76,12088,right,True,0.4173050820827484,0.5588139295578003,7.065412432893936e-08,-0.029395150020718575,0.08020887523889542,0.02310696430504322,0.0535503,0.1219577,observed,1.0,0.434077,0.437419,False
241.88,12094,left,True,0.5814223289489746,0.5260450839996338,-1.1957178003285662e-07,0.01406330056488514,0.0923629030585289,0.03244733810424805,0.1169103,0.1345837,observed,1.0,0.571716,0.419737,False
241.88,12094,right,True,0.4006345868110657,0.5665823817253113,6.502887828219173e-08,-0.030080555006861687,0.08696337789297104,0.0029448438435792923,0.15563,0.1559549,observed,1.0,0.418197,0.443976,False
242.0,12100,left,True,0.5920560359954834,0.5514253377914429,-3.736705025403353e-07,0.0496407225728035,0.05501691997051239,0.026911860331892967,0.2522853,0.1113223,observed,1.0,0.555315,0.467575,False
242.0,12100,right,True,0.3814961612224579,0.5905737280845642,2.281581004126565e-07,-0.010120919905602932,0.07578936219215393,-0.0027662687934935093,0.3221056,0.1891327,observed,1.0,0.388635,0.479723,False
242.14,12107,left,False,,,,,,,0.0525594,0.0687936,interpolated_for_motion,0.4,0.566709,0.482605,True
242.14,12107,right,True,0.37767499685287476,0.6277494430541992,2.3038495555738336e-07,-0.008739480748772621,0.07807737588882446,0.011699611321091652,0.2091979,0.1738699,observed,1.0,0.381639,0.520092,False
242.26,12113,left,True,0.5782782435417175,0.5744622945785522,-1.2744563093747274e-07,0.0019022207707166672,0.08358952403068542,0.04062708094716072,0.0530273,0.0587412,interpolated_for_motion,0.4,0.577415,0.48437,False
242.26,12113,right,True,0.37959158420562744,0.6428291201591492,2.584683045370184e-07,-0.004485915880650282,0.08041122555732727,0.01975693553686142,0.1114267,0.1248821,observed,1.0,0.383219,0.52391,False
242.38,12119,left,True,0.5898135900497437,0.5915778875350952,-2.1673758965334855e-07,0.017833394929766655,0.08044391870498657,0.0527191124856472,0.0772203,0.0658829,observed,1.0,0.573911,0.491116,False
242.38,12119,right,True,0.38239139318466187,0.6485620141029358,3.176228915435786e-07,-0.00293840654194355,0.08133339881896973,0.02060432732105255,0.0514433,0.0893363,observed,1.0,0.385421,0.52728,False
242.5,12125,left,True,0.5884247422218323,0.6078079342842102,-1.639107836126641e-07,0.013628902845084667,0.08703212440013885,0.046513013541698456,0.0688756,0.0713876,observed,1.0,0.579819,0.506314,False
242.5,12125,right,True,0.38545164465904236,0.6522034406661987,2.9608204954456596e-07,-0.015671171247959137,0.08701405674219131,0.016019737347960472,0.080329,0.0700144,observed,1.0,0.397726,0.53197,False
242.64,12132,left,True,0.5869160294532776,0.6339819431304932,-1.6128575452967198e-07,0.005212331656366587,0.07365620136260986,0.0479358471930027,0.0815058,0.0552717,observed,1.0,0.581584,0.524681,False
242.64,12132,right,True,0.38303568959236145,0.6515103578567505,3.5748644222621806e-07,-0.019677650183439255,0.08165814727544785,0.02872021310031414,0.048303,0.0619675,observed,1.0,0.399884,0.538903,False
242.76,12138,left,True,0.5872775316238403,0.6428385972976685,-1.8060647732909274e-07,0.0035551993642002344,0.07462714612483978,0.042186226695775986,0.0239533,0.0343999,observed,1.0,0.581948,0.527321,False
242.76,12138,right,True,0.38992366194725037,0.6575454473495483,3.693934047532821e-07,-0.02855570614337921,0.09070383757352829,-0.012723141349852085,0.1415008,0.0526177,observed,1.0,0.41629,0.551028,False
242.88,12144,left,True,0.5849676728248596,0.6477640867233276,-1.9530942552137276e-07,0.0020699426531791687,0.06769958883523941,0.04374281316995621,0.0146364,0.0242818,observed,1.0,0.582035,0.527408,False
242.88,12144,right,True,0.38831377029418945,0.6578829288482666,4.059821208102221e-07,-0.035342998802661896,0.08261480927467346,-0.008116944693028927,0.0300029,0.0420624,observed,1.0,0.417776,0.554699,False
243.0,12150,left,True,0.5844101905822754,0.6513456106185913,-2.4842435664140794e-07,0.004101166967302561,0.07600220292806625,0.05519844591617584,0.0200798,0.0214283,observed,1.0,0.578894,0.52558,False
243.0,12150,right,True,0.3903196454048157,0.6573992967605591,1.64912989930599e-07,-0.0387268140912056,0.08074978739023209,0.011695443652570248,0.0359338,0.0367767,observed,1.0,0.420416,0.548541,False
243.14,12157,left,True,0.5864707827568054,0.6540907621383667,-2.2204136485015624e-07,0.0033081176225095987,0.07521267235279083,0.054700057953596115,0.0247974,0.0237857,observed,1.0,0.583892,0.527028,False
243.14,12157,right,True,0.3937826454639435,0.6530171036720276,4.290622825919854e-07,-0.023950805887579918,0.08081673830747604,0.0081529151648283,0.0374023,0.0297237,observed,1.0,0.416905,0.539139,False
243.26,12163,left,True,0.588890016078949,0.654755175113678,-2.422255533929274e-07,0.0018382032867521048,0.07469471544027328,0.054087307304143906,0.0323577,0.024964,observed,1.0,0.588322,0.525661,False
243.26,12163,right,True,0.395152747631073,0.650475263595581,3.9674304730397125e-07,-0.024992672726511955,0.08173657953739166,0.010912356898188591,0.018644,0.0214685,observed,1.0,0.418661,0.53699,False
243.38,12169,left,True,0.5897762775421143,0.659296452999115,-2.525423781207792e-07,-0.0007849442772567272,0.0760655328631401,0.05472885072231293,0.0223055,0.024792,observed,1.0,0.589349,0.528585,False
243.38,12169,right,True,0.39498430490493774,0.6501879692077637,3.770213083953422e-07,-0.024227140471339226,0.08016293495893478,0.0019054742297157645,0.0126618,0.016169,observed,1.0,0.417823,0.537734,False
243.5,12175,left,True,0.5912535786628723,0.6617516279220581,-2.720574059367209e-07,0.001199297490529716,0.06907299906015396,0.059622373431921005,0.0258674,0.0245949,observed,1.0,0.589853,0.532128,False
243.5,12175,right,True,0.39622679352760315,0.6481364369392395,3.579937981612602e-07,-0.0225507915019989,0.08347193151712418,0.0017758012982085347,0.0136912,0.0135856,observed,1.0,0.417476,0.532375,False
243.64,12182,left,True,0.5930899977684021,0.6651734113693237,-2.8263940521355835e-07,0.0022159782238304615,0.07262799143791199,0.05752084031701088,0.0230805,0.0454997,observed,1.0,0.591184,0.535434,False
243.64,12182,right,True,0.39642325043678284,0.6493477821350098,3.028247874681256e-07,-0.01834731176495552,0.08750884979963303,-0.0010278295958414674,0.0051181,0.0172407,observed,1.0,0.414932,0.53131,False
243.76,12188,left,True,0.5983365774154663,0.6731324791908264,-2.815239668052527e-07,0.0006013191305100918,0.07365881651639938,0.06012450531125069,0.0655108,0.1104207,observed,1.0,0.597301,0.544357,False
243.76,12188,right,True,0.39556318521499634,0.6493128538131714,2.68447280404871e-07,-0.01729625277221203,0.08682798594236374,-0.004165068734437227,0.016181,0.0314451,observed,1.0,0.411549,0.528316,False
243.88,12194,left,True,0.6168510913848877,0.6861602067947388,-3.2934724458755227e-07,-0.0011085688602179289,0.07579189538955688,0.06530692428350449,0.1654126,0.2205575,observed,1.0,0.616461,0.555007,False
243.88,12194,right,True,0.3984827697277069,0.6500188112258911,2.7531319801710197e-07,-0.01845976524055004,0.08818069845438004,0.0034779466222971678,0.0593324,0.0524375,observed,1.0,0.415679,0.531909,False
244.0,12200,left,False,,,,,,,0.5125859,0.387398,interpolated_for_motion,0.4,0.671398,0.622175,True
244.0,12200,right,True,0.40230870246887207,0.674357533454895,6.41429451775366e-08,-0.008785806596279144,0.08122797310352325,0.04075928404927254,0.0874876,0.1396725,observed,1.0,0.411005,0.54773,False
244.14,12207,left,True,0.7364265322685242,0.8192113637924194,-5.8690886817203136e-08,0.004105400759726763,0.04997265338897705,0.032189879566431046,0.5118902,0.4273122,interpolated_for_motion,0.4,0.73628,0.713268,False
244.14,12207,right,False,,,,,,,0.3692685,0.3093191,interpolated_for_motion,0.4,0.406209,0.658454,True
244.26,12213,left,True,0.7375418543815613,0.884285569190979,-2.444135418500082e-07,0.0003837384283542633,0.05735005438327789,0.02088058926165104,0.3035169,0.2917865,observed,1.0,0.740262,0.787754,False
244.26,12213,right,True,0.3804098963737488,0.8397259712219238,2.0427108893272816e-07,-0.02449670247733593,0.07287023961544037,0.02553645707666874,0.3688713,0.3930984,interpolated_for_motion,0.4,0.401386,0.748201,False
244.38,12219,left,True,0.7240791320800781,0.8968697190284729,-1.3094364703647443e-07,0.0049023996107280254,0.0569106824696064,0.03117356263101101,0.100975,0.1806534,observed,1.0,0.72613,0.792315,False
244.38,12219,right,False,,,,,,,0.443308,0.4187049,interpolated_for_motion,0.4,0.384952,0.629998,True
244.5,12225,left,True,0.7205061912536621,0.8794515132904053,-2.1727157673012698e-07,0.00035608746111392975,0.08482028543949127,0.015089568682014942,0.0195038,0.1287073,observed,1.0,0.720335,0.769209,False
244.5,12225,right,True,0.3906370997428894,0.5981635451316833,2.0091476926609175e-07,0.028504490852355957,0.07416059821844101,0.04617610573768616,0.4426644,0.4270188,interpolated_for_motion,0.4,0.369174,0.508085,False
244.64,12232,left,True,0.7166745066642761,0.9129655361175537,-1.5827595234441105e-07,-0.005102904047816992,0.09363027662038803,0.042885709553956985,0.1615693,0.1964815,observed,1.0,0.716853,0.809191,False
244.64,12232,right,True,0.39886969327926636,0.6216041445732117,2.942996779609075e-08,-0.006384808570146561,0.05101652443408966,0.07322201877832413,0.2328718,0.4070085,observed,1.0,0.397466,0.536339,False
244.76,12238,left,True,0.6847776174545288,0.9604434370994568,1.2339414823259176e-08,0.01296771690249443,0.08828721195459366,0.023546738550066948,0.3614584,0.2576993,observed,1.0,0.671358,0.851355,False
244.76,12238,right,False,,,,,,,0.3963644,0.3810428,interpolated_for_motion,0.4,0.414814,0.617437,True
244.88,12244,left,True,0.6342247128486633,0.9735850095748901,2.308998681144203e-08,0.007953197695314884,0.08667228370904922,0.02760682813823223,0.3053675,0.2553789,observed,1.0,0.626059,0.860719,False
244.88,12244,right,True,0.435242623090744,0.7843201756477356,1.894922974088331e-07,-0.003315160283818841,0.04941508173942566,0.07861372828483582,0.3978799,0.3353161,interpolated_for_motion,0.4,0.433228,0.699999,False
245.0,12250,left,True,0.6167129278182983,0.9577364921569824,-1.7754233283540088e-07,0.006944660097360611,0.08302093297243118,0.02579539828002453,0.1496853,0.1918306,observed,1.0,0.609148,0.847012,False
245.0,12250,right,True,0.4236016273498535,0.7826997637748718,1.1928746346256958e-07,-0.01139061525464058,0.0390988290309906,0.06849414855241776,0.0486006,0.2184619,observed,1.0,0.428611,0.688552,False
245.14,12257,left,True,0.6151304244995117,0.9457977414131165,-1.2042789876431925e-07,0.008174927905201912,0.09170196205377579,0.02063564397394657,0.0302973,0.1137295,observed,1.0,0.606059,0.834616,False
245.14,12257,right,True,0.42748528718948364,0.7547211050987244,1.4590227692679036e-07,-0.025030817836523056,0.06303123384714127,0.0451744943857193,0.1621639,0.082975,observed,1.0,0.449867,0.645803,False
245.26,12263,left,True,0.6145244836807251,0.9608916640281677,-1.021981006488204e-07,0.0070345280691981316,0.0921199768781662,0.02362833172082901,0.1029959,0.1000384,observed,1.0,0.604743,0.85075,False
245.26,12263,right,True,0.42876413464546204,0.7328819632530212,8.90902711603303e-08,-0.030378982424736023,0.07621721923351288,0.04242733120918274,0.0610286,0.0541686,observed,1.0,0.450896,0.624746,False
245.38,12269,left,True,0.614460289478302,0.9868053793907166,-1.3790790376333462e-07,0.007174859754741192,0.08892827481031418,0.021586347371339798,0.1376033,0.0912118,observed,1.0,0.607105,0.879564,False
245.38,12269,right,True,0.4273892343044281,0.7308794856071472,8.544139262767203e-08,-0.02786865644156933,0.0728556290268898,0.04025069996714592,0.0324195,0.0456629,observed,1.0,0.446955,0.624065,False
245.5,12275,left,True,0.6114203333854675,0.9844794869422913,-9.208057605292197e-08,0.003799187019467354,0.08918203413486481,0.032452523708343506,0.0376933,0.0731437,observed,1.0,0.605933,0.881948,False
245.5,12275,right,True,0.42947596311569214,0.7192182540893555,6.462302337695291e-08,-0.028278930112719536,0.07629761099815369,0.041598573327064514,0.0418917,0.0319958,observed,1.0,0.450635,0.610043,False
245.64,12282,left,True,0.609014093875885,0.9623172879219055,-8.606539836364391e-08,0.006730740424245596,0.08869564533233643,0.020741432905197144,0.0577885,0.0747987,observed,1.0,0.603973,0.857875,False
245.64,12282,right,True,0.4296802878379822,0.7059415578842163,5.4357109036118345e-08,-0.02940799482166767,0.0760633647441864,0.040710847824811935,0.0072174,0.014852,observed,1.0,0.452069,0.596331,False
245.76,12288,left,True,0.6141049861907959,0.9822409152984619,-8.361014636193431e-08,0.0030569378286600113,0.08583381772041321,0.018189074471592903,0.1078684,0.0936135,observed,1.0,0.606965,0.87531,False
245.76,12288,right,True,0.42955341935157776,0.7012057900428772,6.607243108192051e-08,-0.02804631181061268,0.07753045856952667,0.038511328399181366,0.0109093,0.0091413,observed,1.0,0.450403,0.589753,False
245.88,12294,left,True,0.6087358593940735,0.9411185383796692,-2.1936198635330584e-08,0.005705602467060089,0.07924291491508484,0.03104434348642826,0.1510647,0.0998077,observed,1.0,0.599184,0.829748,False
245.88,12294,right,True,0.42848828434944153,0.6929397583007812,6.863142232305108e-08,-0.02587451972067356,0.07648719102144241,0.04628663510084152,0.0009768,0.0089811,observed,1.0,0.447716,0.580318,False
246.0,12300,left,True,0.607516348361969,0.9573197364807129,-1.4185292229740298e-07,0.0017274627462029457,0.0845901370048523,0.01710330694913864,0.0895137,0.0957481,observed,1.0,0.600909,0.845183,False
246.0,12300,right,True,0.4271196722984314,0.6852468848228455,8.558507857969744e-08,-0.025880154222249985,0.0761023610830307,0.046174339950084686,0.0143937,0.0084844,observed,1.0,0.446193,0.574884,False
246.14,12307,left,True,0.6051367521286011,0.9338679909706116,-1.3715386160129128e-07,0.0048921783454716206,0.07766884565353394,0.014929990284144878,0.04965,0.0736744,observed,1.0,0.598297,0.822599,False
246.14,12307,right,True,0.42549416422843933,0.6773579716682434,8.773088921998351e-08,-0.02346901223063469,0.07439684867858887,0.05022893473505974,0.0072038,0.0099866,observed,1.0,0.44324,0.56584,False
246.26,12313,left,True,0.6110332608222961,0.95641028881073,-1.7776497429622395e-07,0.002796611748635769,0.08357404172420502,0.015855448320508003,0.1187391,0.0488938,observed,1.0,0.603659,0.843842,False
246.26,12313,right,True,0.4264879524707794,0.6738835573196411,4.9212438568702055e-08,-0.023031778633594513,0.07693446427583694,0.04034638777375221,0.0083936,0.0173253,observed,1.0,0.444517,0.559985,False
246.38,12319,left,True,0.6146161556243896,0.9511536955833435,-1.657632964224831e-07,0.003740600310266018,0.07508046925067902,0.018438812345266342,0.0159089,0.0289424,observed,1.0,0.607389,0.838859,False
246.38,12319,right,True,0.43355369567871094,0.6777060031890869,-1.1439278857494628e-08,-0.024775458499789238,0.08056075125932693,0.039750661700963974,0.0561145,0.0268523,observed,1.0,0.451594,0.564578,False
246.5,12325,left,True,0.6145675182342529,0.9422838687896729,-1.3939124698936212e-07,0.0034698517993092537,0.07389260083436966,0.02760128863155842,0.0136953,0.0167464,observed,1.0,0.60722,0.830967,False
246.5,12325,right,True,0.43545371294021606,0.6815028190612793,1.30706796497293e-08,-0.021649952977895737,0.08248724788427353,0.026529328897595406,0.035784,0.0290592,observed,1.0,0.451821,0.568599,False
246.64,12332,left,True,0.6179823875427246,0.9354726672172546,-1.0342651535211189e-07,0.006025085225701332,0.07281902432441711,0.019510850310325623,0.0044403,0.0333639,observed,1.0,0.610157,0.824342,False
246.64,12332,right,True,0.43953293561935425,0.6707710027694702,3.0759011337977427e-08,-0.022734204307198524,0.08323495835065842,0.03394385054707527,0.0146511,0.0196416,observed,1.0,0.45609,0.558728,False
246.76,12338,left,True,0.6185593605041504,0.941717803478241,-1.5969666833370866e-07,0.00479961046949029,0.07469835877418518,0.024560164660215378,0.0538472,0.0722388,observed,1.0,0.610254,0.832264,False
246.76,12338,right,True,0.4371964931488037,0.6635679006576538,2.4113873564601818e-08,-0.023691454902291298,0.07995065301656723,0.03919180482625961,0.0074653,0.0153575,observed,1.0,0.454609,0.550948,False
246.88,12344,left,True,0.6055598855018616,0.9023752212524414,-7.4490401402727e-08,0.003958291374146938,0.07723535597324371,0.015128669328987598,0.1423445,0.1108598,observed,1.0,0.600188,0.792061,False
246.88,12344,right,True,0.4326503574848175,0.6527681946754456,8.979958998622806e-09,-0.027079980820417404,0.07845526188611984,0.04504719376564026,0.0177216,0.0162529,observed,1.0,0.452102,0.538224,False
247.0,12350,left,True,0.6080202460289001,0.9352238178253174,-1.7017033826505212e-07,0.005050216801464558,0.0670405849814415,0.025392426177859306,0.1516732,0.117263,observed,1.0,0.603586,0.825704,False
247.0,12350,right,True,0.4337679445743561,0.6540233492851257,1.3117588792965762e-08,-0.02276531234383583,0.0812368094921112,0.026914292946457863,0.0165904,0.0179288,observed,1.0,0.450753,0.540116,False
247.14,12357,left,True,0.6144645810127258,0.9510456323623657,-1.3985714986120001e-07,0.0037271613255143166,0.07824414223432541,0.02443707175552845,0.0594762,0.0680571,observed,1.0,0.607652,0.839247,False
247.14,12357,right,True,0.43354228138923645,0.6520498991012573,-3.589458685837599e-08,-0.025734353810548782,0.07830570638179779,0.03853776305913925,0.0208687,0.0194377,observed,1.0,0.453591,0.540419,False
247.26,12363,left,True,0.6106064915657043,0.9518822431564331,-1.1536535282630211e-07,0.0017526336014270782,0.07709194719791412,0.024633992463350296,0.0304765,0.0350685,observed,1.0,0.605641,0.841687,False
247.26,12363,right,True,0.4346097707748413,0.6602012515068054,-1.7210879832418868e-08,-0.026491595432162285,0.08420374244451523,0.03048199787735939,0.0538552,0.0173881,observed,1.0,0.453242,0.549626,False
247.38,12369,left,True,0.6095519661903381,0.9464260339736938,-9.806416301216814e-08,0.0024367948062717915,0.07694791257381439,0.021504955366253853,0.0146824,0.0262413,observed,1.0,0.60418,0.83401,False
247.38,12369,right,True,0.43591225147247314,0.6563582420349121,4.570878431309211e-08,-0.022257952019572258,0.07978269457817078,0.04144591465592384,0.0038311,0.0134938,observed,1.0,0.451882,0.542939,False
247.5,12375,left,True,0.6130924820899963,0.9467429518699646,-1.3116724062456342e-07,0.0010255249217152596,0.08053283393383026,0.021230952814221382,0.0213769,0.0375696,observed,1.0,0.607375,0.836428,False
247.5,12375,right,True,0.4401966631412506,0.6544331908226013,2.0568959868683123e-08,-0.022676441818475723,0.08244447410106659,0.04261327162384987,0.0104857,0.0102364,observed,1.0,0.457783,0.540989,False
247.64,12382,left,True,0.6066414713859558,0.9125303626060486,-4.421308119617606e-08,0.0035551381297409534,0.06604186445474625,0.007313388865441084,0.1116656,0.0726498,observed,1.0,0.603771,0.802011,False
247.64,12382,right,True,0.44017934799194336,0.6536550521850586,2.988702973993895e-08,-0.023163724690675735,0.08289657533168793,0.03271207585930824,0.0090367,0.0087769,observed,1.0,0.457719,0.538915,False
247.76,12388,left,True,0.6060327291488647,0.9345406889915466,-1.0945226591729806e-07,0.00040109874680638313,0.06193462386727333,0.015249907970428467,0.0891148,0.0821234,observed,1.0,0.602364,0.824558,False
247.76,12388,right,True,0.4392203092575073,0.6519553065299988,2.0978111692215862e-08,-0.0228436216711998,0.08090044558048248,0.027174798771739006,0.0059431,0.007944,observed,1.0,0.457704,0.539074,False
247.88,12394,left,True,0.5982255339622498,0.9116714000701904,-7.998000484121803e-08,0.0011322121135890484,0.07113932073116302,0.014213161543011665,0.0760181,0.0694483,observed,1.0,0.595836,0.804562,False
247.88,12394,right,True,0.43748995661735535,0.6485668420791626,4.63990339483189e-08,-0.022031035274267197,0.07985153794288635,0.034715455025434494,0.0088563,0.0068675,observed,1.0,0.454009,0.535615,False
248.0,12400,left,True,0.6015509366989136,0.9166139364242554,-1.2736038002003625e-07,-0.0004044128581881523,0.07051518559455872,0.012603006325662136,0.0344304,0.0494485,observed,1.0,0.598983,0.808914,False
248.0,12400,right,True,0.4369111657142639,0.6486365795135498,2.5897014310771738e-08,-0.022269167006015778,0.08084208518266678,0.030862070620059967,0.0029197,0.0060471,observed,1.0,0.454727,0.534829,False
248.14,12407,left,True,0.6043458580970764,0.928439736366272,-1.3916252328272094e-07,0.0010562320239841938,0.06990472972393036,0.010911058634519577,0.0184155,0.0619422,observed,1.0,0.600505,0.818549,False
248.14,12407,right,True,0.4421479403972626,0.6510595083236694,6.035206556731509e-09,-0.022496173158288002,0.08349230885505676,0.03349040448665619,0.0058,0.0072175,observed,1.0,0.458052,0.539546,False
248.26,12413,left,True,0.5973814725875854,0.8975613117218018,-4.93762790654273e-08,-0.00043195299804210663,0.08596225082874298,0.017415445297956467,0.1319737,0.0903388,observed,1.0,0.595701,0.787476,False
248.26,12413,right,True,0.4411686360836029,0.6523045897483826,3.2376320291405136e-08,-0.021983059123158455,0.08078379184007645,0.03623771667480469,0.0099734,0.0085231,observed,1.0,0.457195,0.541615,False
248.38,12419,left,True,0.6005898714065552,0.9277946949005127,-9.510815601743161e-08,0.0009962557815015316,0.07622064650058746,0.01259858813136816,0.1154284,0.0942869,observed,1.0,0.599313,0.81955,False
248.38,12419,right,True,0.4389447867870331,0.6582947969436646,-6.2111449317114875e-09,-0.023815220221877098,0.07965926080942154,0.031111663207411766,0.0106552,0.0082564,observed,1.0,0.456311,0.54788,False
248.5,12425,left,True,0.6019614338874817,0.9149376153945923,-7.924547418269867e-08,0.0018787086009979248,0.07441196590662003,0.0221017487347126,0.0546513,0.0748943,observed,1.0,0.598392,0.807021,False
248.5,12425,right,True,0.4401254951953888,0.6600362658500671,4.484860127718093e-08,-0.022354574874043465,0.08250589668750763,0.03522569313645363,0.0044338,0.0063154,observed,1.0,0.455918,0.549392,False
248.64,12432,left,True,0.6044872999191284,0.9306838512420654,-8.599874234960225e-08,0.0024695387110114098,0.07048825919628143,0.010551203042268753,0.0529092,0.0453312,observed,1.0,0.600807,0.822599,False
248.64,12432,right,True,0.44013163447380066,0.6616093516349792,2.747682259496287e-08,-0.022040391340851784,0.07976171374320984,0.03308504819869995,0.0032367,0.0057032,observed,1.0,0.456071,0.55296,False
248.76,12438,left,True,0.6013392806053162,0.9216408729553223,-5.388486101765011e-08,0.003602027427405119,0.07566878944635391,0.021398460492491722,0.034072,0.0314204,observed,1.0,0.597176,0.813816,False
248.76,12438,right,True,0.4398939907550812,0.660210132598877,5.24120942202444e-08,-0.020819861441850662,0.08217734843492508,0.034862905740737915,0.0060161,0.0100253,observed,1.0,0.455198,0.551965,False
248.88,12444,left,True,0.5968911647796631,0.9173082709312439,-3.1119240517796243e-09,0.0007774662226438522,0.08060625195503235,0.02283819206058979,0.0063543,0.0196766,observed,1.0,0.593485,0.812247,False
248.88,12444,right,True,0.43572187423706055,0.6577377319335938,7.57946310159241e-08,-0.016903497278690338,0.07391256093978882,0.03711599484086037,0.0308087,0.0168137,observed,1.0,0.448631,0.550809,False
249.0,12450,left,True,0.5963151454925537,0.912081778049469,-1.939128324579542e-08,0.001391432248055935,0.07899169623851776,0.025202352553606033,0.0108824,0.0174281,observed,1.0,0.593094,0.810192,False
249.0,12450,right,True,0.43380582332611084,0.656813383102417,3.481670063365527e-08,-0.020855991169810295,0.08068030327558517,0.031222932040691376,0.0167568,0.0220735,observed,1.0,0.448162,0.547642,False
249.14,12457,left,True,0.6011613607406616,0.9187921285629272,-4.7620510201795696e-08,-0.0009499676525592804,0.07827072590589523,0.02184882014989853,0.0324811,0.0318787,observed,1.0,0.598999,0.81342,False
249.14,12457,right,True,0.4359199106693268,0.647140622138977,-1.8331409279426225e-08,-0.027723558247089386,0.08083455264568329,0.03017434850335121,0.0379924,0.0191386,observed,1.0,0.454702,0.539869,False
249.26,12463,left,True,0.6065241694450378,0.9204741716384888,-1.0884642165365221e-07,0.0011632554233074188,0.07437073439359665,0.01567198522388935,0.0437014,0.0434177,observed,1.0,0.603548,0.811803,False
249.26,12463,right,True,0.43722039461135864,0.6498545408248901,1.8364039178209168e-08,-0.02739778533577919,0.08728301525115967,0.01964898221194744,0.0146857,0.0142897,observed,1.0,0.455272,0.541794,False
249.38,12469,left,True,0.5976521372795105,0.8986219763755798,-2.912483942907329e-08,0.005069175269454718,0.08204582333564758,0.018663248047232628,0.1074196,0.0484256,observed,1.0,0.591984,0.793857,False
249.38,12469,right,True,0.4375106394290924,0.6513876914978027,1.255996906479595e-08,-0.025360219180583954,0.08533164858818054,0.020762350410223007,0.008871,0.0124248,observed,1.0,0.454531,0.544252,False
249.5,12475,left,True,0.5929931998252869,0.8863846063613892,-1.0026835184362426e-07,-0.002225602976977825,0.08130107820034027,0.020774126052856445,0.0518008,0.042816,observed,1.0,0.591426,0.780591,False
249.5,12475,right,True,0.4372631311416626,0.6511523723602295,8.29919688527525e-09,-0.025569282472133636,0.08432921022176743,0.021105600520968437,0.0125546,0.0111142,observed,1.0,0.453001,0.542796,False
249.64,12482,left,True,0.5955254435539246,0.8918613791465759,-6.643755767754556e-08,-0.0018353317864239216,0.08664872497320175,0.023574121296405792,0.0075943,0.021509,observed,1.0,0.591644,0.786503,False
249.64,12482,right,True,0.4379929304122925,0.6548807621002197,-2.8141908359202716e-08,-0.0242269579321146,0.08426719158887863,0.02581065706908703,0.0031128,0.0085525,observed,1.0,0.454269,0.545618,False
249.76,12488,left,True,0.59568852186203,0.8974079489707947,-5.160603677722975e-08,-0.002099093049764633,0.08753257989883423,0.02590123377740383,0.0151193,0.0123691,observed,1.0,0.593487,0.790448,False
249.76,12488,right,True,0.43660998344421387,0.6570354104042053,-2.8766229398513588e-09,-0.02391243167221546,0.08116465061903,0.02085086889564991,0.0137613,0.0058214,observed,1.0,0.452961,0.550019,False
249.88,12494,left,True,0.596240222454071,0.8990026116371155,-4.7742897635316695e-08,0.00036161160096526146,0.08638624846935272,0.027216089889407158,0.0042397,0.0145902,observed,1.0,0.592595,0.79472,False
249.88,12494,right,True,0.437479704618454,0.6609326601028442,-1.569637575471461e-08,-0.02272951416671276,0.08319593220949173,0.02994520217180252,0.0019688,0.0042418,observed,1.0,0.452844,0.553496,False
250.0,12500,left,True,0.6009529232978821,0.9056692123413086,-3.39888437395075e-08,0.00013071484863758087,0.08755537867546082,0.023617414757609367,0.0206145,0.02181,observed,1.0,0.596776,0.797662,False
250.0,12500,right,True,0.4379096031188965,0.6626760959625244,-4.950988952145963e-09,-0.022428616881370544,0.08340837061405182,0.025039775297045708,0.0038715,0.0039472,observed,1.0,0.45406,0.556201,False
250.14,12507,left,True,0.6010751724243164,0.8950623273849487,-7.404580060210719e-08,0.0016724835149943829,0.07697729766368866,0.02057635225355625,0.0361642,0.0331062,observed,1.0,0.595846,0.789152,False
250.14,12507,right,True,0.44120699167251587,0.6653939485549927,-1.0365976521597986e-08,-0.02155754528939724,0.08128015697002411,0.03228408843278885,0.0044258,0.0045122,observed,1.0,0.456015,0.557298,False
250.26,12513,left,True,0.6019035577774048,0.909868597984314,-5.121381363437649e-08,-0.0013130083680152893,0.08685950189828873,0.02264302968978882,0.043748,0.0374022,observed,1.0,0.598727,0.800307,False
250.26,12513,right,True,0.44142407178878784,0.6663365364074707,-1.2998719434165196e-08,-0.022500447928905487,0.08236774802207947,0.02359185926616192,0.0093937,0.0051521,observed,1.0,0.457167,0.560461,False
250.38,12519,left,True,0.6018412113189697,0.9015568494796753,-9.831249769831629e-08,0.00043048057705163956,0.07706429809331894,0.022491199895739555,0.0248702,0.0363542,observed,1.0,0.597995,0.794818,False
250.38,12519,right,True,0.44199249148368835,0.666089653968811,4.0840939519171116e-09,-0.02084486559033394,0.0822649598121643,0.03569849953055382,0.0030282,0.0053579,observed,1.0,0.456753,0.560441,False
250.5,12525,left,True,0.6029382348060608,0.9172407388687134,-1.4684466975722898e-07,-0.001034391112625599,0.08162127435207367,0.020083650946617126,0.048695,0.0343762,observed,1.0,0.598614,0.808657,False
250.5,12525,right,True,0.440466046333313,0.6687689423561096,-8.09705369420044e-09,-0.022282589226961136,0.08204537630081177,0.020186947658658028,0.0075628,0.0053972,observed,1.0,0.456751,0.564222,False
250.64,12532,left,True,0.5992089509963989,0.9103790521621704,-7.529285994678503e-08,0.001001555472612381,0.07440254837274551,0.019164619967341423,0.0248392,0.0347958,observed,1.0,0.595607,0.803381,False
250.64,12532,right,True,0.4392164647579193,0.6698997616767883,2.59698698101829e-08,-0.021341264247894287,0.082039475440979,0.030078666284680367,0.0024012,0.0050503,observed,1.0,0.454641,0.565306,False
250.76,12538,left,True,0.6010833382606506,0.9263783097267151,-1.227055861363624e-07,-0.0006280597299337387,0.0836576521396637,0.018364939838647842,0.0405764,0.0358535,observed,1.0,0.597191,0.81654,False
250.76,12538,right,True,0.43956220149993896,0.6738330721855164,1.2797779724849079e-08,-0.02212436869740486,0.08106590807437897,0.031737565994262695,0.0080524,0.0049649,observed,1.0,0.455135,0.569747,False
250.88,12544,left,True,0.598907470703125,0.9161387085914612,-5.913924283618144e-08,0.0023550428450107574,0.07391346991062164,0.021543599665164948,0.0341883,0.0346062,observed,1.0,0.59367,0.809451,False
250.88,12544,right,True,0.4387788474559784,0.6746596693992615,1.983227093660389e-08,-0.020088598132133484,0.08073929697275162,0.028805270791053772,0.0025552,0.0051653,observed,1.0,0.453499,0.570665,False
251.0,12550,left,True,0.5974030494689941,0.9129761457443237,-8.900396863964488e-09,0.0030365274287760258,0.08117417246103287,0.031054316088557243,0.0090043,0.0348415,observed,1.0,0.592799,0.806073,False
251.0,12550,right,True,0.43831667304039,0.6742362380027771,2.4907562234943725e-08,-0.02036377042531967,0.08139481395483017,0.030281828716397285,0.0059421,0.0063321,observed,1.0,0.452814,0.570415,False
251.14,12557,left,True,0.5981497168540955,0.9006981253623962,-7.102897825461696e-08,-0.0007095988839864731,0.08386033773422241,0.016734613105654716,0.0370297,0.0383674,observed,1.0,0.595252,0.795964,False
251.14,12557,right,True,0.43991968035697937,0.6698132753372192,-3.333531495286479e-08,-0.024211285635828972,0.0849367305636406,0.018731504678726196,0.0364169,0.008669,observed,1.0,0.456668,0.564118,False
251.26,12563,left,True,0.6055497527122498,0.9183818101882935,-9.661557953677402e-08,0.0006249016150832176,0.08523710072040558,0.02007926255464554,0.0818621,0.045457,observed,1.0,0.601735,0.813922,False
251.26,12563,right,True,0.4399254024028778,0.66624516248703,-2.7542464309249226e-08,-0.02610434778034687,0.08482969552278519,0.00017058513185475022,0.0086428,0.0094697,observed,1.0,0.457715,0.56187,False
251.38,12569,left,True,0.6020135879516602,0.930903971195221,-4.671511888432178e-08,-0.00026934966444969177,0.08483443409204483,0.02068380080163479,0.0382707,0.0537098,observed,1.0,0.598846,0.823707,False
251.38,12569,right,True,0.4370836019515991,0.6680005192756653,-8.509091209418784e-09,-0.026193663477897644,0.084130197763443,0.01018993929028511,0.011026,0.0086347,observed,1.0,0.454816,0.563742,False
251.5,12575,left,True,0.5977476239204407,0.9186870455741882,-5.6664756442614816e-08,0.0035539851523935795,0.08145657926797867,0.019576800987124443,0.0613007,0.0609296,observed,1.0,0.591696,0.812986,False
251.5,12575,right,True,0.4358820915222168,0.6688790321350098,-4.158443811519419e-09,-0.023583801463246346,0.08303865045309067,0.01334376074373722,0.0053071,0.0072109,observed,1.0,0.452053,0.56357,False
251.64,12582,left,True,0.5944274067878723,0.8939968347549438,1.879580935337799e-08,0.003422308713197708,0.09144388884305954,0.022655431181192398,0.0802114,0.0644537,observed,1.0,0.589515,0.785622,False
251.64,12582,right,True,0.43310463428497314,0.6637909412384033,-1.9443779919470217e-09,-0.025673696771264076,0.08139340579509735,0.016755206510424614,0.0062285,0.0067275,observed,1.0,0.449502,0.55851,False
251.76,12588,left,True,0.5950399041175842,0.9094868898391724,-9.19587037628844e-08,-0.0009722067043185234,0.08720242977142334,0.021108005195856094,0.0665126,0.0619718,observed,1.0,0.591279,0.804058,False
251.76,12588,right,True,0.43301963806152344,0.6674801111221313,-2.4667945908163347e-08,-0.02419227734208107,0.08320242166519165,0.02179229073226452,0.0076977,0.0072125,observed,1.0,0.449227,0.56393,False
251.88,12594,left,True,0.5928711891174316,0.8932037949562073,-2.0693827096351924e-08,-0.0006906827911734581,0.0895155817270279,0.027404556050896645,0.0538813,0.0563191,observed,1.0,0.588528,0.788357,False
251.88,12594,right,True,0.4312954545021057,0.6658136248588562,-3.264456260865245e-09,-0.02370404079556465,0.08155117928981781,0.017345864325761795,0.008321,0.0071942,observed,1.0,0.446863,0.560557,False
252.0,12600,left,True,0.5930419564247131,0.9065675735473633,-6.992834755692456e-08,0.00020569749176502228,0.08512921631336212,0.017622560262680054,0.047432,0.0468161,observed,1.0,0.588726,0.802912,False
252.0,12600,right,True,0.43122604489326477,0.6681106686592102,-2.8505182214644265e-08,-0.023526063188910484,0.08225475251674652,0.02203083410859108,0.0049358,0.0066655,observed,1.0,0.446785,0.566036,False
252.14,12607,left,True,0.5928366184234619,0.9070357084274292,-8.768618720012e-09,0.0020515667274594307,0.08625277876853943,0.023222053423523903,0.0073714,0.0351476,observed,1.0,0.588656,0.803252,False
252.14,12607,right,True,0.43071261048316956,0.6676070094108582,-3.1232765707045473e-08,-0.02389751560986042,0.08255334943532944,0.018703842535614967,0.0061346,0.0062482,observed,1.0,0.446636,0.564904,False
252.26,12613,left,True,0.5952551364898682,0.9189102649688721,-3.6075324061357605e-08,0.0006109634414315224,0.09039755165576935,0.019624555483460426,0.0314804,0.0307893,observed,1.0,0.590823,0.813438,False
252.26,12613,right,True,0.431449294090271,0.6733876466751099,-3.6793181834582356e-08,-0.023001210764050484,0.08130959421396255,0.019369544461369514,0.0078014,0.009027,observed,1.0,0.447121,0.570045,False
252.38,12619,left,True,0.592613935470581,0.9035586714744568,-2.2892949758102077e-08,0.003315903712064028,0.08518606424331665,0.02234775573015213,0.0490198,0.0287269,observed,1.0,0.586511,0.80153,False
252.38,12619,right,True,0.4299119710922241,0.6737769246101379,-3.7355221138568595e-08,-0.0233524851500988,0.08285582065582275,0.021808374673128128,0.0026502,0.0166167,observed,1.0,0.446334,0.568439,False
252.5,12625,left,True,0.5939209461212158,0.8994066715240479,-4.467830549970131e-08,0.01189546100795269,0.08535382896661758,0.037927720695734024,0.0197493,0.024505,observed,1.0,0.579973,0.803502,False
252.5,12625,right,True,0.43169042468070984,0.6829558610916138,1.716528785777882e-08,-0.01868547685444355,0.0710468664765358,0.025954071432352066,0.0437049,0.0313963,observed,1.0,0.442607,0.583258,False
252.64,12632,left,True,0.5912365913391113,0.9019523859024048,-1.5501311168009124e-07,0.03588590770959854,0.08931317180395126,0.036475036293268204,0.020917,0.0347259,observed,1.0,0.572823,0.808933,False
252.64,12632,right,True,0.4315851032733917,0.6911203861236572,2.0073885664828595e-08,-0.020318521186709404,0.061884805560112,0.03518318757414818,0.0518614,0.0360653,observed,1.0,0.445167,0.591846,False
252.76,12638,left,True,0.5855702757835388,0.8959713578224182,-1.1291705703797561e-07,0.015812663361430168,0.08630789816379547,0.03206133469939232,0.0622253,0.0492711,observed,1.0,0.575416,0.802763,False
252.76,12638,right,True,0.4228278398513794,0.692887008190155,-4.0830041569961395e-09,-0.02987867034971714,0.0735645443201065,0.02815934643149376,0.0207594,0.0306703,observed,1.0,0.44165,0.590264,False
252.88,12644,left,True,0.5824313759803772,0.8907697200775146,-2.6671354902418898e-08,0.005573424510657787,0.09301916509866714,0.02777278795838356,0.0615721,0.0521246,observed,1.0,0.576339,0.791489,False
252.88,12644,right,True,0.4159368574619293,0.688202440738678,7.064775875420537e-09,-0.028868312016129494,0.06780815869569778,0.027848538011312485,0.0212131,0.0370061,observed,1.0,0.435223,0.588843,False
253.0,12650,left,True,0.5790737271308899,0.8972101211547852,-3.132982939746398e-08,0.0016980040818452835,0.0945279523730278,0.026231078431010246,0.0127617,0.039142,observed,1.0,0.575047,0.795237,False
253.0,12650,right,True,0.40857255458831787,0.6844612956047058,1.1312167202959245e-07,-0.02099885232746601,0.07923208922147751,0.03573060780763626,0.0941177,0.0574937,observed,1.0,0.421639,0.580534,False
253.14,12657,left,True,0.5742645263671875,0.899398684501648,-8.016358066242901e-08,0.00172454584389925,0.08823137730360031,0.012441975995898247,0.0355319,0.0274555,observed,1.0,0.570058,0.796662,False
253.14,12657,right,True,0.39412423968315125,0.6923895478248596,3.983239693639007e-08,-0.018618715927004814,0.07231727987527847,0.04196809604763985,0.0761553,0.064576,observed,1.0,0.407653,0.582906,False
253.26,12663,left,True,0.5777022242546082,0.9004945755004883,-9.224262242923942e-08,0.004307369701564312,0.09262369573116302,0.017390558496117592,0.0100912,0.0381442,observed,1.0,0.573026,0.796129,False
253.26,12663,right,True,0.3984581232070923,0.6869627833366394,2.9136828061382403e-08,-0.02507423236966133,0.0797761082649231,0.04785764217376709,0.0449511,0.0471456,observed,1.0,0.415668,0.576817,False
253.38,12669,left,True,0.5864116549491882,0.9125438332557678,-1.7696628162866546e-07,0.003129074349999428,0.09213877469301224,0.01104822102934122,0.0608449,0.0522701,observed,1.0,0.582205,0.805913,False
253.38,12669,right,True,0.4065040349960327,0.6824202537536621,5.745837583503999e-08,-0.024826349690556526,0.07711266726255417,0.04969030246138573,0.0305617,0.032326,observed,1.0,0.423491,0.574187,False
253.5,12675,left,True,0.5951376557350159,0.927629828453064,-8.967250408886684e-08,0.003283080644905567,0.08839196711778641,0.017376642674207687,0.0653298,0.0620816,observed,1.0,0.589779,0.818571,False
253.5,12675,right,True,0.4116228222846985,0.6817269325256348,6.121246087786858e-08,-0.021958408877253532,0.08134704828262329,0.0486094169318676,0.0098618,0.0185775,observed,1.0,0.426537,0.573417,False
253.64,12682,left,True,0.592307984828949,0.8935261964797974,4.537000819482273e-08,0.004831700585782528,0.09290384501218796,0.01513177715241909,0.1124396,0.0460531,observed,1.0,0.585131,0.785954,False
253.64,12682,right,True,0.41453319787979126,0.6784611940383911,5.0947363661180134e-08,-0.02081202156841755,0.07633689790964127,0.04880845546722412,0.0114979,0.0107248,observed,1.0,0.429267,0.570011,False
253.76,12688,left,True,0.5935019254684448,0.8894305229187012,-9.706674575227225e-08,0.0027198083698749542,0.08832049369812012,0.022633176296949387,0.0085769,0.0238254,observed,1.0,0.58866,0.784089,False
253.76,12688,right,True,0.4175328314304352,0.6769300699234009,8.13850249414827e-08,-0.01956985704600811,0.07845590263605118,0.04510762169957161,0.0092629,0.010742,observed,1.0,0.431484,0.56911,False
253.88,12694,left,True,0.5936975479125977,0.8844395875930786,-1.042322281818997e-07,0.0018979012966156006,0.08896594494581223,0.02112215757369995,0.0051907,0.0141023,observed,1.0,0.588351,0.78023,False
253.88,12694,right,True,0.4160970151424408,0.6787717342376709,6.101967642280215e-08,-0.020039981231093407,0.07719995826482773,0.04415106400847435,0.0136358,0.0107101,observed,1.0,0.430184,0.570964,False
254.0,12700,left,True,0.5964947938919067,0.8949854969978333,-1.1761007101540599e-07,0.00418684259057045,0.08711549639701843,0.009110279381275177,0.0551617,0.016175,observed,1.0,0.591574,0.790438,False
254.0,12700,right,True,0.4215889275074005,0.6742115020751953,5.0072912927134894e-08,-0.017134590074419975,0.07150176167488098,0.05217372253537178,0.0104877,0.0099314,observed,1.0,0.434804,0.566916,False
254.14,12707,left,True,0.5937269330024719,0.8969370722770691,-7.174640614948657e-08,0.0014967722818255424,0.09038667380809784,0.01750120520591736,0.0155306,0.025601,observed,1.0,0.59021,0.791554,False
254.14,12707,right,True,0.4203462302684784,0.6746214032173157,5.994690610577891e-08,-0.01799563504755497,0.07612066715955734,0.0415625274181366,0.0077682,0.0080882,observed,1.0,0.433818,0.568796,False
254.26,12713,left,True,0.5923413038253784,0.8878445029258728,-9.068359929642611e-08,0.00260566221550107,0.08658639341592789,0.0131010040640831,0.0286073,0.028442,observed,1.0,0.587382,0.783964,False
254.26,12713,right,True,0.4204149544239044,0.6740900874137878,5.400991653914389e-08,-0.017189811915159225,0.07540134340524673,0.04574133828282356,0.0068696,0.0070233,observed,1.0,0.432136,0.567897,False
254.38,12719,left,True,0.5921904444694519,0.897282600402832,-9.807764911329286e-08,0.0006121490150690079,0.09142003208398819,0.016957633197307587,0.0429174,0.0279486,observed,1.0,0.589594,0.794545,False
254.38,12719,right,True,0.4223129153251648,0.674446702003479,2.0339610884434478e-08,-0.017395218834280968,0.0740053653717041,0.04415728151798248,0.0056399,0.0066078,observed,1.0,0.43486,0.567949,False
254.5,12725,left,True,0.5922195315361023,0.8924669027328491,-5.575490646947401e-08,0.0025565247051417828,0.08658898621797562,0.017036085948348045,0.0254261,0.0269387,observed,1.0,0.588092,0.789516,False
254.5,12725,right,True,0.4232208728790283,0.6756212115287781,3.939918968853817e-08,-0.01676936261355877,0.07460938394069672,0.047679346054792404,0.0068909,0.0063451,observed,1.0,0.434449,0.56887,False
254.64,12732,left,True,0.5930526852607727,0.9000876545906067,-5.445599882136776e-08,0.001205412670969963,0.09037546068429947,0.025850845500826836,0.0260804,0.0261687,observed,1.0,0.589043,0.796497,False
254.64,12732,right,True,0.4208775758743286,0.6765495538711548,3.847468477147231e-08,-0.01783851720392704,0.07543560862541199,0.04318282753229141,0.0052232,0.0065887,observed,1.0,0.43347,0.570133,False
254.76,12738,left,True,0.5946007966995239,0.9064080119132996,-2.9486075803220047e-08,0.0027018114924430847,0.09395168721675873,0.026718230918049812,0.0273763,0.027093,observed,1.0,0.590088,0.802896,False
254.76,12738,right,True,0.42163434624671936,0.6733828783035278,5.7720775714642514e-08,-0.016511213034391403,0.07457195222377777,0.04776245355606079,0.0097093,0.0068592,observed,1.0,0.433612,0.568587,False
254.88,12744,left,True,0.5947163701057434,0.9060545563697815,-3.197548892330815e-08,0.003912999294698238,0.09228849411010742,0.02211008220911026,0.005627,0.0293045,observed,1.0,0.589831,0.80265,False
254.88,12744,right,True,0.4203955829143524,0.6749014854431152,2.943639287877886e-08,-0.01822393201291561,0.07409213483333588,0.04128239303827286,0.006848,0.0068508,observed,1.0,0.433124,0.569844,False
255.0,12750,left,True,0.59261155128479,0.8999574184417725,-5.644974621077381e-08,0.0038286829367280006,0.08929792046546936,0.018559301272034645,0.0363946,0.0332431,observed,1.0,0.586683,0.796934,False
255.0,12750,right,True,0.4195435345172882,0.6763714551925659,2.130552090306992e-08,-0.018638096749782562,0.07309306412935257,0.04384404048323631,0.006577,0.0077143,observed,1.0,0.432381,0.570776,False
255.14,12757,left,True,0.590814471244812,0.8774809837341309,1.6999386787119874e-08,0.007431366480886936,0.09234108775854111,0.034432705491781235,0.0800721,0.0309333,observed,1.0,0.582621,0.774057,False
255.14,12757,right,True,0.4174235165119171,0.6743799448013306,4.3860463705414077e-08,-0.020378079265356064,0.07605990022420883,0.04640627279877663,0.0106162,0.0117481,observed,1.0,0.431566,0.567689,False
255.26,12763,left,True,0.5900910496711731,0.8746311664581299,-6.109480210625406e-08,0.005016147159039974,0.08665432035923004,0.02642776444554329,0.0167587,0.0276473,observed,1.0,0.583005,0.770191,False
255.26,12763,right,True,0.4169072210788727,0.6783162951469421,6.896827642322023e-08,-0.019019363448023796,0.07552759349346161,0.0434013232588768,0.0157149,0.016595,observed,1.0,0.430305,0.573108,False
255.38,12769,left,True,0.5940650105476379,0.8738800287246704,-1.0317545928728578e-07,0.003289177082479,0.08969148993492126,0.021839380264282227,0.0203158,0.0338801,observed,1.0,0.587337,0.768467,False
255.38,12769,right,True,0.42082008719444275,0.677463173866272,6.148680142814555e-08,-0.02077116258442402,0.07675981521606445,0.047995422035455704,0.0196234,0.0217394,observed,1.0,0.434489,0.572191,False
255.5,12775,left,True,0.6059160232543945,0.8820943236351013,-1.453130096251698e-07,0.005501024425029755,0.087084099650383,0.012026775628328323,0.0683174,0.0520132,observed,1.0,0.598867,0.778554,False
255.5,12775,right,True,0.42801153659820557,0.6736405491828918,1.4820067839593776e-08,-0.022772565484046936,0.07822149246931076,0.04880833253264427,0.0451752,0.0287911,observed,1.0,0.442355,0.568009,False
255.64,12782,left,True,0.6198403835296631,0.8974279165267944,-1.4132339742900513e-07,0.00662536546587944,0.08542756736278534,0.0010849962709471583,0.0844272,0.0604692,observed,1.0,0.614097,0.792368,False
255.64,12782,right,True,0.43768396973609924,0.6801183223724365,2.5882448184688656e-08,-0.020247049629688263,0.08507069945335388,0.03981973975896835,0.03391,0.0289502,observed,1.0,0.449838,0.573962,False
255.76,12788,left,True,0.6229372024536133,0.9119550585746765,-8.116666805335626e-08,0.005293575115501881,0.09188710153102875,0.0185721255838871,0.0477054,0.0490246,observed,1.0,0.615232,0.804157,False
255.76,12788,right,True,0.4360344111919403,0.6779967546463013,3.240468871013036e-08,-0.018568018451333046,0.08354528248310089,0.035339560359716415,0.0193078,0.0229495,observed,1.0,0.447824,0.5709,False
255.88,12794,left,True,0.6177010536193848,0.9148036241531372,-1.0146041518055426e-07,0.006825117394328117,0.08848100155591965,0.007415852043777704,0.0352742,0.0406763,observed,1.0,0.609617,0.807888,False
255.88,12794,right,True,0.433889776468277,0.6824069619178772,-1.2256634818186285e-08,-0.018437780439853668,0.08254577219486237,0.03124845214188099,0.0167912,0.0196071,observed,1.0,0.444612,0.574625,False
256.0,12800,left,True,0.6133937239646912,0.9149788618087769,-1.247562551043302e-07,0.007089323364198208,0.08562418073415756,0.013342251069843769,0.0215629,0.0400207,observed,1.0,0.607651,0.807962,False
256.0,12800,right,True,0.43894749879837036,0.6787057518959045,2.2489055062635543e-09,-0.015170671045780182,0.08015639334917068,0.042362459003925323,0.0296656,0.0168454,observed,1.0,0.44915,0.57124,False
256.14,12807,left,True,0.6088675856590271,0.8939138650894165,-1.079801279502135e-07,0.007104475516825914,0.08753863722085953,0.009799300692975521,0.0605093,0.0468265,observed,1.0,0.60175,0.787598,False
256.14,12807,right,True,0.4363546669483185,0.6761948466300964,7.724400674646859e-09,-0.015205254778265953,0.08597933501005173,0.03468288853764534,0.0100004,0.0129928,observed,1.0,0.445084,0.565337,False
256.26,12813,left,True,0.6103318333625793,0.9082372784614563,-1.49364069557123e-07,0.005345270968973637,0.08700267225503922,0.00954325869679451,0.0522358,0.0442333,observed,1.0,0.604183,0.800698,False
256.26,12813,right,True,0.4382878839969635,0.677273690700531,-1.6764719390494065e-08,-0.014189181849360466,0.08372271060943604,0.028192458674311638,0.0133088,0.0108968,observed,1.0,0.447786,0.568017,False
256.38,12819,left,True,0.6056115031242371,0.9019476771354675,-1.0626371960142933e-07,0.006411490496248007,0.08072312921285629,0.0031002897303551435,0.0300786,0.0342066,observed,1.0,0.598914,0.797912,False
256.38,12819,right,True,0.4371206760406494,0.6774507761001587,-3.4647922309005708e-09,-0.012703249230980873,0.08196581155061722,0.028766369447112083,0.0084189,0.0102872,observed,1.0,0.445477,0.568746,False
256.5,12825,left,True,0.6029193997383118,0.8968628644943237,-6.547463726747083e-08,0.00963442400097847,0.08224751055240631,0.016352545469999313,0.0181967,0.0208027,observed,1.0,0.595038,0.79216,False
256.5,12825,right,True,0.4341577887535095,0.6760488748550415,-2.0081369456192988e-08,-0.013714326545596123,0.08281799405813217,0.028986724093556404,0.0101048,0.0338803,observed,1.0,0.442885,0.566107,False
256.64,12832,left,True,0.5930043458938599,0.8915924429893494,-1.1093295171349382e-07,0.004811806604266167,0.08104357123374939,0.013985139317810535,0.0054096,0.0088016,observed,1.0,0.586757,0.791046,False
256.64,12832,right,True,0.417055606842041,0.6517742872238159,-6.971858113047347e-08,-0.024812184274196625,0.0751984566450119,-0.006026783958077431,0.1135548,0.1701198,observed,1.0,0.433272,0.537163,False
256.76,12838,left,True,0.5888133645057678,0.8921400308609009,-9.778170095842142e-08,0.005648832768201828,0.08648080378770828,0.023163754492998123,0.0023166,0.0082854,observed,1.0,0.581505,0.790006,False
256.76,12838,right,False,,,,,,,0.3531225,0.2822121,interpolated_for_motion,0.4,0.463242,0.48249,True
256.88,12844,left,True,0.5867283940315247,0.894219160079956,-1.3040319402080058e-07,0.004323922097682953,0.0868680477142334,0.028018537908792496,0.0120467,0.0127175,observed,1.0,0.581158,0.791081,False
256.88,12844,right,True,0.4522390365600586,0.4716244339942932,-9.203913720057244e-08,-0.06701342761516571,0.03267667815089226,0.023617753759026527,0.3501079,0.3097921,interpolated_for_motion,0.4,0.496799,0.427779,False
257.0,12850,left,True,0.5862017273902893,0.9079245328903198,-1.7387458228768082e-07,0.006492376793175936,0.08329541236162186,0.013739711605012417,0.0337516,0.0212659,observed,1.0,0.5783,0.803965,False
257.0,12850,right,True,0.4452160596847534,0.4722999334335327,-2.2643659391974325e-08,-0.07401978224515915,0.043693989515304565,0.008707987144589424,0.067851,0.2871805,observed,1.0,0.491595,0.419894,False
257.14,12857,left,True,0.5834219455718994,0.9093486070632935,-9.905931364073695e-08,0.009154203347861767,0.09019444137811661,0.016409724950790405,0.0229228,0.0337616,observed,1.0,0.573942,0.807157,False
257.14,12857,right,False,,,,,,,0.2548125,0.2572758,interpolated_for_motion,0.4,0.449212,0.409319,True
257.26,12863,left,True,0.5855962038040161,0.9125632047653198,-1.6091253485228663e-07,0.0041549913585186005,0.0903509184718132,0.016248559579253197,0.0389862,0.0410743,observed,1.0,0.58098,0.81138,False
257.26,12863,right,True,0.38296401500701904,0.47714027762413025,-1.0612200895820934e-07,-0.04925078526139259,0.05980464071035385,0.002840325701981783,0.2548928,0.2665288,interpolated_for_motion,0.4,0.415884,0.40367,False
257.38,12869,left,True,0.5927636623382568,0.9066687822341919,-1.3654189956469054e-07,0.003387956880033016,0.08974677324295044,0.01489537674933672,0.0526125,0.045779,observed,1.0,0.587524,0.805591,False
257.38,12869,right,False,,,,,,,0.2906408,0.2789785,interpolated_for_motion,0.4,0.418874,0.478645,True
257.5,12875,left,True,0.5949873924255371,0.9009736776351929,-1.4388345448423934e-07,0.002678804099559784,0.0836227536201477,0.01903853937983513,0.0495741,0.0488526,observed,1.0,0.590652,0.79785,False
257.5,12875,right,True,0.40085339546203613,0.634226381778717,4.466480518772187e-08,-0.04121893271803856,0.06312212347984314,0.0397162102162838,0.2925859,0.2487015,interpolated_for_motion,0.4,0.42447,0.551284,False
257.64,12882,left,True,0.6023655533790588,0.8913213610649109,-1.0193687671744556e-07,0.007646872662007809,0.08167927712202072,0.010555717162787914,0.0475784,0.0482956,observed,1.0,0.594521,0.786085,False
257.64,12882,right,True,0.4196838140487671,0.6668652892112732,-3.2888955558973976e-08,-0.04255307838320732,0.07631589472293854,0.03831569105386734,0.1188089,0.1275921,observed,1.0,0.443514,0.574838,False
257.76,12888,left,True,0.6056063771247864,0.8804734945297241,-1.3445618662899506e-07,0.006200694479048252,0.080545574426651,0.010069315321743488,0.0513323,0.0452243,observed,1.0,0.597622,0.775217,False
257.76,12888,right,True,0.41969653964042664,0.6737406253814697,1.2506515645327454e-07,-0.036700136959552765,0.07381904870271683,0.02210722677409649,0.0283653,0.0513932,observed,1.0,0.444073,0.582356,False
257.88,12894,left,True,0.6125509142875671,0.8762573003768921,-1.6880863995538675e-07,0.00810941681265831,0.08374810218811035,0.009131370112299919,0.0361259,0.0417688,observed,1.0,0.60352,0.770256,False
257.88,12894,right,True,0.4230386018753052,0.6742593050003052,6.621939974138513e-08,-0.03468335419893265,0.07494285702705383,0.022239847108721733,0.0059715,0.0320997,observed,1.0,0.44664,0.580073,False
258.0,12900,left,True,0.6204982995986938,0.8775400519371033,-1.2808546046017e-07,0.008699365891516209,0.08576954901218414,0.01772794872522354,0.038764,0.0393646,observed,1.0,0.610376,0.773542,False
258.0,12900,right,True,0.43054160475730896,0.6674454808235168,-4.4111011732184124e-08,-0.033242061734199524,0.06948424130678177,0.03747217729687691,0.050259,0.0274902,observed,1.0,0.453279,0.570762,False
258.14,12907,left,True,0.6295260787010193,0.8890542984008789,-2.1018304607878235e-07,0.009479190222918987,0.07927083969116211,0.007724266964942217,0.0571382,0.035123,observed,1.0,0.61929,0.786977,False
258.14,12907,right,True,0.4302937984466553,0.6669056415557861,-3.3556169398707425e-08,-0.03907201066613197,0.07367251813411713,0.029519392177462578,0.0199925,0.0289152,observed,1.0,0.457309,0.570856,False
258.26,12913,left,True,0.6281341910362244,0.8986472487449646,-1.0361577551520895e-07,0.010779633186757565,0.08934006839990616,0.017363762483000755,0.0280446,0.0311474,observed,1.0,0.618717,0.794325,False
258.26,12913,right,True,0.431850403547287,0.6704469323158264,4.416113341676464e-08,-0.039957478642463684,0.07700814306735992,0.025835391134023666,0.0402359,0.0256648,observed,1.0,0.458631,0.576553,False
258.38,12919,left,True,0.6238521337509155,0.9046726822853088,-9.550560520210638e-08,0.00944103766232729,0.08378491550683975,0.02084817737340927,0.0233879,0.0299754,observed,1.0,0.616653,0.799872,False
258.38,12919,right,True,0.4286089837551117,0.6658604145050049,1.2481103262018678e-08,-0.04017550125718117,0.07252507656812668,0.02475833147764206,0.0138144,0.0209742,observed,1.0,0.454332,0.572484,False
258.5,12925,left,True,0.6255983710289001,0.9204815626144409,-1.0747392309440329e-07,0.00848100334405899,0.08715541660785675,0.01335128117352724,0.0513405,0.0354306,observed,1.0,0.617883,0.812788,False
258.5,12925,right,True,0.42183613777160645,0.6643875241279602,4.191710445411445e-08,-0.03910548985004425,0.07146014273166656,0.037249647080898285,0.0230605,0.0152304,observed,1.0,0.448933,0.571546,False
258.64,12932,left,True,0.6233035922050476,0.9262406826019287,-1.3971838086490607e-07,0.005925813689827919,0.08183736354112625,0.006934724282473326,0.0327616,0.0485533,observed,1.0,0.614093,0.821375,False
258.64,12932,right,True,0.41618627309799194,0.6611630916595459,4.231641526075691e-08,-0.036914560943841934,0.06740392744541168,0.036646876484155655,0.0046443,0.0080379,observed,1.0,0.443718,0.568897,False
258.76,12938,left,True,0.6114339828491211,0.8871240615844727,1.4017533800370074e-08,0.010169477201998234,0.09071677923202515,0.006367090158164501,0.1936551,0.0537804,observed,1.0,0.599894,0.775983,False
258.76,12938,right,True,0.4129200279712677,0.6572615504264832,3.1826367319354176e-08,-0.03942682221531868,0.07066716998815536,0.03594269976019859,0.0072225,0.0059895,observed,1.0,0.441152,0.562495,False
258.88,12944,left,True,0.6090705394744873,0.8958781361579895,-9.205908924059258e-08,0.0071340445429086685,0.09109997004270554,0.01766151748597622,0.0557097,0.0522747,observed,1.0,0.599595,0.787211,False
258.88,12944,right,True,0.41313353180885315,0.6545911431312561,4.8375834893477077e-08,-0.039056528359651566,0.07209667563438416,0.035145748406648636,0.0043094,0.0058827,observed,1.0,0.441452,0.560152,False
259.0,12950,left,True,0.61282879114151,0.9012532234191895,-5.085196619347698e-08,0.006551655940711498,0.08638950437307358,0.02251044660806656,0.0436285,0.047732,observed,1.0,0.603804,0.79308,False
259.0,12950,right,True,0.41272518038749695,0.6521552205085754,8.194724898658023e-08,-0.038170285522937775,0.07061450928449631,0.040885038673877716,0.0079928,0.0061213,observed,1.0,0.440692,0.558455,False
259.14,12957,left,True,0.6110326051712036,0.9000117778778076,-9.254539889980151e-08,0.007113018073141575,0.08569654077291489,0.025369850918650627,0.0177314,0.0469884,observed,1.0,0.603216,0.795306,False
259.14,12957,right,True,0.41438597440719604,0.6499015688896179,3.224617017849596e-08,-0.03850380331277847,0.06976667046546936,0.03804793953895569,0.0046609,0.0068782,observed,1.0,0.44322,0.554924,False
259.26,12963,left,True,0.6090618371963501,0.9153168797492981,-3.6108737333506724e-08,0.004748080857098103,0.08556761592626572,0.023824352771043777,0.0500889,0.0539823,observed,1.0,0.603665,0.807115,False
259.26,12963,right,True,0.4119763970375061,0.6498344540596008,3.511839707925901e-08,-0.042459018528461456,0.07367409020662308,0.03825206682085991,0.012758,0.0078552,observed,1.0,0.44182,0.556046,False
259.38,12969,left,True,0.599483072757721,0.8859554529190063,-1.5331570679677498e-08,0.004073433578014374,0.08797861635684967,0.005683616269379854,0.10568,0.0611928,observed,1.0,0.592476,0.779436,False
259.38,12969,right,True,0.4081608057022095,0.6463101506233215,5.3180642112238274e-08,-0.04016251489520073,0.06861445307731628,0.040200866758823395,0.0058569,0.0082819,observed,1.0,0.436756,0.551888,False
259.5,12975,left,True,0.6030622720718384,0.9033156037330627,-9.722066351969261e-08,0.002567172981798649,0.09480155259370804,0.016163697466254234,0.0671928,0.0590934,observed,1.0,0.598783,0.795278,False
259.5,12975,right,True,0.414980411529541,0.6484125852584839,3.5121704655693975e-08,-0.03872115537524223,0.07191584259271622,0.04444436728954315,0.011387,0.0086298,observed,1.0,0.443076,0.551787,False
259.64,12982,left,True,0.6014246940612793,0.8860125541687012,-9.418577917585935e-09,0.0019331378862261772,0.08990354090929031,0.024773159995675087,0.0370318,0.0403212,observed,1.0,0.596004,0.782865,False
259.64,12982,right,True,0.4158725440502167,0.6402208209037781,2.2912825414778126e-08,-0.03746015578508377,0.06753712147474289,0.038891155272722244,0.001824,0.011415,observed,1.0,0.445439,0.545215,False
259.76,12988,left,True,0.5978547930717468,0.8780254125595093,-1.0162726482576545e-07,-0.00019759871065616608,0.08328989893198013,0.020358670502901077,0.0284772,0.0271719,observed,1.0,0.593448,0.774251,False
259.76,12988,right,True,0.4158650040626526,0.6441743969917297,6.589096557263474e-08,-0.03682374581694603,0.06547766178846359,0.041231341660022736,0.0383907,0.0155915,observed,1.0,0.442282,0.552311,False
259.88,12994,left,True,0.5973791480064392,0.8739331960678101,-1.1813587263986847e-07,0.00015745405107736588,0.08690258115530014,0.02069396898150444,0.0019107,0.0217308,observed,1.0,0.592617,0.77098,False
259.88,12994,right,True,0.4172060787677765,0.6440746784210205,5.868053065682943e-08,-0.03480399772524834,0.06547051668167114,0.04389326646924019,0.0127547,0.0177278,observed,1.0,0.442599,0.55231,False
260.0,13000,left,True,0.5999548435211182,0.8713337182998657,-1.5125503693980136e-07,-0.0007227510213851929,0.08555237203836441,0.016931593418121338,0.017636,0.0183747,observed,1.0,0.596389,0.768492,False
260.0,13000,right,True,0.4176494777202606,0.6365774869918823,4.775587925109903e-08,-0.03629571571946144,0.062295202165842056,0.045048508793115616,0.0250054,0.0145563,observed,1.0,0.445538,0.542602,False
260.14,13007,left,True,0.6041170358657837,0.8916144967079163,-1.5215049131711567e-07,-0.00038848724216222763,0.08684200793504715,0.010796154849231243,0.0647066,0.0338878,observed,1.0,0.600146,0.78691,False
260.14,13007,right,True,0.4190743863582611,0.6372869610786438,7.025862913678793e-08,-0.038867365568876266,0.06790507584810257,0.0412772037088871,0.0020665,0.0079236,observed,1.0,0.44674,0.542997,False
260.26,13013,left,True,0.6058492064476013,0.8966767191886902,-1.0878500944500047e-07,0.0007627867162227631,0.08956851065158844,0.01760590821504593,0.0020119,0.0536995,observed,1.0,0.601908,0.792333,False
260.26,13013,right,True,0.42091330885887146,0.6408323049545288,3.536127124448285e-08,-0.04082063212990761,0.06782350689172745,0.04540238156914711,0.0061229,0.0074655,observed,1.0,0.450052,0.547545,False
260.38,13019,left,True,0.6065834164619446,0.8781450986862183,-8.366938430981463e-08,-0.00042802654206752777,0.0881274864077568,0.021759135648608208,0.0849194,0.0642365,observed,1.0,0.601672,0.775641,False
260.38,13019,right,True,0.4228975474834442,0.6464112997055054,6.213618064521143e-08,-0.040271904319524765,0.06727249175310135,0.04820326343178749,0.0105022,0.0089388,observed,1.0,0.451579,0.55451,False
260.5,13025,left,True,0.6056647896766663,0.8971635103225708,-1.427678171239677e-07,0.0014182878658175468,0.08477706462144852,0.019523758441209793,0.0685785,0.0573869,observed,1.0,0.60084,0.797261,False
260.5,13025,right,True,0.42429012060165405,0.6484729051589966,3.917137547659877e-08,-0.03669559583067894,0.060603294521570206,0.04569246992468834,0.0101747,0.0100396,observed,1.0,0.451714,0.557568,False
260.64,13032,left,True,0.6074440479278564,0.8998934030532837,-7.7724116920308e-08,0.000809159129858017,0.0866822674870491,0.01916905678808689,0.0098825,0.0312312,observed,1.0,0.603102,0.798874,False
260.64,13032,right,True,0.4235014021396637,0.6503476500511169,4.076753867821026e-08,-0.03754262253642082,0.06754283607006073,0.041283056139945984,0.0120296,0.0093188,observed,1.0,0.450428,0.55887,False
260.76,13038,left,True,0.6034300327301025,0.8964583873748779,-6.486770587343926e-08,0.004003257490694523,0.0870821624994278,0.02498999983072281,0.0210446,0.0201116,observed,1.0,0.599019,0.797744,False
260.76,13038,right,True,0.42264360189437866,0.6513647437095642,4.635876038605602e-08,-0.03796160966157913,0.06657934188842773,0.04016372933983803,0.0018855,0.0081478,observed,1.0,0.449358,0.559775,False
260.88,13044,left,True,0.6034170389175415,0.9047563672065735,-4.8699067889401704e-08,-0.0005044741556048393,0.08985874056816101,0.02545911632478237,0.0183147,0.0211106,observed,1.0,0.600267,0.802789,False
260.88,13044,right,True,0.4247405529022217,0.6523557305335999,3.440646167973682e-08,-0.03774343058466911,0.06483153998851776,0.048949532210826874,0.0074332,0.0076125,observed,1.0,0.451607,0.560238,False
261.0,13050,left,True,0.6003608107566833,0.8996416330337524,-1.23778463034796e-07,-0.0015339665114879608,0.08923954516649246,0.027093645185232162,0.0242976,0.0228283,observed,1.0,0.597864,0.799841,False
261.0,13050,right,True,0.4244265556335449,0.6562690734863281,1.8183644812097555e-08,-0.03426116704940796,0.0607476606965065,0.04784058406949043,0.0125909,0.0073124,observed,1.0,0.449149,0.565909,False
261.14,13057,left,True,0.5989983081817627,0.9076756238937378,-1.3718702973619656e-07,-0.0025916220620274544,0.09148156642913818,0.013842546381056309,0.0240275,0.0238819,observed,1.0,0.596075,0.807255,False
261.14,13057,right,True,0.42474672198295593,0.6643111705780029,4.2130285038410875e-08,-0.03518503159284592,0.06840735673904419,0.044602248817682266,0.0069076,0.0068989,observed,1.0,0.449971,0.571845,False
261.26,13063,left,True,0.6030822992324829,0.910293459892273,-1.0166657915533506e-07,-0.0026442892849445343,0.08978551626205444,0.020656434819102287,0.0218909,0.0233034,observed,1.0,0.60022,0.812712,False
261.26,13063,right,True,0.4272798001766205,0.6658443808555603,5.9604257529599636e-08,-0.03423069044947624,0.06425909698009491,0.049335308372974396,0.0050069,0.0066251,observed,1.0,0.451509,0.573136,False
261.38,13069,left,True,0.596981406211853,0.9213181734085083,-7.639256693892094e-08,-0.002251959405839443,0.089454285800457,0.013355273753404617,0.0467411,0.0224784,observed,1.0,0.595349,0.824284,False
261.38,13069,right,True,0.4278787076473236,0.6715872287750244,5.246834078320717e-08,-0.03188212960958481,0.061394598335027695,0.04839116334915161,0.0104992,0.0069705,observed,1.0,0.450952,0.579866,False
261.5,13075,left,True,0.5993779301643372,0.9162668585777283,-6.842613231583528e-08,0.00035590073093771935,0.08536975830793381,0.01788317784667015,0.0193114,0.0217597,observed,1.0,0.595907,0.816759,False
261.5,13075,right,True,0.42859742045402527,0.6697931289672852,4.888665117164237e-08,-0.03228026628494263,0.06063948944211006,0.049118999391794205,0.0024297,0.0067898,observed,1.0,0.451722,0.578381,False
261.64,13082,left,True,0.6001787781715393,0.9135556817054749,-5.50382814878958e-08,0.0003680866211652756,0.08489564806222916,0.02017104998230934,0.0214716,0.0284959,observed,1.0,0.597004,0.814056,False
261.64,13082,right,True,0.42799246311187744,0.6745496988296509,1.9246883198320575e-08,-0.03153637424111366,0.061972685158252716,0.04279469698667526,0.0101621,0.004297,observed,1.0,0.450835,0.584419,False
261.76,13088,left,True,0.6011581420898438,0.9200020432472229,-8.232979098465876e-08,-0.003918477334082127,0.09253201633691788,0.01883953996002674,0.0352564,0.0449083,observed,1.0,0.59866,0.821885,False
261.76,13088,right,True,0.42694154381752014,0.6773005127906799,3.3886024652929336e-08,-0.03293143957853317,0.06301122903823853,0.045235443860292435,0.0025462,0.0026827,observed,1.0,0.450306,0.585918,False
261.88,13094,left,True,0.6115531325340271,0.9504140615463257,-1.4964231809244666e-07,0.0019205049611628056,0.085114486515522,0.01048289705067873,0.1195994,0.0656348,observed,1.0,0.607856,0.850163,False
261.88,13094,right,True,0.42864155769348145,0.6799339056015015,4.674568643281418e-08,-0.0320020467042923,0.06296250969171524,0.04811684787273407,0.0019372,0.00309,observed,1.0,0.451619,0.588004,False
262.0,13100,left,True,0.6096814870834351,0.9352481961250305,-7.875198093643121e-08,0.003775019198656082,0.0906684622168541,0.021388648077845573,0.0696273,0.0863638,observed,1.0,0.603981,0.835668,False
262.0,13100,right,True,0.4292144179344177,0.6812615394592285,2.1356740376177186e-08,-0.02954723872244358,0.055416449904441833,0.044427309185266495,0.0114728,0.004171,observed,1.0,0.451534,0.591074,False
262.14,13107,left,True,0.6040418744087219,0.9091285467147827,-4.06615505710306e-08,0.0049951449036598206,0.08726753294467926,0.01180998794734478,0.1007676,0.0945694,observed,1.0,0.598331,0.806989,False
262.14,13107,right,True,0.4274829924106598,0.6827610731124878,6.326862944661116e-08,-0.03249369561672211,0.0650748685002327,0.04354190081357956,0.0046324,0.0056358,observed,1.0,0.449596,0.591531,False
262.26,13113,left,True,0.6063306927680969,0.9363900423049927,-1.4067329345834878e-07,0.0025624632835388184,0.09008762240409851,0.02170117199420929,0.0943104,0.087717,observed,1.0,0.602353,0.836526,False
262.26,13113,right,True,0.42814549803733826,0.6898307204246521,1.1915401110229595e-08,-0.030505431815981865,0.05723680183291435,0.045486561954021454,0.0057078,0.0065462,observed,1.0,0.450885,0.598499,False
262.38,13119,left,True,0.6067143082618713,0.9235227108001709,-9.005545820173211e-08,7.748790085315704e-05,0.08492245525121689,0.018070105463266373,0.0651804,0.0792856,observed,1.0,0.602132,0.823406,False
262.38,13119,right,True,0.431024968624115,0.6908236145973206,1.652618486502888e-08,-0.03292578086256981,0.05822422727942467,0.046783849596977234,0.0117576,0.0074405,observed,1.0,0.453129,0.59815,False
262.5,13125,left,True,0.6111711859703064,0.9486764073371887,-8.582534860579472e-08,0.0021037403494119644,0.09351985901594162,0.009605538100004196,0.0763271,0.0699394,observed,1.0,0.606747,0.847328,False
262.5,13125,right,True,0.43389973044395447,0.6963803172111511,3.098976719684288e-08,-0.031425632536411285,0.06010456010699272,0.0493236668407917,0.0082789,0.0081037,observed,1.0,0.456383,0.60466,False
262.64,13132,left,True,0.6092967391014099,0.9370779395103455,-6.669474572618128e-08,0.00515865720808506,0.08765334635972977,0.021674979478120804,0.0529804,0.0590104,observed,1.0,0.602931,0.835614,False
262.64,13132,right,True,0.43331316113471985,0.6976704001426697,1.3943847854136493e-08,-0.030229592695832253,0.05392668396234512,0.04829835146665573,0.0038805,0.007603,observed,1.0,0.455275,0.6071,False
262.76,13138,left,True,0.616482138633728,0.962997317314148,-7.474047691857777e-08,0.004527122713625431,0.09579061716794968,0.010831122286617756,0.0640819,0.048358,observed,1.0,0.611392,0.862033,False
262.76,13138,right,True,0.4413164556026459,0.7078394889831543,3.2936462446286896e-08,-0.03119846247136593,0.058034855872392654,0.05018802359700203,0.0103862,0.0068924,observed,1.0,0.46504,0.619022,False
262.88,13144,left,True,0.6154037117958069,0.957923948764801,-3.423051353479423e-08,0.0001266784965991974,0.08937153965234756,0.024728253483772278,0.0301859,0.0380138,observed,1.0,0.612525,0.86058,False
262.88,13144,right,True,0.4479120969772339,0.7118054628372192,6.572869182264185e-08,-0.032218001782894135,0.06066279485821724,0.051996052265167236,0.0061375,0.0065895,observed,1.0,0.470353,0.621212,False
263.0,13150,left,True,0.6212388277053833,0.971000075340271,1.041400654600011e-08,-0.0011362936347723007,0.09582311660051346,0.016940735280513763,0.0289147,0.0299937,observed,1.0,0.616374,0.871106,False
263.0,13150,right,True,0.4504675269126892,0.713135838508606,4.2223081919701144e-08,-0.03317590057849884,0.05854806303977966,0.05328437685966492,0.0068922,0.0062458,observed,1.0,0.472975,0.624087,False
263.14,13157,left,True,0.6176059246063232,0.9739317297935486,-1.1544798006468682e-08,0.0012713177129626274,0.09277311712503433,0.023648640140891075,0.0249735,0.0273266,observed,1.0,0.612693,0.875365,False
263.14,13157,right,True,0.45077285170555115,0.7194336652755737,-7.006292435107753e-09,-0.033110372722148895,0.05740877240896225,0.0500989705324173,0.0024555,0.0087124,observed,1.0,0.473579,0.630532,False
263.26,13163,left,True,0.6176046133041382,0.9706035256385803,1.3943568966112707e-08,0.005782503169029951,0.08995309472084045,0.03298911452293396,0.0191677,0.0318981,observed,1.0,0.611656,0.874108,False
263.26,13163,right,True,0.4481719434261322,0.7185627222061157,-1.2179507180576365e-08,-0.03592780604958534,0.05637971684336662,0.0450984351336956,0.0057173,0.020307,observed,1.0,0.472241,0.631229,False
263.38,13169,left,True,0.6302065253257751,0.9688290357589722,-1.8516432476189948e-07,0.024631304666399956,0.07622960209846497,0.04299796745181084,0.0462088,0.0392842,observed,1.0,0.609729,0.873496,False
263.38,13169,right,True,0.4464453458786011,0.7100481390953064,-1.6871759545011855e-09,-0.03971962630748749,0.05759033188223839,0.0436989888548851,0.0720356,0.0372493,observed,1.0,0.473239,0.626377,False
263.5,13175,left,True,0.6194366216659546,0.9671236872673035,2.7452548678752464e-08,0.00989639014005661,0.0928913950920105,0.03276209160685539,0.055025,0.0409195,observed,1.0,0.611478,0.868315,False
263.5,13175,right,True,0.444232702255249,0.7008759379386902,-1.1129126953335344e-08,-0.04384491220116615,0.06684868782758713,0.04330240562558174,0.0482523,0.0500883,observed,1.0,0.47131,0.61596,False
263.64,13182,left,True,0.6109065413475037,0.9659771919250488,-6.339564606605563e-08,0.003780159167945385,0.08702359348535538,0.020585963502526283,0.0150409,0.0300014,observed,1.0,0.605849,0.865356,False
263.64,13182,right,True,0.43159034848213196,0.7053941488265991,3.6267632452791077e-08,-0.039020802825689316,0.06598353385925293,0.03330818936228752,0.0592514,0.0459562,observed,1.0,0.456901,0.61968,False
263.76,13188,left,True,0.6036924719810486,0.96880042552948,-1.0878842005013212e-07,0.00024279393255710602,0.09075605869293213,0.010427914559841156,0.0294956,0.0235221,observed,1.0,0.601668,0.867368,False
263.76,13188,right,True,0.4262133836746216,0.7065482139587402,7.706558591280555e-08,-0.0342305526137352,0.06327660381793976,0.03650958836078644,0.0368352,0.0352807,observed,1.0,0.449483,0.618708,False
263.88,13194,left,True,0.6056313514709473,0.9728206396102905,-7.538997692790872e-08,-0.0010131075978279114,0.09266789257526398,0.021848788484930992,0.0182177,0.0238424,observed,1.0,0.603805,0.871115,False
263.88,13194,right,True,0.42955487966537476,0.7057487964630127,5.888265164344375e-08,-0.031515613198280334,0.06671938300132751,0.046154316514730453,0.0212956,0.0282189,observed,1.0,0.451878,0.613088,False
264.0,13200,left,True,0.6052244901657104,0.9806063771247864,-9.077217555386596e-08,-0.002449905499815941,0.09438271075487137,0.013484611175954342,0.0254691,0.0282699,observed,1.0,0.604433,0.879206,False
264.0,13200,right,True,0.4287370443344116,0.7118619680404663,9.20910459001334e-09,-0.026632878929376602,0.05997603386640549,0.03650305047631264,0.0229414,0.0238882,observed,1.0,0.450275,0.620245,False
264.14,13207,left,True,0.602555513381958,0.9924678206443787,-8.147342356323861e-08,-0.0043076504953205585,0.09327608346939087,0.01457071490585804,0.0398014,0.0361647,observed,1.0,0.603496,0.892873,False
264.14,13207,right,True,0.4305048882961273,0.7208802700042725,4.445539492081707e-09,-0.027235422283411026,0.05871392786502838,0.047436002641916275,0.0247084,0.0202974,observed,1.0,0.451531,0.626887,False
264.26,13213,left,True,0.5987300872802734,0.97464919090271,-4.4037264501639584e-08,0.00203320593573153,0.09335708618164062,0.01338180061429739,0.1003713,0.0380012,observed,1.0,0.594874,0.872001,False
264.26,13213,right,True,0.4293055236339569,0.7253215312957764,4.338680525961536e-08,-0.027555253356695175,0.06463254243135452,0.043632954359054565,0.015157,0.0169849,observed,1.0,0.449788,0.628652,False
264.38,13219,left,True,0.6027083992958069,0.9749594330787659,-1.5832074495847337e-07,-0.000725969672203064,0.09614600241184235,0.01085692085325718,0.0322691,0.0357653,observed,1.0,0.601361,0.870635,False
264.38,13219,right,True,0.4294838607311249,0.7259188294410706,2.8080949121545018e-08,-0.0293828547000885,0.06070612743496895,0.04871166869997978,0.0120819,0.0148647,observed,1.0,0.450668,0.630613,False
264.5,13225,left,True,0.6029629111289978,0.9830648303031921,-5.6701459527630504e-08,-0.0014155963435769081,0.09740811586380005,0.013527341187000275,0.0347856,0.0340442,observed,1.0,0.601247,0.880554,False
264.5,13225,right,True,0.4316311180591583,0.7293142080307007,3.070618248557366e-08,-0.026749804615974426,0.059986140578985214,0.05102001130580902,0.0173096,0.0131225,observed,1.0,0.451683,0.635209,False
264.64,13232,left,True,0.6041179299354553,0.9834604263305664,-5.301926364609244e-08,-0.001727529801428318,0.09605426341295242,0.010774867609143257,0.0059261,0.0373754,observed,1.0,0.603779,0.880676,False
264.64,13232,right,True,0.43377766013145447,0.7291564345359802,1.0241112402553654e-09,-0.029855214059352875,0.05714930221438408,0.05407416820526123,0.003695,0.0112427,observed,1.0,0.454084,0.63591,False
264.76,13238,left,True,0.6042569875717163,0.9949450492858887,-3.7537311925461836e-08,-0.00325748510658741,0.09761933237314224,0.01695169322192669,0.0441134,0.0404295,observed,1.0,0.60247,0.892283,False
264.76,13238,right,True,0.43557798862457275,0.7322096824645996,-2.2117989217917966e-08,-0.029246345162391663,0.06016692519187927,0.05246182531118393,0.0120651,0.0098971,observed,1.0,0.455706,0.638738,False
264.88,13244,left,True,0.6029142737388611,0.9766921997070312,-6.559988552368168e-09,0.0008633402176201344,0.10120903700590134,0.011592566967010498,0.0520347,0.0385127,observed,1.0,0.600978,0.875921,False
264.88,13244,right,True,0.4356730580329895,0.7289323210716248,6.15720949781462e-08,-0.026825817301869392,0.059189438819885254,0.052880436182022095,0.0096326,0.0083192,observed,1.0,0.454453,0.635401,False
265.0,13250,left,True,0.6037784218788147,0.97088623046875,-6.322088808019544e-08,0.0015756008215248585,0.09067819267511368,0.014983702450990677,0.0120096,0.0314712,observed,1.0,0.601205,0.870304,False
265.0,13250,right,True,0.435280978679657,0.7268164157867432,5.535511249377123e-08,-0.02662956342101097,0.056167349219322205,0.0519096814095974,0.0039835,0.0059023,observed,1.0,0.454494,0.632835,False
265.14,13257,left,True,0.605549693107605,0.9771497249603271,-1.4232237610656284e-08,0.00011741090565919876,0.09839218854904175,0.028423555195331573,0.0249684,0.0515597,observed,1.0,0.602535,0.874829,False
265.14,13257,right,True,0.43619680404663086,0.7251471877098083,2.5861453423203784e-08,-0.025314968079328537,0.0549791194498539,0.051919545978307724,0.0033093,0.007529,observed,1.0,0.454705,0.6313,False
265.26,13263,left,True,0.6175121068954468,0.986354410648346,-9.113691135098634e-08,-0.0021259598433971405,0.08859168738126755,0.018279345706105232,0.1120397,0.0793797,observed,1.0,0.616527,0.882388,False
265.26,13263,right,True,0.4359799027442932,0.7259719371795654,-8.525595340813652e-09,-0.026922151446342468,0.056760914623737335,0.050253044813871384,0.013671,0.0123725,observed,1.0,0.455494,0.63116,False
265.38,13269,left,True,0.631203293800354,0.9877548813819885,-5.35141317925536e-08,-0.0011902926489710808,0.0915822684764862,0.01417061872780323,0.1032564,0.0843099,observed,1.0,0.630167,0.88249,False
265.38,13269,right,True,0.4361526072025299,0.7277154922485352,9.182192428625058e-08,-0.024144109338521957,0.06007983908057213,0.05230493098497391,0.0175094,0.0155844,observed,1.0,0.454552,0.633874,False
265.5,13275,left,True,0.6283385753631592,0.9851706027984619,-1.114424730275232e-08,0.00020864931866526604,0.08961664885282516,0.027524307370185852,0.0106471,0.0682343,observed,1.0,0.627447,0.880379,False
265.5,13275,right,True,0.431212842464447,0.725982129573822,1.5182114054823614e-07,-0.021530400961637497,0.05549831688404083,0.05094953626394272,0.0174136,0.0493345,observed,1.0,0.448488,0.633211,False
265.64,13282,left,True,0.6211753487586975,0.9856300950050354,-5.3871072935862685e-08,0.004146406427025795,0.08606848865747452,0.007273408118635416,0.0502199,0.0505218,observed,1.0,0.618183,0.876377,False
265.64,13282,right,True,0.428425133228302,0.6910485029220581,2.8955076913916855e-07,-0.029025616124272346,0.08190348744392395,0.04455309733748436,0.1571938,0.1203967,observed,1.0,0.446637,0.58841,False
265.76,13288,left,True,0.6234285831451416,0.9728693962097168,-1.4023616756730917e-07,-0.0041202278807759285,0.08688250929117203,0.008680883795022964,0.0727451,0.0504945,observed,1.0,0.624653,0.864813,False
265.76,13288,right,True,0.4301435947418213,0.656383216381073,1.196026886418622e-07,-0.036937959492206573,0.07751637697219849,0.04467757046222687,0.164309,0.1347777,observed,1.0,0.458012,0.555304,False
265.88,13294,left,True,0.6302502751350403,0.9750163555145264,-1.3576132573689392e-07,-0.002016620244830847,0.08432607352733612,0.017183389514684677,0.0367678,0.0485439,observed,1.0,0.628053,0.864734,False
265.88,13294,right,True,0.43450653553009033,0.6590328216552734,1.1894990770144886e-08,-0.040433142334222794,0.0634637400507927,0.03450005128979683,0.0884514,0.1108674,observed,1.0,0.4683,0.561559,False
266.0,13300,left,True,0.6218765377998352,0.9718499183654785,-1.1979048508692358e-07,0.0037271783221513033,0.08081042021512985,0.01124648842960596,0.0546494,0.0466505,observed,1.0,0.615584,0.861168,False
266.0,13300,right,True,0.4284560978412628,0.6800392270088196,-3.549633476040981e-08,-0.04028920456767082,0.06490509957075119,0.030654409900307655,0.0679798,0.0977598,observed,1.0,0.459937,0.582532,False
266.14,13307,left,True,0.6149049997329712,0.9697475433349609,-1.917024405884149e-07,-0.000384259968996048,0.08642125129699707,0.017260832712054253,0.0278692,0.0452363,observed,1.0,0.615174,0.861536,False
266.14,13307,right,True,0.4098554253578186,0.6908667683601379,9.958394997511277e-08,-0.032641440629959106,0.07208618521690369,0.04435749351978302,0.1395616,0.1123571,observed,1.0,0.432932,0.592045,False
266.26,13313,left,True,0.6179075837135315,0.9819060564041138,-1.9087676150775224e-07,-0.0020520188845694065,0.08529823273420334,0.007226434536278248,0.0734473,0.0435673,observed,1.0,0.620069,0.872025,False
266.26,13313,right,True,0.4079629182815552,0.6816068291664124,2.429235905765381e-07,-0.01607397198677063,0.06950169056653976,0.049037568271160126,0.108565,0.118757,observed,1.0,0.419602,0.574705,False
266.38,13319,left,True,0.6201289296150208,0.9920077323913574,-1.4591049080081575e-07,-0.0021133157424628735,0.08744669705629349,0.018698519095778465,0.0385209,0.0413167,observed,1.0,0.620931,0.878485,False
266.38,13319,right,True,0.42356786131858826,0.6767535209655762,2.522218665035325e-07,-0.028574470430612564,0.04795349761843681,0.030569907277822495,0.2098067,0.1062165,observed,1.0,0.44561,0.583106,False
266.5,13325,left,True,0.6187140345573425,0.9996112585067749,-1.2029555307435658e-07,-0.0002642497420310974,0.09044152498245239,0.020261390134692192,0.0411038,0.0599332,observed,1.0,0.621002,0.885622,False
266.5,13325,right,True,0.42854490876197815,0.6667220592498779,1.7488837045220862e-07,-0.028962381184101105,0.052640650421381,0.015850285068154335,0.0646794,0.0842595,observed,1.0,0.450556,0.57633,False
266.64,13332,left,True,0.6226069927215576,1.030045509338379,-1.4354166921748401e-07,0.002768927253782749,0.09096743166446686,0.026588838547468185,0.123774,0.1022818,observed,1.0,0.624362,0.916057,False
266.64,13332,right,True,0.4217975437641144,0.6473959684371948,2.1697765362205246e-07,-0.04026702418923378,0.06395138800144196,0.021229179576039314,0.0685587,0.0715455,observed,1.0,0.446526,0.557456,False
266.76,13338,left,True,0.620694637298584,1.0555152893066406,-8.489435998626504e-08,-0.0021039466373622417,0.0833527073264122,0.03415769711136818,0.1310742,0.1118741,observed,1.0,0.627921,0.943821,False
266.76,13338,right,True,0.41827377676963806,0.6311584711074829,2.129835792175072e-07,-0.03793293610215187,0.0671178326010704,0.024008335545659065,0.0724259,0.0817968,observed,1.0,0.441848,0.539566,False
266.88,13344,left,True,0.6314258575439453,1.0580519437789917,-4.755083082841338e-08,-0.0014737715246155858,0.08416832238435745,0.036276768893003464,0.042085,0.099181,observed,1.0,0.631802,0.946245,False
266.88,13344,right,True,0.40899088978767395,0.6140467524528503,2.921412658452027e-07,-0.025357874110341072,0.05657932907342911,0.040537357330322266,0.1332402,0.098172,observed,1.0,0.425978,0.517775,False
267.0,13350,left,True,0.6278012990951538,1.036129117012024,-5.789097201613913e-09,0.006834814790636301,0.08374085277318954,0.02264273539185524,0.0872811,0.0910252,observed,1.0,0.624861,0.926712,False
267.0,13350,right,True,0.39456769824028015,0.6120021939277649,1.52301964817525e-07,-0.024323666468262672,0.06133865937590599,0.04838821291923523,0.0969798,0.1369802,observed,1.0,0.413715,0.507779,False
267.14,13357,left,True,0.6167917847633362,1.0005486011505127,-4.7942556591351604e-08,0.008944225497543812,0.09257999062538147,0.0007819580496288836,0.1741402,0.0947824,observed,1.0,0.610701,0.88684,False
267.14,13357,right,True,0.3895000219345093,0.6605981588363647,-7.721690842288353e-09,-0.04978416860103607,0.06445703655481339,0.04982733353972435,0.2103597,0.1842749,observed,1.0,0.425693,0.564846,False
267.26,13363,left,True,0.612116813659668,0.9832521080970764,-1.4582083451841754e-07,0.010588621720671654,0.08719958364963531,-0.003213397692888975,0.0927503,0.0983844,observed,1.0,0.605832,0.869588,False
267.26,13363,right,True,0.3888663649559021,0.7120335698127747,8.838357956619802e-08,-0.051938917487859726,0.059170521795749664,0.03848429024219513,0.2348557,0.1703767,observed,1.0,0.427412,0.622948,False
267.38,13369,left,True,0.6049597859382629,0.9843716621398926,-1.6651829071179236e-07,0.013891168870031834,0.07911287993192673,-0.001541993930004537,0.1048653,0.098409,observed,1.0,0.596809,0.88186,False
267.38,13369,right,True,0.3896825611591339,0.7345554232597351,1.324071376984648e-07,-0.04805979132652283,0.0579192079603672,0.03523656725883484,0.0877454,0.1277284,observed,1.0,0.427383,0.644785,False
267.5,13375,left,True,0.6137700080871582,0.9715775847434998,-1.7258726359159482e-07,0.013086270540952682,0.07923891395330429,0.0047983890399336815,0.0257418,0.0937235,observed,1.0,0.604435,0.869391,False
267.5,13375,right,True,0.3934074640274048,0.7187240123748779,1.9658017436086084e-07,-0.05454792082309723,0.06255372613668442,0.03626551106572151,0.0341324,0.0938625,observed,1.0,0.432292,0.629426,False
267.64,13382,left,True,0.626294732093811,0.9465009570121765,-1.338689799013082e-07,0.02067297324538231,0.08625759929418564,-0.0007693824009038508,0.1023441,0.0864403,observed,1.0,0.612734,0.834897,False
267.64,13382,right,True,0.3941718339920044,0.6869267225265503,2.418877329546376e-07,-0.04658633470535278,0.056438349187374115,0.0415765754878521,0.0912646,0.0838465,observed,1.0,0.431394,0.5953,False
267.76,13388,left,True,0.6191813945770264,0.96027672290802,-1.490676453386186e-07,0.02070535346865654,0.08386275172233582,0.004567272495478392,0.0754295,0.0839327,observed,1.0,0.602244,0.843145,False
267.76,13388,right,True,0.3870336711406708,0.6960617899894714,2.0334086059392575e-07,-0.04307655617594719,0.056150875985622406,0.04288517311215401,0.0780091,0.0810073,observed,1.0,0.419486,0.604744,False
267.88,13394,left,True,0.6109622716903687,0.9724629521369934,-1.8184847760949197e-07,0.014487836509943008,0.0831669494509697,-0.005187720991671085,0.093194,0.0846907,observed,1.0,0.600135,0.864577,False
267.88,13394,right,True,0.38792726397514343,0.7251172661781311,1.5382491369564377e-07,-0.042991336435079575,0.05533967167139053,0.04400605708360672,0.1333868,0.0715846,observed,1.0,0.420793,0.63775,False
268.0,13400,left,True,0.6186351776123047,0.9580075144767761,-1.9140833273922908e-07,0.014064297080039978,0.07845620810985565,0.001761418185196817,0.0458869,0.1080809,observed,1.0,0.608033,0.849505,False
268.0,13400,right,True,0.39388978481292725,0.7159270644187927,2.1933372806870466e-07,-0.044569604098796844,0.056830521672964096,0.04401100054383278,0.0193182,0.0506729,observed,1.0,0.426845,0.626689,False
268.14,13407,left,True,0.6514690518379211,0.929749071598053,-8.926996741820403e-08,0.023280451074242592,0.08009520918130875,0.001401894842274487,0.2002015,0.1539301,observed,1.0,0.630342,0.805333,False
268.14,13407,right,True,0.4025866985321045,0.7110939025878906,2.3019703121462953e-07,-0.04232250526547432,0.06243596225976944,0.043393053114414215,0.0401073,0.0331426,observed,1.0,0.433256,0.617877,False
268.26,13413,left,True,0.6370517611503601,0.9534744620323181,-2.2495333951155772e-07,0.017315730452537537,0.07090060412883759,0.0028928997926414013,0.17893,0.1522977,observed,1.0,0.622557,0.844881,False
268.26,13413,right,True,0.4031076729297638,0.7160528898239136,1.9554254038212093e-07,-0.04251910001039505,0.061950188130140305,0.039716724306344986,0.0261385,0.0332976,observed,1.0,0.433205,0.623994,False
268.38,13419,left,True,0.6377566456794739,0.955082893371582,-1.957590143319976e-07,0.014234231784939766,0.07695215195417404,-0.00017240809393115342,0.0204229,0.1213588,observed,1.0,0.622397,0.844153,False
268.38,13419,right,True,0.40807315707206726,0.7247025370597839,1.8031340687230113e-07,-0.042615171521902084,0.06231404468417168,0.03740578144788742,0.0473325,0.0353042,observed,1.0,0.438437,0.6346,False
268.5,13425,left,True,0.6457311511039734,0.9328374862670898,-1.9790940086750197e-07,0.023148367181420326,0.08061634004116058,-0.0014086366863921285,0.1013053,0.0979106,observed,1.0,0.629408,0.817773,False
268.5,13425,right,True,0.4108746349811554,0.7161813974380493,2.10729197647197e-07,-0.04218393564224243,0.06626185774803162,0.040234822779893875,0.0220215,0.0458498,observed,1.0,0.439245,0.6253,False
268.64,13432,left,True,0.6435261964797974,0.9432550668716431,-1.5756137372591184e-07,0.014659889042377472,0.07826895266771317,0.009886994026601315,0.08113,0.0895062,observed,1.0,0.630392,0.836117,False
268.64,13432,right,True,0.41117292642593384,0.7390316724777222,1.4683025995054777e-07,-0.04309995099902153,0.06455203145742416,0.04649566113948822,0.082124,0.0618345,observed,1.0,0.441862,0.646814,False
268.76,13438,left,True,0.6596760153770447,0.9258241653442383,-1.69003030237036e-07,0.017785213887691498,0.08094488829374313,0.0036905212327837944,0.2168632,0.0849141,observed,1.0,0.645858,0.808373,False
268.76,13438,right,True,0.4137340486049652,0.7349797487258911,1.8234865706290293e-07,-0.04010894149541855,0.06291309744119644,0.04205112159252167,0.0680557,0.0610833,observed,1.0,0.441737,0.641471,False
268.88,13444,left,True,0.649437665939331,0.9311922788619995,-1.554908521939069e-07,0.020858503878116608,0.08726908266544342,0.006577037740498781,0.0684321,0.0794018,observed,1.0,0.629645,0.817634,False
268.88,13444,right,True,0.41542595624923706,0.7355059385299683,1.565196043884498e-07,-0.038583721965551376,0.06388762593269348,0.04156747832894325,0.0466738,0.0536462,observed,1.0,0.441948,0.642324,False
269.0,13450,left,True,0.6376455426216125,0.9486366510391235,-1.4009394533331943e-07,0.018047919496893883,0.07301105558872223,0.0035776635631918907,0.0766069,0.0769152,observed,1.0,0.621116,0.842204,False
269.0,13450,right,True,0.41622674465179443,0.7376762628555298,1.6289162374505395e-07,-0.03931521996855736,0.05965835601091385,0.04423545300960541,0.0384716,0.0462452,observed,1.0,0.443951,0.648115,False
269.14,13457,left,True,0.6600151658058167,0.8971887826919556,-1.281262314023479e-07,0.022235065698623657,0.08638939261436462,-0.006726027932018042,0.2925733,0.0767589,observed,1.0,0.640388,0.773317,False
269.14,13457,right,True,0.4128439426422119,0.7180418968200684,2.1587784715393354e-07,-0.04171086475253105,0.06768761575222015,0.04556923732161522,0.0855308,0.0440872,observed,1.0,0.44199,0.626277,False
269.26,13463,left,True,0.650955319404602,0.8957198858261108,-2.192110315490936e-07,0.01937377266585827,0.07119028270244598,-0.0006404208834283054,0.0496719,0.0759459,observed,1.0,0.634328,0.788345,False
269.26,13463,right,True,0.4122554659843445,0.7268732190132141,1.4552449556504143e-07,-0.03994537144899368,0.0677637830376625,0.03965079039335251,0.0236474,0.0412002,observed,1.0,0.439007,0.637152,False
269.38,13469,left,True,0.6779967546463013,0.8869773149490356,-1.6056462470714905e-07,0.042429037392139435,0.08278597146272659,-0.027329837903380394,0.0788256,0.0750319,observed,1.0,0.643814,0.780431,False
269.38,13469,right,True,0.42545580863952637,0.73273766040802,1.5682876153277903e-07,-0.03734370693564415,0.059725821018218994,0.04298294708132744,0.0559297,0.0344192,observed,1.0,0.452527,0.645397,False
269.5,13475,left,True,0.6824280619621277,0.8878862261772156,-2.1107305769874074e-07,0.028724923729896545,0.08561248332262039,-0.005701854359358549,0.0699967,0.0799512,observed,1.0,0.659685,0.780398,False
269.5,13475,right,True,0.4333672821521759,0.7300660610198975,1.6161440896667045e-07,-0.03660721331834793,0.06446723639965057,0.03982658311724663,0.0073906,0.0256097,observed,1.0,0.459524,0.639619,False
269.64,13482,left,True,0.6986912488937378,0.8867078423500061,-2.137443004812667e-07,0.023694133386015892,0.07341543585062027,-0.001294633955694735,0.0941492,0.0970433,observed,1.0,0.677854,0.775239,False
269.64,13482,right,True,0.4457103908061981,0.7306532859802246,1.8054601014227956e-07,-0.040746189653873444,0.07191120088100433,0.0402960330247879,0.0289686,0.0213536,observed,1.0,0.471605,0.639533,False
269.76,13488,left,True,0.6772090196609497,0.9166113138198853,-1.38310610964254e-07,0.020938925445079803,0.08160215616226196,0.0170609001070261,0.2079787,0.1206995,observed,1.0,0.658597,0.814322,False
269.76,13488,right,True,0.44141483306884766,0.7225096821784973,1.7091517179324e-07,-0.03678826242685318,0.06269286572933197,0.03970034793019295,0.0126508,0.0234286,observed,1.0,0.467383,0.634899,False
269.88,13494,left,True,0.6741487383842468,0.9282069802284241,-1.488461975895916e-07,0.016017049551010132,0.08439532667398453,0.016860147938132286,0.0063161,0.1410487,observed,1.0,0.659672,0.817964,False
269.88,13494,right,True,0.4457964301109314,0.7233037352561951,1.7149640996194648e-07,-0.0436437614262104,0.0707586407661438,0.041024379432201385,0.0272285,0.0262748,observed,1.0,0.473135,0.633881,False
270.0,13500,left,True,0.6490184664726257,0.949398934841156,-1.272001100005582e-07,0.011832733638584614,0.06559564173221588,0.0042680311016738415,0.1883159,0.1399465,observed,1.0,0.63494,0.843504,False
270.0,13500,right,True,0.43319737911224365,0.7187277674674988,1.6750702513945726e-07,-0.04297061637043953,0.055814992636442184,0.043351493775844574,0.0295211,0.0266798,observed,1.0,0.4635,0.634352,False
270.14,13507,left,True,0.627936840057373,0.9664069414138794,-9.665313172035894e-08,0.01094798929989338,0.07858433574438095,0.0024196782615035772,0.1247842,0.1249897,observed,1.0,0.619259,0.860746,False
270.14,13507,right,True,0.43456873297691345,0.7147467732429504,1.7799690965603077e-07,-0.037814415991306305,0.05187157541513443,0.04188617318868637,0.0163653,0.0255299,observed,1.0,0.4633,0.629795,False
270.26,13513,left,True,0.6454702019691467,0.9510801434516907,-1.2092660028883984e-07,0.015717903152108192,0.08689964562654495,-0.0036953117232769728,0.0809485,0.1273209,observed,1.0,0.627968,0.839637,False
270.26,13513,right,True,0.43579840660095215,0.7079653739929199,1.6416406367625314e-07,-0.04339883103966713,0.06220458075404167,0.03964418172836304,0.0248416,0.0255093,observed,1.0,0.466206,0.622824,False
270.38,13519,left,True,0.6058955788612366,0.9533007144927979,-1.245696807927743e-07,0.014478856697678566,0.08756990730762482,-0.001671163598075509,0.1515458,0.133006,observed,1.0,0.595566,0.841964,False
270.38,13519,right,True,0.40586021542549133,0.7028982639312744,1.6557673632178194e-07,-0.048307862132787704,0.0655738115310669,0.033229708671569824,0.0612295,0.0262215,observed,1.0,0.438984,0.617995,False
270.5,13525,left,True,0.5978955626487732,0.9235935211181641,-2.05079444981493e-07,0.014292366802692413,0.08305002003908157,-0.014923355542123318,0.1277992,0.1378154,observed,1.0,0.58516,0.801294,False
270.5,13525,right,True,0.39688584208488464,0.6886900067329407,1.7945730235169322e-07,-0.0444580614566803,0.05260458216071129,0.03206690028309822,0.0268892,0.0245666,observed,1.0,0.430876,0.60617,False
270.64,13532,left,True,0.580535888671875,0.9302857518196106,-1.2620139955288323e-07,0.011118818074464798,0.0737585723400116,0.0018286388367414474,0.1579634,0.1370668,observed,1.0,0.570575,0.820101,False
270.64,13532,right,True,0.39019709825515747,0.679304838180542,1.8630238685091172e-07,-0.04653288424015045,0.053735628724098206,0.03841317072510719,0.0173932,0.0214993,observed,1.0,0.424131,0.596247,False
270.76,13538,left,True,0.5782565474510193,0.8967038989067078,-1.4952864546557976e-07,0.008399136364459991,0.06532473862171173,-0.02479962445795536,0.1107248,0.1305474,observed,1.0,0.569821,0.78155,False
270.76,13538,right,True,0.3908133804798126,0.6715361475944519,1.8129919965303998e-07,-0.046576499938964844,0.06029442697763443,0.03731144592165947,0.015452,0.0265952,observed,1.0,0.423017,0.586592,False
270.88,13544,left,True,0.5673561692237854,0.9098635315895081,-1.9973231246694922e-07,0.007238269783556461,0.0709434449672699,-0.0030847936868667603,0.1452659,0.1231145,observed,1.0,0.561686,0.803252,False
270.88,13544,right,True,0.38298770785331726,0.6670516133308411,1.6161106941581238e-07,-0.042964354157447815,0.053085364401340485,0.04056252911686897,0.0553186,0.0364106,observed,1.0,0.414797,0.585293,False
271.0,13550,left,True,0.5789116024971008,0.8783067464828491,-1.5218111570902693e-07,0.01356122363358736,0.062356337904930115,-0.013730855658650398,0.1140917,0.1103281,observed,1.0,0.565319,0.766593,False
271.0,13550,right,True,0.3895137310028076,0.6518409252166748,2.0402839595590194e-07,-0.04217541962862015,0.05457744747400284,0.04047229513525963,0.0456126,0.0436896,observed,1.0,0.421182,0.569255,False
271.14,13557,left,True,0.5762645602226257,0.8788573145866394,-1.88099249953666e-07,0.005134770646691322,0.06923826038837433,-0.003021912882104516,0.0705209,0.0882254,observed,1.0,0.569131,0.776162,False
271.14,13557,right,True,0.3927516043186188,0.6437498927116394,1.774735522985793e-07,-0.04644142463803291,0.05924620106816292,0.03926469385623932,0.0326768,0.0631157,observed,1.0,0.424162,0.559159,False
271.26,13563,left,True,0.5861476063728333,0.8636652231216431,-1.750325111515849e-07,0.009453125298023224,0.07303217053413391,-0.011666796170175076,0.0884801,0.0749981,observed,1.0,0.577235,0.754881,False
271.26,13563,right,True,0.3885069489479065,0.6372740268707275,2.1426552621051087e-07,-0.036396414041519165,0.0553198903799057,0.024733172729611397,0.0966621,0.0841381,observed,1.0,0.416298,0.550984,False
271.38,13569,left,True,0.5942494869232178,0.8809953927993774,-2.269643744057248e-07,0.01110678631812334,0.06576862931251526,-0.018566764891147614,0.0425644,0.0712739,observed,1.0,0.581233,0.768578,False
271.38,13569,right,True,0.382328063249588,0.6763154864311218,1.5418687837609468e-07,-0.036034878343343735,0.05421983450651169,0.04104142636060715,0.1396007,0.0949405,observed,1.0,0.409012,0.587946,False
271.5,13575,left,True,0.5975390076637268,0.8963704109191895,-2.2474938532468514e-07,0.01663929969072342,0.06547442823648453,-0.011594576761126518,0.0698948,0.0699375,observed,1.0,0.582914,0.793663,False
271.5,13575,right,True,0.38101428747177124,0.7159114480018616,1.1889838447132206e-07,-0.03627787157893181,0.057045478373765945,0.037635572254657745,0.0990631,0.0835801,observed,1.0,0.40877,0.624601,False
271.64,13582,left,True,0.6174135804176331,0.8768860101699829,-1.805637310781094e-07,0.019683610647916794,0.07388473302125931,-0.011838101781904697,0.1663003,0.0621061,observed,1.0,0.599896,0.768988,False
271.64,13582,right,True,0.38797450065612793,0.7325029969215393,1.541526728487952e-07,-0.03234504163265228,0.05441321060061455,0.04265480488538742,0.0324267,0.0475474,observed,1.0,0.412522,0.64295,False
271.76,13588,left,True,0.6161375045776367,0.8826690316200256,-1.3947963850569067e-07,0.021411143243312836,0.07875845581293106,-0.0014495442155748606,0.0393877,0.0525986,observed,1.0,0.599542,0.78078,False
271.76,13588,right,True,0.39005619287490845,0.7396514415740967,1.8476978880244133e-07,-0.02642722614109516,0.05379098653793335,0.04181811586022377,0.0177784,0.0314763,observed,1.0,0.409817,0.646145,False
271.88,13594,left,False,,,,,,,0.0473506,0.0475265,interpolated_for_motion,0.4,0.604248,0.794835,True
271.88,13594,right,True,0.3990209400653839,0.7600012421607971,1.4403538273199956e-07,-0.032700199633836746,0.06628676503896713,0.04519269987940788,0.0475657,0.0304625,observed,1.0,0.419332,0.668415,False
272.0,13600,left,True,0.6192628145217896,0.8980540037155151,-8.122435701807262e-08,0.024562647566199303,0.08844110369682312,0.01653018407523632,0.045423,0.0455544,interpolated_for_motion,0.4,0.605977,0.805833,False
272.0,13600,right,True,0.4171200096607208,0.7537724375724792,2.3991702846615226e-07,-0.0221758633852005,0.0531386099755764,0.05573483183979988,0.0295121,0.0289918,observed,1.0,0.425195,0.682464,False
272.14,13607,left,True,0.6179726719856262,0.9153087735176086,-1.593617611206355e-07,0.02026563510298729,0.08031788468360901,0.00408596359193325,0.0374666,0.0478544,observed,1.0,0.601883,0.822678,False
272.14,13607,right,True,0.4029541015625,0.7886426448822021,1.5272451037162682e-07,-0.029288867488503456,0.06955773383378983,0.03953364118933678,0.0263851,0.0219364,observed,1.0,0.421639,0.697627,False
272.26,13613,left,True,0.6224139332771301,0.910122811794281,-1.6376746714286128e-07,0.023388151079416275,0.08470679819583893,0.006424348335713148,0.0947371,0.05364,observed,1.0,0.606418,0.812079,False
272.26,13613,right,True,0.39865660667419434,0.7984026670455933,1.848595871933867e-07,-0.03021983429789543,0.07124292105436325,0.05355410277843475,0.0123622,0.0140814,observed,1.0,0.415516,0.708174,False
272.38,13619,left,True,0.6299975514411926,0.9173926711082458,-1.077693738693597e-07,0.02425427734851837,0.08997924625873566,0.014141109772026539,0.0488883,0.0596819,observed,1.0,0.613162,0.817367,False
272.38,13619,right,True,0.39929336309432983,0.8114489316940308,1.6871761943093588e-07,-0.029847148805856705,0.07019896805286407,0.04869208484888077,0.0020879,0.0092784,observed,1.0,0.415509,0.720281,False
272.5,13625,left,True,0.6237740516662598,0.9336526393890381,-1.6324244711540814e-07,0.024126309901475906,0.0869743824005127,0.006194700486958027,0.0672962,0.0637547,observed,1.0,0.60572,0.835548,False
272.5,13625,right,True,0.3960661292076111,0.8172289729118347,2.0550545798414532e-07,-0.02690144069492817,0.06198517605662346,0.05092298611998558,0.0064249,0.0068295,observed,1.0,0.411474,0.727217,False
272.64,13632,left,True,0.6273846626281738,0.9246376156806946,-2.063033832655492e-07,0.023905925452709198,0.08113455772399902,0.003073532599955797,0.0619828,0.0639609,observed,1.0,0.61099,0.82373,False
272.64,13632,right,True,0.3944247364997864,0.8206465244293213,2.036840811570073e-07,-0.02541058138012886,0.06715306639671326,0.05048072338104248,0.0111795,0.0060643,observed,1.0,0.408933,0.728787,False
272.76,13638,left,True,0.6327112317085266,0.9212687015533447,-2.2619046546878963e-07,0.0232484620064497,0.08398201316595078,-0.007574941962957382,0.0687356,0.0618892,observed,1.0,0.615655,0.813699,False
272.76,13638,right,True,0.39326542615890503,0.82551509141922,1.9305412024550606e-07,-0.02576392889022827,0.0663168877363205,0.04784145578742027,0.0036583,0.006365,observed,1.0,0.408151,0.732716,False
272.88,13644,left,True,0.6279696226119995,0.9268837571144104,-2.0589149585248379e-07,0.0245833583176136,0.08723039925098419,-0.0065832072868943214,0.0574483,0.0592745,observed,1.0,0.60816,0.821613,False
272.88,13644,right,True,0.3912919759750366,0.8267955183982849,2.0314860194048379e-07,-0.025663580745458603,0.06954239308834076,0.047853387892246246,0.0053634,0.0083213,observed,1.0,0.405723,0.733153,False
273.0,13650,left,True,0.6273815631866455,0.9241828918457031,-2.1468206057306816e-07,0.02484305202960968,0.08284222334623337,0.005654193460941315,0.0296724,0.0674921,observed,1.0,0.609091,0.821855,False
273.0,13650,right,True,0.3913450837135315,0.8262903690338135,2.0987309312658908e-07,-0.024662109091877937,0.06464491784572601,0.04326720908284187,0.0164445,0.0195428,observed,1.0,0.406412,0.731751,False
273.14,13657,left,True,0.6419935822486877,0.9007958173751831,-1.4556658811670786e-07,0.03023555688560009,0.08361843973398209,-0.004722914658486843,0.1210051,0.097422,observed,1.0,0.619316,0.790698,False
273.14,13657,right,True,0.3997121751308441,0.8215371370315552,1.9872210543780966e-07,-0.024690935388207436,0.07637950778007507,0.036912769079208374,0.0462934,0.0429521,observed,1.0,0.413458,0.721698,False
273.26,13663,left,True,0.6517333388328552,0.8854964375495911,-2.3397184634177393e-07,0.030489904806017876,0.08011077344417572,-0.00324222631752491,0.0997927,0.1162368,observed,1.0,0.630654,0.77673,False
273.26,13663,right,True,0.4076841175556183,0.8028608560562134,2.0827667412959272e-07,-0.02322709746658802,0.07237742841243744,0.04258672520518303,0.0979611,0.0615402,observed,1.0,0.420973,0.702369,False
273.38,13669,left,True,0.6555307507514954,0.9049340486526489,-2.29537405971314e-07,0.024512436240911484,0.08283514529466629,0.01690135896205902,0.123339,0.1211902,observed,1.0,0.638382,0.800115,False
273.38,13669,right,True,0.4083673655986786,0.7975618839263916,1.6233845201441e-07,-0.03028331696987152,0.07501243054866791,0.04684210196137428,0.0320573,0.0747324,observed,1.0,0.427056,0.700638,False
273.5,13675,left,True,0.6494889855384827,0.945713222026825,-1.1847351544247431e-07,0.02598097361624241,0.08194874227046967,0.012896891683340073,0.2162853,0.120529,observed,1.0,0.629839,0.843314,False
273.5,13675,right,True,0.4011158347129822,0.8130520582199097,1.354557213062435e-07,-0.030954554677009583,0.06579941511154175,0.03945637121796608,0.1142771,0.0829881,observed,1.0,0.420953,0.717658,False
273.64,13682,left,True,0.649371325969696,0.9507740139961243,-7.939994617345292e-08,0.029772132635116577,0.09301429241895676,0.018559878692030907,0.0587574,0.1144585,observed,1.0,0.626766,0.84359,False
273.64,13682,right,True,0.3952748477458954,0.805695652961731,2.1177453390919254e-07,-0.027507085353136063,0.0608312152326107,0.046892549842596054,0.0734833,0.0792603,observed,1.0,0.413595,0.709022,False
273.76,13688,left,True,0.6447593569755554,0.9257264733314514,-8.03965338747048e-09,0.032181572169065475,0.0869574025273323,0.015905899927020073,0.1118075,0.1119991,observed,1.0,0.61947,0.810715,False
273.76,13688,right,True,0.39487797021865845,0.7658216953277588,2.8273015573176963e-07,-0.03332657739520073,0.06747013330459595,0.05522424727678299,0.0939775,0.0636235,observed,1.0,0.418212,0.669856,False
273.88,13694,left,True,0.6169295907020569,0.95965975522995,-2.0180233661903912e-07,0.024297546595335007,0.08754148334264755,-0.015513291582465172,0.2955701,0.1125708,observed,1.0,0.595133,0.848008,False
273.88,13694,right,True,0.3975905478000641,0.7548995018005371,2.0857380889083288e-07,-0.03357737138867378,0.062421463429927826,0.047113120555877686,0.0191369,0.0421939,observed,1.0,0.421194,0.659543,False
274.0,13700,left,True,0.6332105994224548,0.9348782896995544,-2.2075623462569638e-07,0.01966170221567154,0.0719454437494278,0.0011778984917327762,0.0633149,0.1024023,observed,1.0,0.611101,0.825374,False
274.0,13700,right,True,0.40437644720077515,0.734330952167511,2.295504941685067e-07,-0.0358789823949337,0.06267943233251572,0.04692970961332321,0.0288031,0.027687,observed,1.0,0.428874,0.64372,False
274.14,13707,left,True,0.6239557266235352,0.9239273071289062,-1.2520257541837054e-07,0.020085584372282028,0.07645244896411896,0.00446705985814333,0.1147357,0.0778553,observed,1.0,0.606609,0.809998,False
274.14,13707,right,True,0.4090471565723419,0.6966865658760071,3.039724560949253e-07,-0.03670145198702812,0.05995999649167061,0.048304591327905655,0.0118041,0.0307912,observed,1.0,0.435851,0.600412,False
274.26,13713,left,True,0.6295041441917419,0.8961576819419861,-1.7436749999433232e-07,0.018511662259697914,0.07374870777130127,-0.008227968588471413,0.0654142,0.071033,observed,1.0,0.612493,0.779431,False
274.26,13713,right,True,0.41723179817199707,0.6669744253158569,2.548845543515199e-07,-0.03691025450825691,0.0659288689494133,0.042630232870578766,0.0537854,0.0397364,observed,1.0,0.444808,0.571163,False
274.38,13719,left,True,0.6174036860466003,0.8790931105613708,-1.7166529175938194e-07,0.013446087948977947,0.07036559283733368,0.010996094904839993,0.0686596,0.0812747,observed,1.0,0.603089,0.769656,False
274.38,13719,right,True,0.412291020154953,0.6421549320220947,2.1656268245351384e-07,-0.0397072359919548,0.062078092247247696,0.037611570209264755,0.0380397,0.0439423,observed,1.0,0.441473,0.550036,False
274.5,13725,left,True,0.6222960352897644,0.8488398790359497,-1.6635365795991675e-07,0.015642566606402397,0.07255137711763382,-0.013016808778047562,0.1178696,0.1105263,observed,1.0,0.607363,0.729615,False
274.5,13725,right,True,0.40864747762680054,0.6085506081581116,2.4951077648438513e-07,-0.042038444429636,0.059094201773405075,0.047444701194763184,0.102092,0.0555111,observed,1.0,0.438506,0.520059,False
274.64,13732,left,True,0.5975127816200256,0.8622215986251831,-1.8407976654088998e-07,0.011501584202051163,0.06902533769607544,0.008501850068569183,0.1586336,0.1496412,observed,1.0,0.581716,0.749522,False
274.64,13732,right,True,0.4043675661087036,0.6062982678413391,1.9094686365406233e-07,-0.04213333502411842,0.05919905751943588,0.04559991881251335,0.0136353,0.0819714,observed,1.0,0.434443,0.519349,False
274.76,13738,left,True,0.614434003829956,0.8456555604934692,-2.203930904443041e-07,0.013126425445079803,0.06303772330284119,-0.012257445603609085,0.1641965,0.1583543,observed,1.0,0.597849,0.734309,False
274.76,13738,right,True,0.3955635726451874,0.6295663118362427,1.7368540738971205e-07,-0.03812568262219429,0.05157367140054703,0.04638362675905228,0.0954406,0.0925621,observed,1.0,0.423763,0.543912,False
274.88,13744,left,True,0.6234778761863708,0.8436870574951172,-2.477195550909528e-07,0.014332341030240059,0.06644891202449799,-0.00813748687505722,0.1322001,0.1540421,observed,1.0,0.609096,0.737698,False
274.88,13744,right,True,0.4007290005683899,0.6460790634155273,1.6341471109626582e-07,-0.035370275378227234,0.05328120291233063,0.04402017965912819,0.0946369,0.0855877,observed,1.0,0.426693,0.558609,False
275.0,13750,left,True,0.6523931622505188,0.8264328241348267,-2.8476947022682e-07,0.017084065824747086,0.07670145481824875,-0.019216567277908325,0.2500447,0.1429033,observed,1.0,0.634249,0.716317,False
275.0,13750,right,True,0.4038364887237549,0.6665767431259155,1.6606105646133074e-07,-0.03647930547595024,0.060058966279029846,0.0463118776679039,0.0597196,0.0644186,observed,1.0,0.428228,0.577278,False
275.14,13757,left,True,0.6542566418647766,0.8092148303985596,-1.89694290497755e-07,0.024141287431120872,0.08161331713199615,0.019127190113067627,0.0706429,0.1126243,observed,1.0,0.634455,0.705498,False
275.14,13757,right,True,0.3964245319366455,0.670286238193512,1.9647372084818926e-07,-0.033697061240673065,0.0559336319565773,0.05264643579721451,0.0068714,0.0297924,observed,1.0,0.4182,0.581076,False
275.26,13763,left,True,0.656260073184967,0.7956727147102356,-2.1463081623096514e-07,0.026338346302509308,0.08219584077596664,0.0032098512165248394,0.1331329,0.0903914,observed,1.0,0.636849,0.688762,False
275.26,13763,right,True,0.39100080728530884,0.6863007545471191,1.725364029425691e-07,-0.029592420905828476,0.04934415593743324,0.04363999888300896,0.0285707,0.0175024,observed,1.0,0.412352,0.598019,False
275.38,13769,left,True,0.6504119634628296,0.792132556438446,-1.641645894778776e-07,0.02648090571165085,0.08120355010032654,0.0015090449014678597,0.0593297,0.0799692,observed,1.0,0.630442,0.682301,False
275.38,13769,right,True,0.38171616196632385,0.6954375505447388,1.824894013680023e-07,-0.026659579947590828,0.048583023250103,0.0397515632212162,0.0086151,0.0169067,observed,1.0,0.401741,0.604859,False
275.5,13775,left,True,0.6322448253631592,0.793152928352356,-2.042208251396005e-07,0.026502320542931557,0.08164051175117493,-0.002247442025691271,0.0843085,0.0768194,observed,1.0,0.613392,0.689071,False
275.5,13775,right,True,0.36744946241378784,0.6939067244529724,2.089010138206504e-07,-0.02970419079065323,0.05743563920259476,0.04600957781076431,0.0209259,0.0167675,observed,1.0,0.388996,0.602178,False
275.64,13782,left,True,0.6335166692733765,0.7708753347396851,-2.1887434797918104e-07,0.026851363480091095,0.08286075294017792,0.0022943743970245123,0.0690734,0.0817213,observed,1.0,0.614607,0.665603,False
275.64,13782,right,True,0.3627875745296478,0.6909009218215942,2.1563899110788043e-07,-0.025565888732671738,0.048739559948444366,0.04846980422735214,0.015899,0.0138639,observed,1.0,0.381829,0.599293,False
275.76,13788,left,True,0.6355847120285034,0.755245566368103,-2.789683719583991e-07,0.027366377413272858,0.07381153851747513,-0.0111037977039814,0.090892,0.0868473,observed,1.0,0.614825,0.644625,False
275.76,13788,right,True,0.3632785379886627,0.6929051280021667,1.959495250503096e-07,-0.027780137956142426,0.05762932077050209,0.0441654771566391,0.0074516,0.0114692,observed,1.0,0.38174,0.601321,False
275.88,13794,left,True,0.6371455192565918,0.7676939964294434,-2.8535697538245586e-07,0.03104766085743904,0.0818009003996849,0.0018846143502742052,0.0860273,0.0879252,observed,1.0,0.614195,0.663793,False
275.88,13794,right,True,0.3640480935573578,0.6956942677497864,1.9724626554307179e-07,-0.028056837618350983,0.056613970547914505,0.04123728349804878,0.0099073,0.0102993,observed,1.0,0.382997,0.604378,False
276.0,13800,left,True,0.6398137211799622,0.7444444298744202,-2.8117682404626976e-07,0.028128497302532196,0.0756540298461914,-0.012442666105926037,0.0973265,0.0899458,observed,1.0,0.618493,0.636257,False
276.0,13800,right,True,0.36660194396972656,0.6934794187545776,2.2176064362611214e-07,-0.02435479685664177,0.045751623809337616,0.04178804159164429,0.0121819,0.0104302,observed,1.0,0.384343,0.603815,False
276.14,13807,left,True,0.6409707069396973,0.738275408744812,-2.90452902618199e-07,0.02772185206413269,0.07350237667560577,-0.01661226898431778,0.0183421,0.1035257,observed,1.0,0.620262,0.630957,False
276.14,13807,right,True,0.36994704604148865,0.6928694844245911,2.068857583026329e-07,-0.0264980960637331,0.055688537657260895,0.04167461395263672,0.0062569,0.0249613,observed,1.0,0.387103,0.60165,False
276.26,13813,left,True,0.653077244758606,0.7344691753387451,-2.9414175628517114e-07,0.025708284229040146,0.07864005863666534,-0.001877823960967362,0.1093567,0.1297497,observed,1.0,0.63406,0.623314,False
276.26,13813,right,True,0.37915921211242676,0.6897954344749451,2.049653176072752e-07,-0.023200685158371925,0.05199241638183594,0.053857870399951935,0.0513455,0.0479892,observed,1.0,0.394233,0.599189,False
276.38,13819,left,True,0.6737832427024841,0.7658822536468506,-3.2530712701372977e-07,0.020901842042803764,0.07093850523233414,0.016849489882588387,0.1784847,0.1590889,observed,1.0,0.659256,0.662018,False
276.38,13819,right,True,0.3984537720680237,0.6870335936546326,1.5037733192002634e-07,-0.043957196176052094,0.06189573556184769,0.03214666619896889,0.2178096,0.0760862,observed,1.0,0.433755,0.609596,False
276.5,13825,left,True,0.6704033017158508,0.8159643411636353,-3.2747735190241656e-07,0.016154861077666283,0.06843908131122589,0.016676899045705795,0.1935729,0.1869956,observed,1.0,0.660638,0.71786,False
276.5,13825,right,True,0.41164445877075195,0.7017452120780945,1.4966082062528585e-07,-0.03877889737486839,0.06169632077217102,0.03657539561390877,0.0426765,0.1205109,observed,1.0,0.437501,0.610017,False
276.64,13832,left,True,0.6481906175613403,0.8675516247749329,-1.4787354984946433e-07,0.02029762603342533,0.08351966738700867,0.020205233246088028,0.2473519,0.2027265,observed,1.0,0.632823,0.76239,False
276.64,13832,right,True,0.3905271291732788,0.6920609474182129,2.0029879976846132e-07,-0.038260567933321,0.05594940483570099,0.04518413171172142,0.1560875,0.1506281,observed,1.0,0.417686,0.6038,False
276.76,13838,left,True,0.6339956521987915,0.8683992028236389,-7.580723604405648e-08,0.02337753213942051,0.0791592001914978,0.011425269767642021,0.2077454,0.197988,observed,1.0,0.613519,0.760531,False
276.76,13838,right,True,0.3777260482311249,0.668786883354187,2.2816141154180514e-07,-0.03903481364250183,0.048607539385557175,0.048070382326841354,0.163726,0.1288296,observed,1.0,0.407407,0.582566,False
276.88,13844,left,True,0.6314228177070618,0.8516414761543274,-1.215217508843125e-07,0.027109595015645027,0.07920818030834198,-0.005743619054555893,0.1088,0.1850258,observed,1.0,0.606792,0.742675,False
276.88,13844,right,True,0.3826287090778351,0.6551030278205872,2.674682946235407e-07,-0.037296880036592484,0.05072584003210068,0.045061759650707245,0.0405321,0.0975815,observed,1.0,0.411841,0.567087,False
277.0,13850,left,True,0.6184887886047363,0.8925192952156067,-2.465893942371622e-07,0.024729587137699127,0.08410605788230896,-0.004200363997370005,0.1819073,0.1702238,observed,1.0,0.601195,0.783707,False
277.0,13850,right,True,0.38886839151382446,0.6692031621932983,1.683105352867642e-07,-0.03830618038773537,0.048748452216386795,0.04657560586929321,0.0759719,0.0699932,observed,1.0,0.419315,0.582324,False
277.14,13857,left,True,0.6511873006820679,0.861470639705658,-1.1496988605586012e-07,0.033112406730651855,0.07508876919746399,-0.025974459946155548,0.1615478,0.1475553,observed,1.0,0.619045,0.749537,False
277.14,13857,right,True,0.39372196793556213,0.6863799095153809,1.8087909836594918e-07,-0.03765559569001198,0.04931299015879631,0.052494000643491745,0.0586504,0.0533012,observed,1.0,0.421823,0.5985,False
277.26,13863,left,True,0.6451290249824524,0.8677677512168884,-1.9992006627944647e-07,0.022857172414660454,0.08250855654478073,0.019321734085679054,0.1255707,0.1254214,observed,1.0,0.629736,0.76058,False
277.26,13863,right,True,0.39227166771888733,0.6963415145874023,1.8274856472544343e-07,-0.03313979133963585,0.044934868812561035,0.04582031071186066,0.0410997,0.0455163,observed,1.0,0.419012,0.608314,False
277.38,13869,left,True,0.6554844379425049,0.8529804348945618,-1.992418958707276e-07,0.01870894432067871,0.07357759773731232,-0.00410938635468483,0.0995599,0.1062296,observed,1.0,0.639427,0.740902,False
277.38,13869,right,True,0.40425539016723633,0.7024004459381104,1.9440543042037461e-07,-0.03214821219444275,0.05470115691423416,0.044971808791160583,0.043354,0.0384929,observed,1.0,0.427767,0.609748,False
277.5,13875,left,True,0.656611979007721,0.8588009476661682,-1.7703467847240972e-07,0.018270481377840042,0.06915155798196793,0.0023351621348410845,0.033943,0.0813922,observed,1.0,0.638525,0.752084,False
277.5,13875,right,True,0.4074692130088806,0.7040234208106995,1.8609365781685483e-07,-0.031877920031547546,0.053036078810691833,0.04002013057470322,0.02444,0.0294663,observed,1.0,0.430614,0.610961,False
277.64,13882,left,True,0.6409127712249756,0.8633755445480347,-1.3144487809313432e-07,0.02147688716650009,0.0690559446811676,0.0023871189914643764,0.0835786,0.0636703,observed,1.0,0.62323,0.756287,False
277.64,13882,right,True,0.4016040563583374,0.6943128108978271,2.124322122654121e-07,-0.03140069544315338,0.04903038591146469,0.039755236357450485,0.020158,0.0225534,observed,1.0,0.425669,0.603018,False
277.76,13888,left,True,0.6316139698028564,0.8742027282714844,-1.710897805651257e-07,0.02058887854218483,0.07613911479711533,-0.0034908188972622156,0.0427466,0.0647638,observed,1.0,0.616326,0.760117,False
277.76,13888,right,True,0.401925265789032,0.6902984380722046,2.0278793044781196e-07,-0.03219475597143173,0.048246730118989944,0.03780890256166458,0.0210214,0.0245916,observed,1.0,0.426802,0.598339,False
277.88,13894,left,True,0.6129668354988098,0.8846803903579712,-1.3728319459005434e-07,0.012805875390768051,0.07986288517713547,0.011552950367331505,0.1177059,0.0697539,observed,1.0,0.600362,0.774622,False
277.88,13894,right,True,0.3868076801300049,0.6688925623893738,2.0417266455297067e-07,-0.03844815120100975,0.0475727804005146,0.041290659457445145,0.0608865,0.0283997,observed,1.0,0.418292,0.581684,False
278.0,13900,left,True,0.6206559538841248,0.8708610534667969,-1.6438625038972532e-07,0.012118122540414333,0.07141157984733582,0.008784685283899307,0.0493517,0.0713555,observed,1.0,0.609353,0.757678,False
278.0,13900,right,True,0.3911914825439453,0.6539483666419983,2.2953267375669384e-07,-0.03904566168785095,0.05282332003116608,0.041406840085983276,0.0319699,0.0296401,observed,1.0,0.421503,0.566439,False
278.14,13907,left,True,0.6087048053741455,0.8702835440635681,-2.043690017217159e-07,0.01209251955151558,0.07468359172344208,0.0056300535798072815,0.0950518,0.0747153,observed,1.0,0.596199,0.762603,False
278.14,13907,right,True,0.3888384699821472,0.6454261541366577,2.002660579591975e-07,-0.040595199912786484,0.051492851227521896,0.0405232235789299,0.0250808,0.0288032,observed,1.0,0.420017,0.560974,False
278.26,13913,left,True,0.6146319508552551,0.8559039831161499,-2.0246226029030367e-07,0.010844865813851357,0.0699419379234314,0.001850081724114716,0.0175421,0.0822867,observed,1.0,0.603568,0.75011,False
278.26,13913,right,True,0.39592140913009644,0.6344715356826782,2.352061443389175e-07,-0.046206723898649216,0.059073902666568756,0.040153417736291885,0.0111117,0.0367229,observed,1.0,0.428165,0.548938,False
278.38,13919,left,True,0.6388202905654907,0.8356269001960754,-1.9309037213588454e-07,0.015785565599799156,0.0686720684170723,0.0083685964345932,0.1209061,0.0947683,observed,1.0,0.619876,0.728196,False
278.38,13919,right,True,0.40457016229629517,0.615429699420929,2.377475709636201e-07,-0.05009717494249344,0.06359408050775528,0.04724216088652611,0.0779885,0.0518414,observed,1.0,0.438726,0.530103,False
278.5,13925,left,True,0.630254328250885,0.8282607793807983,-1.8089627928929986e-07,0.017530158162117004,0.07781746983528137,0.002864701906219125,0.0852921,0.1130302,observed,1.0,0.611867,0.713696,False
278.5,13925,right,True,0.40341416001319885,0.5993399024009705,2.3549029037894798e-07,-0.04313439130783081,0.05007893592119217,0.032800983637571335,0.0564649,0.0744901,observed,1.0,0.43749,0.517192,False
278.64,13932,left,True,0.6074073314666748,0.8785585761070251,-1.9759629310556193e-07,0.016976086422801018,0.07562106102705002,-0.0032922530081123114,0.2071461,0.1328171,observed,1.0,0.589853,0.768633,False
278.64,13932,right,True,0.3933505117893219,0.6312824487686157,1.3564920209319098e-07,-0.05005384236574173,0.05726446211338043,0.041418492794036865,0.1038738,0.0962643,observed,1.0,0.427517,0.551104,False
278.76,13938,left,True,0.6223952174186707,0.8783797025680542,-2.2579303049496957e-07,0.016238894313573837,0.07079418003559113,-0.0056595937348902225,0.1363728,0.1320535,observed,1.0,0.606553,0.769741,False
278.76,13938,right,True,0.39256975054740906,0.6607224941253662,1.424194380206245e-07,-0.046731188893318176,0.05357019603252411,0.036581676453351974,0.1041077,0.0944049,observed,1.0,0.425912,0.580367,False
278.88,13944,left,True,0.6277893781661987,0.8644211292266846,-1.6762463417308027e-07,0.016565589234232903,0.08086275309324265,0.0021942402236163616,0.07035,0.1191628,observed,1.0,0.613304,0.763889,False
278.88,13944,right,True,0.39984580874443054,0.6686444282531738,1.8237936671994248e-07,-0.03563123941421509,0.04856209084391594,0.04323756322264671,0.0561172,0.0813669,observed,1.0,0.427592,0.585031,False
279.0,13950,left,True,0.6542030572891235,0.8349803686141968,-2.0816736423512339e-07,0.021663138642907143,0.08186285942792892,-0.012560010887682438,0.2372132,0.0876441,observed,1.0,0.635756,0.728819,False
279.0,13950,right,True,0.403028666973114,0.6904977560043335,1.3510209839751042e-07,-0.03404703736305237,0.05389004945755005,0.04033955559134483,0.0795338,0.0605222,observed,1.0,0.429095,0.607368,False
279.14,13957,left,True,0.6586028337478638,0.8252321481704712,-1.688103594688073e-07,0.022769179195165634,0.07852571457624435,0.0021417674142867327,0.0480304,0.0560323,observed,1.0,0.636198,0.723343,False
279.14,13957,right,True,0.4058874249458313,0.7013974785804749,1.250607226666034e-07,-0.03236035630106926,0.05603358894586563,0.039249978959560394,0.0334663,0.0311677,observed,1.0,0.431033,0.615155,False
279.26,13963,left,True,0.6604658365249634,0.8224252462387085,-1.2774395941050898e-07,0.02824592962861061,0.08167994022369385,0.02197142317891121,0.0287414,0.0628735,observed,1.0,0.639327,0.721156,False
279.26,13963,right,True,0.4074193239212036,0.6978662014007568,1.7908480742789834e-07,-0.031645309180021286,0.05681576207280159,0.04225529730319977,0.0085543,0.0173596,observed,1.0,0.430303,0.611819,False
279.38,13969,left,True,0.6709657311439514,0.807921826839447,-1.495027817099981e-07,0.03197164088487625,0.08088165521621704,-0.0044930363073945045,0.1559015,0.0808265,observed,1.0,0.6455,0.700859,False
279.38,13969,right,True,0.40621936321258545,0.7096460461616516,1.5758426741285803e-07,-0.03138541057705879,0.056750308722257614,0.04079160839319229,0.0113678,0.0137355,observed,1.0,0.427186,0.620374,False
279.5,13975,left,True,0.6538123488426208,0.8165096044540405,-1.8323964923183667e-07,0.029885118827223778,0.07991278916597366,0.007693571504205465,0.0901583,0.0958574,observed,1.0,0.629567,0.715848,False
279.5,13975,right,True,0.3949747383594513,0.708149254322052,2.0559060942559881e-07,-0.030866071581840515,0.05451244115829468,0.04403024539351463,0.0173294,0.0142608,observed,1.0,0.416787,0.619779,False
279.64,13982,left,True,0.6584088802337646,0.8067137002944946,-1.4913314316800097e-07,0.033469006419181824,0.07968396693468094,-0.001105347415432334,0.1070596,0.0983811,observed,1.0,0.634985,0.695287,False
279.64,13982,right,True,0.3941167891025543,0.7173781991004944,1.8490617037514312e-07,-0.027761200442910194,0.053597964346408844,0.038445811718702316,0.0149046,0.0201893,observed,1.0,0.414333,0.626519,False
279.76,13988,left,True,0.6583863496780396,0.8214578628540039,-2.520184523291391e-07,0.03047224134206772,0.07919958233833313,-0.0009065643534995615,0.0957903,0.096939,observed,1.0,0.634142,0.719838,False
279.76,13988,right,True,0.39121732115745544,0.7265588045120239,1.7625644943564112e-07,-0.0324091836810112,0.0622287355363369,0.044750798493623734,0.0373075,0.0267139,observed,1.0,0.413223,0.635782,False
279.88,13994,left,True,0.6724751591682434,0.8285437226295471,-2.261653833102173e-07,0.036874882876873016,0.07925831526517868,-0.007208995521068573,0.0921788,0.100367,observed,1.0,0.645814,0.714799,False
279.88,13994,right,True,0.3950727581977844,0.7290701866149902,1.921059862297625e-07,-0.03129282593727112,0.0585077665746212,0.04486742243170738,0.0249016,0.0317335,observed,1.0,0.416594,0.6392,False
280.0,14000,left,True,0.6716192364692688,0.8593247532844543,-2.3342256838532194e-07,0.02784515544772148,0.07812988013029099,0.007051156368106604,0.113348,0.1073844,observed,1.0,0.649987,0.747458,False
280.0,14000,right,True,0.4001856744289398,0.7275989651679993,2.0207149020734505e-07,-0.03299859166145325,0.058832231909036636,0.050897568464279175,0.0673983,0.0338448,observed,1.0,0.422458,0.637345,False
280.14,14007,left,True,0.6651765704154968,0.8906325101852417,-1.4651952540134516e-07,0.028936851769685745,0.08213882893323898,0.011966947466135025,0.1324685,0.1147116,observed,1.0,0.642415,0.785536,False
280.14,14007,right,True,0.40141648054122925,0.7341107726097107,1.9847954035867588e-07,-0.03759476915001869,0.06587915867567062,0.04748493805527687,0.0333439,0.0304927,observed,1.0,0.427149,0.643019,False
280.26,14013,left,True,0.6608651280403137,0.8918612003326416,-1.8840246696072427e-07,0.02145279571413994,0.07884997129440308,-0.003216732991859317,0.0433842,0.1029318,observed,1.0,0.643257,0.779421,False
280.26,14013,right,True,0.402932733297348,0.7284256815910339,1.8778170840505481e-07,-0.034569840878248215,0.053129587322473526,0.050215866416692734,0.0277958,0.024616,observed,1.0,0.427432,0.639265,False
280.38,14019,left,True,0.645868182182312,0.9200566411018372,-2.1102718505972007e-07,0.018669795244932175,0.08151774853467941,0.007942835800349712,0.1394182,0.0804757,observed,1.0,0.629829,0.811754,False
280.38,14019,right,True,0.39686766266822815,0.735490083694458,1.757476297825633e-07,-0.037241313606500626,0.05359695479273796,0.04967666417360306,0.0136093,0.0185983,observed,1.0,0.423892,0.647719,False
280.5,14025,left,True,0.6453588008880615,0.92215895652771,-6.738952862406222e-08,0.02124720625579357,0.08851111680269241,0.022300710901618004,0.0571739,0.0623048,observed,1.0,0.629277,0.813118,False
280.5,14025,right,True,0.4005666971206665,0.7219023108482361,2.1704445885006862e-07,-0.034299567341804504,0.04898831248283386,0.039846811443567276,0.0074767,0.0176388,observed,1.0,0.42869,0.636237,False
280.64,14032,left,True,0.6422015428543091,0.9154322743415833,-1.222147147927899e-07,0.01428331807255745,0.08147194236516953,0.008448130451142788,0.0309907,0.0602328,observed,1.0,0.629638,0.801504,False
280.64,14032,right,True,0.40135565400123596,0.6987380981445312,2.2205860261692578e-07,-0.03565806522965431,0.04305201396346092,0.043475568294525146,0.0493098,0.023869,observed,1.0,0.432482,0.613688,False
280.76,14038,left,True,0.6343530416488647,0.9115235805511475,-1.1170933333914945e-07,0.01209391187876463,0.08041664212942123,0.01502793375402689,0.0661796,0.0651952,observed,1.0,0.624692,0.802067,False
280.76,14038,right,True,0.40435031056404114,0.6842555999755859,1.890621916800228e-07,-0.04307382553815842,0.05373925715684891,0.03608502075076103,0.0269318,0.028575,observed,1.0,0.436967,0.598555,False
280.88,14044,left,True,0.6249193549156189,0.9111385345458984,-9.542277012997147e-08,0.011845257133245468,0.08480726182460785,0.019818373024463654,0.0870148,0.0710215,observed,1.0,0.61728,0.804866,False
280.88,14044,right,True,0.40680021047592163,0.6672977209091187,1.9365398884474416e-07,-0.0458989180624485,0.053241364657878876,0.03570009395480156,0.0120198,0.0334789,observed,1.0,0.440883,0.585938,False
281.0,14050,left,True,0.6309283375740051,0.8989067077636719,-7.019021808218895e-08,0.00846992339938879,0.08036301285028458,0.01585719920694828,0.05039,0.085713,observed,1.0,0.622909,0.786863,False
281.0,14050,right,True,0.4085473120212555,0.6340946555137634,2.1775427683223825e-07,-0.05296817794442177,0.06063371151685715,0.04468280449509621,0.1127209,0.0574657,observed,1.0,0.443551,0.554615,False
281.14,14057,left,True,0.610689640045166,0.9062723517417908,-1.553305395418647e-07,0.009019061923027039,0.07399225234985352,0.0012126334477216005,0.1205983,0.1086581,observed,1.0,0.598251,0.791361,False
281.14,14057,right,True,0.39842987060546875,0.6333051919937134,1.887499649910751e-07,-0.04462302476167679,0.05265568196773529,0.04787563532590866,0.0520487,0.0769191,observed,1.0,0.430261,0.553406,False
281.26,14063,left,True,0.5934628248214722,0.9202213287353516,-2.0909781994760124e-07,0.012926174327731133,0.08286307752132416,-0.0005705278599634767,0.1121353,0.1164806,observed,1.0,0.582215,0.808903,False
281.26,14063,right,True,0.38639143109321594,0.6610373258590698,1.247513097268893e-07,-0.04515714570879936,0.053520869463682175,0.03870171308517456,0.1157291,0.061903,observed,1.0,0.417838,0.581471,False
281.38,14069,left,True,0.6121453046798706,0.8976220488548279,-2.2024470069936797e-07,0.015221644192934036,0.07480108737945557,-0.0044448659755289555,0.1250975,0.1177201,observed,1.0,0.597749,0.789441,False
281.38,14069,right,True,0.3925425112247467,0.6677760481834412,1.8736957940745924e-07,-0.03745417669415474,0.046526771038770676,0.04401037096977234,0.0337686,0.0436987,observed,1.0,0.422275,0.587022,False
281.5,14075,left,True,0.613504946231842,0.8931642770767212,-2.199719517648191e-07,0.012362449429929256,0.07740819454193115,0.00174489535856992,0.037081,0.1010369,observed,1.0,0.602552,0.7854,False
281.5,14075,right,True,0.3972441256046295,0.667650043964386,1.850087016919133e-07,-0.038561947643756866,0.05479855835437775,0.03652651980519295,0.0235513,0.0350695,observed,1.0,0.424527,0.584161,False
281.64,14082,left,True,0.645341694355011,0.8696399331092834,-2.456517051996343e-07,0.013238703832030296,0.0794161930680275,-0.006339292041957378,0.2301304,0.0855941,observed,1.0,0.633118,0.753051,False
281.64,14082,right,True,0.4050043523311615,0.6880149841308594,1.4380437107774924e-07,-0.032051146030426025,0.047800254076719284,0.03937245160341263,0.0506982,0.034712,observed,1.0,0.430221,0.605727,False
281.76,14088,left,True,0.6521120667457581,0.8577351570129395,-1.6231156507728883e-07,0.01921749860048294,0.07875197380781174,0.015096250921487808,0.0350675,0.0928615,observed,1.0,0.633981,0.752242,False
281.76,14088,right,True,0.4052855968475342,0.6994506120681763,1.6582875161930133e-07,-0.03432916849851608,0.05444587394595146,0.0431484691798687,0.034009,0.0413742,observed,1.0,0.429164,0.613658,False
281.88,14094,left,True,0.6606708765029907,0.8355978727340698,-2.4428038614132674e-07,0.01945289596915245,0.08240338414907455,-0.013744357973337173,0.1306471,0.1032885,observed,1.0,0.644756,0.72654,False
281.88,14094,right,True,0.41546615958213806,0.703179121017456,1.5246079954067682e-07,-0.032521024346351624,0.06304177641868591,0.038491811603307724,0.0362413,0.0588655,observed,1.0,0.439136,0.615324,False
282.0,14100,left,True,0.6599650382995605,0.8463073968887329,-1.0700997421508873e-07,0.02398078143596649,0.08050443977117538,0.03924925997853279,0.0792554,0.1048788,observed,1.0,0.638521,0.74691,False
282.0,14100,right,True,0.4233149290084839,0.6803898215293884,1.9728008737729397e-07,-0.03549780324101448,0.06051238998770714,0.03778250887989998,0.123595,0.0968281,observed,1.0,0.448685,0.591606,False
282.14,14107,left,True,0.6550313830375671,0.8761756420135498,-1.88737246276105e-07,0.0370325930416584,0.07421669363975525,-0.0004222907009534538,0.1396048,0.078086,observed,1.0,0.627372,0.791579,False
282.14,14107,right,True,0.449700266122818,0.7121336460113525,1.5976749523360922e-07,-0.027509599924087524,0.07287654280662537,0.048132672905921936,0.1362251,0.1319431,observed,1.0,0.465117,0.616244,False
282.26,14113,left,True,0.6559074521064758,0.8891699314117432,-1.4172400142342667e-07,0.03649800270795822,0.06428472697734833,0.024922991171479225,0.0361835,0.0547604,observed,1.0,0.627516,0.800354,False
282.26,14113,right,True,0.45917806029319763,0.7449951171875,1.814133554489672e-07,-0.028176015242934227,0.051936954259872437,0.03236139193177223,0.180304,0.1267244,observed,1.0,0.479476,0.64886,False
282.38,14119,left,True,0.6534162163734436,0.8952613472938538,-1.868967274276656e-07,0.03343936800956726,0.07376838475465775,0.042054176330566406,0.0410288,0.05854,observed,1.0,0.627563,0.800878,False
282.38,14119,right,True,0.4534617066383362,0.7319226264953613,1.6355474485862942e-07,-0.02299436368048191,0.05571175366640091,0.03497130051255226,0.0591904,0.1110203,observed,1.0,0.47077,0.63744,False
282.5,14125,left,True,0.6624720096588135,0.9226265549659729,-2.0131211897478352e-07,0.04234417527914047,0.05985068529844284,0.03304413706064224,0.1561982,0.0732154,observed,1.0,0.633353,0.837456,False
282.5,14125,right,True,0.4464530348777771,0.7068875432014465,1.8878097307606367e-07,-0.021699581295251846,0.06559246778488159,0.035786546766757965,0.1159967,0.0880585,observed,1.0,0.460265,0.613198,False
282.64,14132,left,False,,,,,,,,,,0.0,,,False
282.64,14132,right,True,0.4389457702636719,0.6908386945724487,1.6124215562740574e-07,-0.019204195588827133,0.05665677413344383,0.034340694546699524,0.0716004,0.0713384,observed,1.0,0.452108,0.600448,False
282.76,14138,left,False,,,,,,,,,,0.0,,,False
282.76,14138,right,True,0.42943426966667175,0.6959283351898193,1.4893799971105182e-07,-0.0216217003762722,0.055808983743190765,0.03951964154839516,0.023423,0.0716791,observed,1.0,0.442523,0.605335,False
282.88,14144,left,False,,,,,,,,,,0.0,,,False
282.88,14144,right,True,0.41288524866104126,0.7106052041053772,1.458334253356952e-07,-0.01407582126557827,0.05242809280753136,0.03187774121761322,0.0708292,0.073465,observed,1.0,0.419945,0.613942,False
283.0,14150,left,False,,,,,,,,,,0.0,,,False
283.0,14150,right,True,0.4105370342731476,0.7389214038848877,1.6486796994286124e-07,-0.013874172233045101,0.07427018135786057,0.04006824269890785,0.0807476,0.0773787,observed,1.0,0.416686,0.637225,False
283.14,14157,left,False,,,,,,,,,,0.0,,,False
283.14,14157,right,True,0.41781479120254517,0.7654523849487305,1.8926515110706532e-07,-0.022867824882268906,0.0579761266708374,0.03558071330189705,0.127775,0.0883073,observed,1.0,0.433316,0.666355,False
283.26,14163,left,False,,,,,,,,,,0.0,,,False
283.26,14163,right,True,0.4185687005519867,0.7539284229278564,1.779875873353376e-07,-0.021482277661561966,0.05916370451450348,0.02562558464705944,0.0697285,0.0892602,observed,1.0,0.432449,0.654367,False
283.38,14169,left,False,,,,,,,,,,0.0,,,False
283.38,14169,right,True,0.40769028663635254,0.7327032685279846,1.9730923384031485e-07,-0.021113242954015732,0.06670556217432022,0.033092793077230453,0.1113559,0.079137,observed,1.0,0.422161,0.633798,False
283.5,14175,left,False,,,,,,,,,,0.0,,,False
283.5,14175,right,True,0.40380239486694336,0.7177382707595825,1.8239188648294657e-07,-0.024391353130340576,0.062477223575115204,0.03245174512267113,0.0614297,0.0670851,observed,1.0,0.419533,0.622367,False
283.64,14182,left,False,,,,,,,,,,0.0,,,False
283.64,14182,right,True,0.40566033124923706,0.7198408842086792,1.8182460337357043e-07,-0.02184370346367359,0.06366072595119476,0.03620310500264168,0.0280759,0.0610279,observed,1.0,0.419859,0.624006,False
283.76,14188,left,False,,,,,,,,,,0.0,,,False
283.76,14188,right,True,0.39762258529663086,0.718076765537262,1.4626394317929226e-07,-0.007353043183684349,0.05496872961521149,0.04861314967274666,0.1837824,0.0605551,observed,1.0,0.398321,0.613008,False
283.88,14194,left,True,0.6975021362304688,0.8546746969223022,1.4578747098425993e-08,0.017257021740078926,0.08583580702543259,0.04795828461647034,,,,0.0,0.687453,0.758964,False
283.88,14194,right,True,0.38898539543151855,0.7042807936668396,-1.0231210545441627e-08,-0.015445299446582794,0.07066785544157028,0.03516451641917229,0.0602467,0.0603241,observed,1.0,0.397964,0.583304,False
284.0,14200,left,True,0.6991887092590332,0.8478832840919495,-2.3867253062803684e-08,0.025864936411380768,0.07307461649179459,0.04838598892092705,0.0695167,0.1141227,observed,1.0,0.681051,0.75335,False
284.0,14200,right,True,0.38245582580566406,0.7050204277038574,-6.127795160182359e-08,-0.02896200492978096,0.07915113866329193,0.03912373259663582,0.0398654,0.1077718,observed,1.0,0.402457,0.589251,False
284.14,14207,left,True,0.7333775162696838,0.8716030716896057,-1.3232073570179637e-07,0.024949803948402405,0.06735865026712418,0.041170500218868256,0.1356906,0.1824804,observed,1.0,0.712198,0.773374,False
284.14,14207,right,True,0.372713178396225,0.7342434525489807,-2.9116273836393702e-08,-0.01252706442028284,0.07095333933830261,0.034704919904470444,0.2669724,0.2187114,observed,1.0,0.377671,0.624638,False
284.26,14213,left,True,0.7326489090919495,0.8186900615692139,1.0265940630915793e-07,0.027783215045928955,0.08825747668743134,0.054650209844112396,0.29584,0.2497268,observed,1.0,0.710654,0.707584,False
284.26,14213,right,True,0.36058372259140015,0.775968074798584,-7.610274366243175e-08,0.0027599865570664406,0.06864427775144577,0.0429496094584465,0.352953,0.2548635,observed,1.0,0.34813,0.671533,False
284.38,14219,left,True,0.7232247591018677,0.7615932822227478,9.436379144744933e-08,0.0391666479408741,0.08922071009874344,0.04855312407016754,0.3306052,0.2679604,observed,1.0,0.693055,0.651549,False
284.38,14219,right,True,0.3526031970977783,0.8147456645965576,-1.1957692436226353e-07,0.01269262284040451,0.06814227253198624,-0.003604491939768195,0.2561738,0.2254783,observed,1.0,0.337625,0.718299,False
284.5,14225,left,True,0.7417670488357544,0.7834960222244263,-1.5471620429252653e-07,0.04419779032468796,0.06267252564430237,0.0406094454228878,0.0888934,0.2380187,observed,1.0,0.703463,0.689373,False
284.5,14225,right,True,0.37096884846687317,0.8265435695648193,-1.0000059091908042e-07,0.011793326586484909,0.0794350802898407,0.00667862594127655,0.1249073,0.1692672,observed,1.0,0.359806,0.719059,False
284.64,14232,left,True,0.768412172794342,0.8235461711883545,-1.938294786896222e-07,0.04410729557275772,0.0650496557354927,0.03819265216588974,0.2290787,0.1830651,observed,1.0,0.73474,0.732787,False
284.64,14232,right,True,0.3767777681350708,0.8041940331459045,-3.4008085236791885e-08,0.012384403496980667,0.07668117433786392,0.015139744617044926,0.120723,0.1223564,observed,1.0,0.36414,0.691694,False
284.76,14238,left,True,0.7634303569793701,0.8417248129844666,-1.6161829208272138e-08,0.03229881450533867,0.0715358704328537,0.04728597775101662,0.1693289,0.1802076,observed,1.0,0.738019,0.739635,False
284.76,14238,right,True,0.37152978777885437,0.8109806776046753,4.8896175997015234e-09,0.008623741567134857,0.09100678563117981,0.030545715242624283,0.0879543,0.1334305,observed,1.0,0.365802,0.694274,False
284.88,14244,left,True,0.7307687401771545,0.8645982146263123,-5.0948660401672896e-08,0.02756698988378048,0.07338675856590271,0.055864181369543076,0.1386,0.2126743,observed,1.0,0.703939,0.761845,False
284.88,14244,right,True,0.3616550862789154,0.8246808052062988,1.1600199911754316e-07,0.016040287911891937,0.07557708770036697,0.038703788071870804,0.1305761,0.1651937,observed,1.0,0.348917,0.717557,False
285.0,14250,left,True,0.6943814158439636,0.881691038608551,7.543091706807559e-10,0.03952246159315109,0.08361560106277466,0.026639696210622787,0.3356154,0.2961572,observed,1.0,0.659413,0.773197,False
285.0,14250,right,True,0.33884936571121216,0.8542721271514893,1.976976022888266e-07,0.036236461251974106,0.07290368527173996,0.024461381137371063,0.3813189,0.2257398,observed,1.0,0.313604,0.75748,False
285.14,14257,left,False,,,,,,,0.4127744,0.392539,interpolated_for_motion,0.4,0.652105,0.652654,True
285.14,14257,right,True,0.32656678557395935,0.8549856543540955,2.2320958237287414e-07,0.03866416960954666,0.07055966556072235,0.023315327242016792,0.2757061,0.2529787,observed,1.0,0.296795,0.754233,False
285.26,14263,left,False,,,,,,,0.4096606,0.40656,interpolated_for_motion,0.4,0.653024,0.553417,True
285.26,14263,right,True,0.3446631133556366,0.8464957475662231,2.110731998072879e-07,0.031235679984092712,0.08256995677947998,0.010250466875731945,0.085386,0.2124122,observed,1.0,0.324217,0.7443,False
285.38,14269,left,True,0.7023906111717224,0.5167925357818604,-1.9621175795236923e-07,0.06891589611768723,0.05202285945415497,0.033666908740997314,0.4082077,0.398215,interpolated_for_motion,0.4,0.657159,0.456905,False
285.38,14269,right,True,0.3681607246398926,0.8682681322097778,1.799972295657426e-07,0.007909327745437622,0.09805873036384583,-0.03657829388976097,0.2277254,0.179028,observed,1.0,0.368119,0.756419,False
285.5,14275,left,False,,,,,,,0.3680549,0.3812683,interpolated_for_motion,0.4,0.709651,0.497554,True
285.5,14275,right,True,0.3854537606239319,0.8612346649169922,2.7598008500717697e-07,-0.00023999111726880074,0.09796768426895142,-0.029160525649785995,0.1333625,0.169574,observed,1.0,0.391536,0.747471,False
285.64,14282,left,True,0.7914108633995056,0.6415801644325256,-1.347894027503571e-07,0.038448721170425415,0.07139917463064194,0.043473854660987854,0.3657761,0.3163472,interpolated_for_motion,0.4,0.760808,0.555107,False
285.64,14282,right,True,0.4059426784515381,0.7972831726074219,3.021161205651879e-07,0.007709193974733353,0.08998757600784302,0.0015883900923654437,0.1784623,0.1826185,observed,1.0,0.402834,0.705108,False
285.76,14288,left,True,0.7812524437904358,0.6965585350990295,-2.179025955229008e-07,0.0425039604306221,0.07363846153020859,0.038056086748838425,0.1957078,0.2445679,observed,1.0,0.74874,0.615851,False
285.76,14288,right,True,0.4190821051597595,0.802767276763916,2.1274685479966138e-07,0.008973831310868263,0.09641620516777039,-0.009780225344002247,0.1906986,0.1918448,observed,1.0,0.418441,0.69443,False
285.88,14294,left,True,0.7729918956756592,0.7786703109741211,-1.4664774994344043e-07,0.03544957935810089,0.07547707110643387,0.042061302810907364,0.2244817,0.1850019,observed,1.0,0.746666,0.690666,False
285.88,14294,right,True,0.4285525977611542,0.7879419326782227,2.658935898125492e-07,-0.03191857412457466,0.07696978002786636,-0.047050897032022476,0.2569739,0.2071739,observed,1.0,0.449973,0.699319,False
286.0,14300,left,True,0.7470388412475586,0.8054644465446472,-3.0024835950825945e-08,0.02205490507185459,0.07240306586027145,0.03765534237027168,0.0678593,0.1233617,observed,1.0,0.731669,0.708787,False
286.0,14300,right,True,0.41948121786117554,0.7859051823616028,2.1655229431871703e-07,-0.044347383081912994,0.061546631157398224,-0.03417213261127472,0.0581475,0.1887537,observed,1.0,0.448419,0.710534,False
286.14,14307,left,True,0.7163368463516235,0.831584632396698,-7.122782363921942e-09,0.006404303014278412,0.07412674278020859,0.023036282509565353,0.0831797,0.0853652,observed,1.0,0.713353,0.733077,False
286.14,14307,right,True,0.404132604598999,0.7895354628562927,2.470295896728203e-07,0.0017844773828983307,0.08328992873430252,0.027737781405448914,0.2853445,0.136984,observed,1.0,0.40234,0.692993,False
286.26,14313,left,True,0.709309995174408,0.8754627704620361,-1.7179787903387478e-07,-0.008179055526852608,0.057074740529060364,0.03694196045398712,0.0896142,0.0882155,observed,1.0,0.713835,0.785099,False
286.26,14313,right,True,0.39351487159729004,0.7678917646408081,-3.979232499062846e-09,-0.02114631049335003,0.06618241965770721,0.04317741468548775,0.0563617,0.121066,observed,1.0,0.408962,0.686303,False
286.38,14319,left,True,0.6977684497833252,0.9187593460083008,-1.130252513803498e-07,-0.013454711064696312,0.07576337456703186,0.041355814784765244,0.0938719,0.0903031,observed,1.0,0.704807,0.82696,False
286.38,14319,right,True,0.4198321998119354,0.7476793527603149,1.006301602046733e-07,-0.023344237357378006,0.07463034987449646,0.02596835047006607,0.1667518,0.1262909,observed,1.0,0.433462,0.665995,False
286.5,14325,left,True,0.708706259727478,0.9596779346466064,-9.445768256455267e-08,-0.017071444541215897,0.0706121027469635,0.043162811547517776,0.0708516,0.0920831,observed,1.0,0.71935,0.864503,False
286.5,14325,right,False,,,,,,,,,,0.0,,,False
286.64,14332,left,True,0.7360085844993591,1.010659098625183,-1.0452031062868627e-07,-0.021596938371658325,0.08220938593149185,0.03142490237951279,0.1205093,0.096847,observed,1.0,0.750899,0.914303,False
286.64,14332,right,False,,,,,,,,,,0.0,,,False
286.76,14338,left,True,0.7619773745536804,1.0547093152999878,-1.2758887635300198e-07,-0.023306075483560562,0.07494226098060608,0.03578783944249153,0.0923814,0.1010055,observed,1.0,0.778997,0.957799,False
286.76,14338,right,False,,,,,,,,,,0.0,,,False
286.88,14344,left,False,,,,,,,,,,0.0,,,False
286.88,14344,right,False,,,,,,,,,,0.0,,,False
287.0,14350,left,False,,,,,,,,,,0.0,,,False
287.0,14350,right,False,,,,,,,,,,0.0,,,False
287.14,14357,left,False,,,,,,,,,,0.0,,,False
287.14,14357,right,False,,,,,,,,,,0.0,,,False
287.26,14363,left,False,,,,,,,,,,0.0,,,False
287.26,14363,right,False,,,,,,,,,,0.0,,,False
287.38,14369,left,False,,,,,,,,,,0.0,,,False
287.38,14369,right,False,,,,,,,,,,0.0,,,False
287.5,14375,left,False,,,,,,,,,,0.0,,,False
287.5,14375,right,False,,,,,,,,,,0.0,,,False
287.64,14382,left,False,,,,,,,,,,0.0,,,False
287.64,14382,right,False,,,,,,,,,,0.0,,,False
287.76,14388,left,False,,,,,,,,,,0.0,,,False
287.76,14388,right,False,,,,,,,,,,0.0,,,False
287.88,14394,left,False,,,,,,,,,,0.0,,,False
287.88,14394,right,False,,,,,,,,,,0.0,,,False
288.0,14400,left,False,,,,,,,,,,0.0,,,False
288.0,14400,right,False,,,,,,,,,,0.0,,,False
288.14,14407,left,False,,,,,,,,,,0.0,,,False
288.14,14407,right,False,,,,,,,,,,0.0,,,False
288.26,14413,left,False,,,,,,,,,,0.0,,,False
288.26,14413,right,True,0.31271836161613464,0.8701412677764893,2.774530685201171e-07,0.03464289754629135,0.06243487074971199,-0.015568592585623264,,,,0.0,0.2955,0.801681,False
288.38,14419,left,True,0.6086207032203674,1.027671456336975,6.275155506330066e-09,-0.00024816952645778656,0.07561559975147247,0.031091710552573204,,,,0.0,0.613708,0.926419,False
288.38,14419,right,True,0.3636291027069092,0.8276957869529724,1.1299903235340025e-07,-0.0084734708070755,0.06678922474384308,0.014151127077639103,0.8299992,0.4026031,observed,1.0,0.370108,0.750576,False
288.5,14425,left,True,0.6118813753128052,1.044796109199524,-5.8602179109357166e-08,-0.0046163867227733135,0.08204087615013123,0.03392718732357025,0.4736429,0.2473998,observed,1.0,0.616085,0.940133,False
288.5,14425,right,False,,,,,,,0.2136201,0.3016996,interpolated_for_motion,0.4,0.409576,0.811176,True
288.64,14432,left,True,0.6182198524475098,1.0630967617034912,-3.9902218418319535e-08,-0.008777567185461521,0.08856024593114853,0.03407342731952667,0.0687587,0.2129827,observed,1.0,0.626086,0.959773,False
288.64,14432,right,True,0.42831483483314514,0.8469082117080688,2.0993026339510834e-07,-0.0238923579454422,0.07542799413204193,-0.025407878682017326,0.2066564,0.1658835,interpolated_for_motion,0.4,0.440143,0.777811,False
288.76,14438,left,True,0.6415804028511047,1.065311312675476,-7.790294631604411e-08,-0.01465008407831192,0.08597321063280106,0.0430411659181118,0.2028356,0.1888225,observed,1.0,0.654368,0.962064,False
288.76,14438,right,True,0.43580013513565063,0.8630626201629639,2.252203046282375e-07,-0.021669605746865273,0.07228954881429672,8.54917016113177e-05,0.0945279,0.1032356,observed,1.0,0.446549,0.794749,False
288.88,14444,left,True,0.6594042778015137,1.0449438095092773,-4.935778363801546e-08,-0.018106313422322273,0.09524206817150116,0.036317598074674606,0.1864377,0.1799814,observed,1.0,0.674635,0.942583,False
288.88,14444,right,True,0.43149271607398987,0.8739761114120483,2.3048841057971003e-07,-0.015544998459517956,0.06639469414949417,0.01133846864104271,0.0233774,0.0594546,observed,1.0,0.444006,0.808883,False
289.0,14450,left,True,0.6623614430427551,1.0112587213516235,-7.474324803524723e-08,-0.029775377362966537,0.08975446224212646,0.026258112862706184,0.1575537,0.153982,observed,1.0,0.683692,0.910221,False
289.0,14450,right,True,0.41139212250709534,0.8692269921302795,1.1782827868955792e-07,-0.028999648988246918,0.06060972437262535,0.004504293203353882,0.0315985,0.0599699,observed,1.0,0.429948,0.80341,False
289.14,14457,left,True,0.6610596776008606,0.9802554845809937,-7.631048504208593e-08,-0.03229938820004463,0.08862992376089096,0.015916766598820686,0.0724771,0.1054306,observed,1.0,0.682785,0.884034,False
289.14,14457,right,False,,,,,,,0.1363558,0.1125538,interpolated_for_motion,0.4,0.396284,0.798555,True
289.26,14463,left,True,0.6603471636772156,0.9628535509109497,-1.2168659679900884e-07,-0.03463083505630493,0.08560869842767715,0.011190980672836304,0.0993427,0.0951096,observed,1.0,0.684428,0.869,False
289.26,14463,right,False,,,,,,,0.1371836,0.134214,interpolated_for_motion,0.4,0.36241,0.798561,True
289.38,14469,left,True,0.6533480286598206,0.9407345056533813,-1.0299748964825994e-07,-0.03539561852812767,0.08658639341592789,0.020540444180369377,0.0401434,0.119709,observed,1.0,0.674649,0.84481,False
289.38,14469,right,True,0.34836408495903015,0.8729245662689209,1.5990083568340197e-07,0.041181717067956924,0.06949014216661453,-0.024921998381614685,0.137641,0.1261569,interpolated_for_motion,0.4,0.331843,0.803954,False
289.5,14475,left,True,0.6320566534996033,0.9598643183708191,-1.7563939991305233e-07,-0.022604970261454582,0.0870126336812973,0.03569712117314339,0.2328216,0.1668459,observed,1.0,0.644283,0.858394,False
289.5,14475,right,True,0.35463783144950867,0.8744959235191345,2.2783517295010824e-07,0.03218866512179375,0.07203739136457443,-0.037133023142814636,0.0835549,0.1067355,observed,1.0,0.342127,0.802383,False
289.64,14482,left,False,,,,,,,0.2043399,0.2106345,interpolated_for_motion,0.4,0.601426,0.863599,True
289.64,14482,right,True,0.35912391543388367,0.860204815864563,3.500576326587179e-07,0.04566217586398125,0.07429607957601547,-0.04182369261980057,0.0950897,0.0777821,observed,1.0,0.345543,0.791628,False
289.76,14488,left,True,0.556499719619751,0.9743867516517639,-1.8445112459630764e-07,-0.011159737594425678,0.07781161367893219,0.028581904247403145,0.2035312,0.2362,interpolated_for_motion,0.4,0.564754,0.871761,False
289.76,14488,right,True,0.354015976190567,0.860088050365448,3.725877490978746e-07,0.044210124760866165,0.07822487503290176,-0.05138621851801872,0.0587518,0.0658801,observed,1.0,0.342596,0.787221,False
289.88,14494,left,True,0.5910667181015015,0.9398127794265747,-7.770439403032015e-09,-0.017527548596262932,0.0864987000823021,0.026180047541856766,0.3232897,0.2735184,observed,1.0,0.603297,0.830991,False
289.88,14494,right,True,0.3428824543952942,0.8651643395423889,3.897218050497031e-07,0.03339206427335739,0.07984402030706406,-0.04706639423966408,0.0360521,0.0630162,observed,1.0,0.335043,0.785458,False
290.0,14500,left,True,0.6283231377601624,0.919590950012207,-4.811337461774201e-08,-0.024344371631741524,0.09863711893558502,0.017176533117890358,0.2967117,0.3018575,observed,1.0,0.644441,0.809702,False
290.0,14500,right,False,,,,,,,0.0688864,0.0654909,interpolated_for_motion,0.4,0.330748,0.801149,True
290.14,14507,left,True,0.5645236968994141,0.976941704750061,-1.968822687103966e-07,-0.007264527026563883,0.07822725921869278,0.03609169274568558,0.5286201,0.3093784,observed,1.0,0.568882,0.868363,False
290.14,14507,right,True,0.3318793475627899,0.9059003591537476,3.256847378452221e-07,0.02472790703177452,0.07470634579658508,-0.016692576929926872,0.0690903,0.3392534,interpolated_for_motion,0.4,0.326015,0.824715,False
290.26,14513,left,True,0.5337557196617126,0.9893478155136108,-1.4557920735569496e-07,-0.0031172670423984528,0.08839980512857437,0.03593404218554497,0.2731882,0.308458,observed,1.0,0.53134,0.87498,False
290.26,14513,right,False,,,,,,,0.8629368,0.6587459,interpolated_for_motion,0.4,0.44362,0.802406,True
290.38,14519,left,True,0.5629149675369263,0.9335355758666992,5.4379976077711945e-09,0.0003411490470170975,0.09099455922842026,0.03351693972945213,0.3188651,0.3078422,observed,1.0,0.560661,0.810012,False
290.38,14519,right,True,0.5567374229431152,0.872809112071991,-1.7911351335442305e-07,-0.005079046823084354,0.07159179449081421,0.030520210042595863,0.8713347,0.8166621,interpolated_for_motion,0.4,0.56299,0.776282,False
290.5,14525,left,True,0.5960368514060974,0.8736123442649841,-9.637808773277357e-08,-0.004961547441780567,0.0934947207570076,0.010956459678709507,0.3046591,0.282324,observed,1.0,0.59628,0.751507,False
290.5,14525,right,True,0.31314146518707275,0.8952854871749878,2.3906878254820185e-07,-0.011347785592079163,0.07677412033081055,-0.02065344899892807,1.810474,0.701953,observed,1.0,0.317096,0.798549,False
290.64,14532,left,True,0.6109336018562317,0.8309699296951294,-8.960574149341483e-08,-0.018810704350471497,0.08442256599664688,0.030569540336728096,0.2032946,0.2230623,observed,1.0,0.622782,0.721875,False
290.64,14532,right,True,0.30384746193885803,0.8974962830543518,3.3508092656120425e-07,0.020916622132062912,0.06670558452606201,-0.018470721319317818,0.1370443,0.2771194,observed,1.0,0.294335,0.806196,False
290.76,14538,left,True,0.5964125990867615,0.7962673902511597,-1.1042506287139986e-07,-0.00308116152882576,0.08234365284442902,0.03265318647027016,0.1928857,0.2026766,observed,1.0,0.594379,0.694852,False
290.76,14538,right,True,0.3078319728374481,0.8889337182044983,3.529555669956608e-07,0.03898611664772034,0.07601276785135269,-0.01823234185576439,0.0266327,0.07569,observed,1.0,0.294209,0.800798,False
290.88,14544,left,True,0.5773887038230896,0.7863370776176453,-1.7185048761803046e-07,-0.0051284004002809525,0.08031275123357773,0.02916116639971733,0.0811009,0.2217673,observed,1.0,0.581015,0.687376,False
290.88,14544,right,True,0.31358057260513306,0.8865323066711426,3.298937372164801e-07,0.03810766339302063,0.07819417864084244,-0.018120743334293365,0.052447,0.0627283,observed,1.0,0.297162,0.794984,False
291.0,14550,left,True,0.603139340877533,0.8339546918869019,-3.5986587931802205e-07,0.001548856496810913,0.057257022708654404,0.04138696566224098,0.3010726,0.2836798,observed,1.0,0.601969,0.748218,False
291.0,14550,right,True,0.3020409941673279,0.8645961880683899,2.651302395406674e-07,0.027909915894269943,0.07849899679422379,0.005404733587056398,0.1847278,0.0672645,observed,1.0,0.282864,0.758032,False
291.14,14557,left,False,,,,,,,0.3863381,0.3673363,interpolated_for_motion,0.4,0.636387,0.843351,True
291.14,14557,right,True,0.2968575060367584,0.8665255308151245,2.3726461506612395e-07,0.03759218752384186,0.0726383849978447,-0.008474373258650303,0.0706577,0.0800379,observed,1.0,0.274002,0.760785,False
291.26,14563,left,True,0.6716967821121216,0.9973629117012024,-3.13194021828167e-08,0.029577961191534996,0.08716791868209839,0.044287167489528656,0.3852588,0.3911524,interpolated_for_motion,0.4,0.664304,0.922611,False
291.26,14563,right,True,0.28483182191848755,0.8785895109176636,2.3318983721765107e-07,0.024096304550766945,0.07816261798143387,0.02068820409476757,0.0828037,0.0829307,observed,1.0,0.266357,0.777073,False
291.38,14569,left,False,,,,,,,0.4054775,0.3967984,interpolated_for_motion,0.4,0.629182,0.837325,True
291.38,14569,right,True,0.29028820991516113,0.8908901810646057,3.394786745047895e-07,0.03583411127328873,0.07440147548913956,0.01136412937194109,0.0831932,0.0830662,observed,1.0,0.265744,0.796785,False
291.5,14575,left,False,,,,,,,0.4019646,0.4008997,interpolated_for_motion,0.4,0.589966,0.748895,True
291.5,14575,right,True,0.2876722812652588,0.9145535826683044,2.752902332758822e-07,0.03467506542801857,0.07834569364786148,0.019289657473564148,0.1059476,0.0843013,observed,1.0,0.266608,0.816347,False
291.64,14582,left,True,0.5727059841156006,0.7070070505142212,-6.328976809300002e-08,0.04560904949903488,0.05330532789230347,0.013212342746555805,0.3996796,0.4240517,interpolated_for_motion,0.4,0.546633,0.65587,False
291.64,14582,right,True,0.2972474694252014,0.9151689410209656,2.6108989459316945e-07,0.025898275896906853,0.07624270021915436,0.011127520352602005,0.0775135,0.086994,observed,1.0,0.277793,0.826116,False
291.76,14588,left,False,,,,,,,0.4669919,0.4265591,interpolated_for_motion,0.4,0.585751,0.746888,True
291.76,14588,right,True,0.2982886731624603,0.8917079567909241,3.867466773499473e-07,0.04203071445226669,0.07111897319555283,-0.0010069649433717132,0.0881286,0.0871873,observed,1.0,0.271668,0.806551,False
291.88,14594,left,True,0.6401011943817139,0.9150770306587219,-1.4669583947579667e-07,0.03560717776417732,0.06810997426509857,0.03634517639875412,0.4676231,0.3691736,interpolated_for_motion,0.4,0.620454,0.843213,False
291.88,14594,right,True,0.28368642926216125,0.8875830173492432,3.334824612011289e-07,0.04002397134900093,0.07732220739126205,0.013387163169682026,0.1157468,0.0843781,observed,1.0,0.260425,0.78857,False
292.0,14600,left,False,,,,,,,0.1080235,0.2299682,interpolated_for_motion,0.4,0.617212,0.868132,True
292.0,14600,right,True,0.27325937151908875,0.877544641494751,2.6851520829040965e-07,0.026862628757953644,0.07350895553827286,0.003394273342564702,0.0737402,0.0687409,observed,1.0,0.251604,0.777807,False
292.14,14607,left,True,0.6372014880180359,0.96837317943573,1.0360145097365603e-07,0.024428244680166245,0.08628922700881958,-0.0011092976201325655,0.1080501,0.1721792,interpolated_for_motion,0.4,0.615962,0.890866,False
292.14,14607,right,False,,,,,,,0.0306411,0.0430341,interpolated_for_motion,0.4,0.250397,0.785795,True
292.26,14613,left,True,0.5691399574279785,0.9272449612617493,-5.0182819677502266e-08,0.019974548369646072,0.06920638680458069,0.014328505843877792,0.5199993,0.2521664,observed,1.0,0.55201,0.831882,False
292.26,14613,right,True,0.2767874300479889,0.8622051477432251,2.0835824443565798e-07,0.04921829700469971,0.05321109667420387,-0.009780073538422585,0.0307358,0.0441278,interpolated_for_motion,0.4,0.248538,0.797322,False
292.38,14619,left,True,0.5413779020309448,0.9498502016067505,-1.4746647991614736e-07,0.03325057774782181,0.0874909907579422,0.022298438474535942,0.2894409,0.2943431,observed,1.0,0.51571,0.843442,False
292.38,14619,right,True,0.27061545848846436,0.8563330173492432,2.4249905550277617e-07,0.05485114827752113,0.051108408719301224,0.0014872171450406313,0.1226439,0.0619616,observed,1.0,0.234927,0.793712,False
292.5,14625,left,True,0.5638452768325806,0.8984051942825317,-2.4578710622336075e-07,0.02229766920208931,0.07850185036659241,-0.0010442398488521576,0.3263911,0.3032721,observed,1.0,0.546871,0.779125,False
292.5,14625,right,True,0.27069899439811707,0.8448383212089539,1.2208742816710583e-07,0.06011731177568436,0.05393466725945473,0.011796069331467152,0.0661294,0.0763323,observed,1.0,0.232839,0.781453,False
292.64,14632,left,True,0.587582528591156,0.8390432596206665,-2.0815450341160613e-07,0.00987025536596775,0.07265660166740417,-0.020672591403126717,0.2951934,0.2846219,observed,1.0,0.581027,0.719598,False
292.64,14632,right,True,0.25766345858573914,0.8481742739677429,1.0787644555421139e-07,0.05588217452168465,0.052189651876688004,0.009118595160543919,0.0944171,0.0838508,observed,1.0,0.218734,0.776043,False
292.76,14638,left,True,0.5663776993751526,0.8654932975769043,-2.1807235839332861e-07,0.02206200733780861,0.0797181949019432,0.012524835765361786,0.2904716,0.2440627,observed,1.0,0.542776,0.753663,False
292.76,14638,right,True,0.2517624497413635,0.8481412529945374,1.2409054761519656e-07,0.06201421469449997,0.04880451783537865,0.013385390862822533,0.0680367,0.0913162,observed,1.0,0.208376,0.78454,False
292.88,14644,left,True,0.5596709847450256,0.8248240947723389,-2.2029740875950665e-07,0.012063221074640751,0.0630921870470047,-0.011974718421697617,0.158872,0.1832606,observed,1.0,0.54727,0.708511,False
292.88,14644,right,True,0.26291635632514954,0.8346131443977356,2.2419759204694856e-07,0.05710308626294136,0.030237147584557533,0.0319802463054657,0.1059957,0.1004942,observed,1.0,0.220606,0.791799,False
293.0,14650,left,True,0.550476610660553,0.8160827159881592,-1.9363662318028219e-07,0.014056925661861897,0.07421332597732544,-0.012813223525881767,0.0574587,0.1201298,observed,1.0,0.538509,0.709919,False
293.0,14650,right,True,0.25377094745635986,0.8441122770309448,4.9351758235616217e-08,0.05387754365801811,0.05255695432424545,0.016990777105093002,0.1436404,0.0913266,observed,1.0,0.21261,0.770875,False
293.14,14657,left,False,,,,,,,0.0866215,0.0867816,interpolated_for_motion,0.4,0.544248,0.689282,True
293.14,14657,right,False,,,,,,,0.0454731,0.0594999,interpolated_for_motion,0.4,0.209212,0.767159,True
293.26,14663,left,True,0.5660870671272278,0.7517060041427612,-2.22861700649446e-07,0.02110268920660019,0.07576216757297516,-0.022540196776390076,0.086901,0.0871399,interpolated_for_motion,0.4,0.551556,0.661316,False
293.26,14663,right,True,0.2483416646718979,0.8051069378852844,2.3956206973707594e-07,0.06740166246891022,0.05044934153556824,0.0032820231281220913,0.0456198,0.0445687,interpolated_for_motion,0.4,0.207958,0.752283,False
293.38,14669,left,False,,,,,,,0.088484,0.087527,interpolated_for_motion,0.4,0.541675,0.666023,True
293.38,14669,right,True,0.24738091230392456,0.839827299118042,-7.24726803014164e-08,0.03351491689682007,0.07388971000909805,0.022742368280887604,0.0827555,0.0414318,observed,1.0,0.221302,0.749784,False
293.5,14675,left,False,,,,,,,0.0878571,0.0877226,interpolated_for_motion,0.4,0.534264,0.6579,True
293.5,14675,right,True,0.25719305872917175,0.8277262449264526,1.914066700692274e-07,0.04936686158180237,0.05868782848119736,0.01458426471799612,0.0295534,0.0350105,observed,1.0,0.224844,0.751841,False
293.64,14682,left,True,0.5443931221961975,0.7511438131332397,-2.03601715043078e-07,0.015370788052678108,0.07090429961681366,-0.04621582105755806,0.0875557,0.0818256,interpolated_for_motion,0.4,0.530165,0.654433,False
293.64,14682,right,True,0.2651374936103821,0.8356536626815796,4.1998656996611317e-08,0.04387035220861435,0.06350050121545792,0.01922382414340973,0.0208368,0.0480442,observed,1.0,0.233382,0.75449,False
293.76,14688,left,False,,,,,,,0.0704816,0.0795487,interpolated_for_motion,0.4,0.537234,0.642583,True
293.76,14688,right,True,0.26855579018592834,0.8215950727462769,9.781931709085256e-08,0.04845215752720833,0.0626228004693985,0.01373251248151064,0.0942554,0.0691145,observed,1.0,0.235935,0.740312,False
293.88,14694,left,True,0.5667200088500977,0.6898940801620483,-7.584117156511638e-08,0.023216966539621353,0.06032586470246315,-0.0341920480132103,0.0704389,0.0899926,interpolated_for_motion,0.4,0.549303,0.618803,False
293.88,14694,right,True,0.26253941655158997,0.8142065405845642,-1.196997612140649e-08,0.039193589240312576,0.07003746926784515,0.025155136361718178,0.0839926,0.0776911,observed,1.0,0.235882,0.72543,False
294.0,14700,left,False,,,,,,,0.141047,0.1170787,interpolated_for_motion,0.4,0.575716,0.648866,True
294.0,14700,right,True,0.2842916250228882,0.8189042806625366,1.6439429373349412e-07,0.06340178847312927,0.05965077504515648,0.010993871837854385,0.0734807,0.0759999,observed,1.0,0.245958,0.750095,False
294.14,14707,left,False,,,,,,,0.1411383,0.1491771,interpolated_for_motion,0.4,0.588006,0.667376,True
294.14,14707,right,True,0.28496870398521423,0.8073715567588806,1.4726099095696554e-07,0.06431390345096588,0.056929171085357666,0.0015048885252326727,0.0396896,0.0620259,observed,1.0,0.245148,0.73775,False
294.26,14713,left,True,0.6091588735580444,0.7753968238830566,-1.9140671270179155e-07,0.004633260890841484,0.07381530106067657,-0.02630685083568096,0.1403066,0.179871,interpolated_for_motion,0.4,0.606806,0.68715,False
294.26,14713,right,True,0.2896447777748108,0.8093563914299011,-7.993707384912341e-08,0.04319220781326294,0.06944863498210907,0.022334152832627296,0.0689078,0.0547905,observed,1.0,0.256202,0.722371,False
294.38,14719,left,False,,,,,,,0.2628601,0.2212288,interpolated_for_motion,0.4,0.574308,0.713423,True
294.38,14719,right,True,0.30367082357406616,0.8043494820594788,1.343769469031031e-07,0.05655919387936592,0.048437345772981644,0.014197350479662418,0.0195238,0.0531515,observed,1.0,0.260029,0.739996,False
294.5,14725,left,True,0.5579321384429932,0.8137534856796265,-2.1729120192048867e-07,0.01873435080051422,0.07173088192939758,-0.025238707661628723,0.2599913,0.2061306,interpolated_for_motion,0.4,0.543472,0.726773,False
294.5,14725,right,True,0.3114716410636902,0.7842471599578857,3.4778306456928476e-08,0.058881569653749466,0.054124072194099426,0.017194025218486786,0.0827667,0.056661,observed,1.0,0.268504,0.722651,False
294.64,14732,left,False,,,,,,,0.0609369,0.1062206,interpolated_for_motion,0.4,0.540389,0.725961,True
294.64,14732,right,True,0.3054797649383545,0.8109452724456787,-1.4549443960731878e-07,0.05393359065055847,0.055213671177625656,0.037028875201940536,0.0376801,0.0867121,observed,1.0,0.270248,0.737852,False
294.76,14738,left,False,,,,,,,0.0595302,0.0637914,interpolated_for_motion,0.4,0.514383,0.720555,True
294.76,14738,right,True,0.2609425187110901,0.832145094871521,3.203560794418081e-08,0.053920943289995193,0.045314889401197433,0.04128137230873108,0.2312856,0.1144792,observed,1.0,0.22642,0.784258,False
294.88,14744,left,True,0.4867956042289734,0.790860652923584,-2.629301150136598e-07,0.008972052484750748,0.06377957761287689,-0.054979149252176285,0.0570086,0.0751398,interpolated_for_motion,0.4,0.481289,0.705488,False
294.88,14744,right,False,,,,,,,,,,0.0,,,False
295.0,14750,left,True,0.4424666166305542,0.8241829872131348,-2.237541565364154e-07,0.012497248128056526,0.05890452489256859,-0.05292920768260956,0.181113,0.0928044,observed,1.0,0.433543,0.743584,False
295.0,14750,right,False,,,,,,,,,,0.0,,,False
295.14,14757,left,False,,,,,,,,,,0.0,,,False
295.14,14757,right,False,,,,,,,,,,0.0,,,False
295.26,14763,left,False,,,,,,,,,,0.0,,,False
295.26,14763,right,False,,,,,,,,,,0.0,,,False
295.38,14769,left,False,,,,,,,,,,0.0,,,False
295.38,14769,right,False,,,,,,,,,,0.0,,,False
295.5,14775,left,False,,,,,,,,,,0.0,,,False
295.5,14775,right,False,,,,,,,,,,0.0,,,False
295.64,14782,left,False,,,,,,,,,,0.0,,,False
295.64,14782,right,False,,,,,,,,,,0.0,,,False
295.76,14788,left,False,,,,,,,,,,0.0,,,False
295.76,14788,right,False,,,,,,,,,,0.0,,,False
295.88,14794,left,False,,,,,,,,,,0.0,,,False
295.88,14794,right,False,,,,,,,,,,0.0,,,False
296.0,14800,left,False,,,,,,,,,,0.0,,,False
296.0,14800,right,False,,,,,,,,,,0.0,,,False
296.14,14807,left,False,,,,,,,,,,0.0,,,False
296.14,14807,right,False,,,,,,,,,,0.0,,,False
296.26,14813,left,False,,,,,,,,,,0.0,,,False
296.26,14813,right,False,,,,,,,,,,0.0,,,False
296.38,14819,left,False,,,,,,,,,,0.0,,,False
296.38,14819,right,False,,,,,,,,,,0.0,,,False
296.5,14825,left,False,,,,,,,,,,0.0,,,False
296.5,14825,right,False,,,,,,,,,,0.0,,,False
296.64,14832,left,False,,,,,,,,,,0.0,,,False
296.64,14832,right,False,,,,,,,,,,0.0,,,False
296.76,14838,left,False,,,,,,,,,,0.0,,,False
296.76,14838,right,True,0.5009413361549377,0.8754046559333801,1.1424359769307557e-07,0.04212963581085205,0.06991952657699585,0.013172200880944729,,,,0.0,0.481958,0.81519,False
296.88,14844,left,False,,,,,,,,,,0.0,,,False
296.88,14844,right,False,,,,,,,0.1225262,0.124835,interpolated_for_motion,0.4,0.448208,0.841377,True
297.0,14850,left,False,,,,,,,,,,0.0,,,False
297.0,14850,right,True,0.43421000242233276,0.9197288155555725,-6.79969431871541e-08,0.015750553458929062,0.05138159543275833,-0.03202348202466965,0.1300565,0.1050253,interpolated_for_motion,0.4,0.416031,0.841454,False
297.14,14857,left,False,,,,,,,,,,0.0,,,False
297.14,14857,right,True,0.4072257876396179,0.9702329039573669,-9.491315466902961e-08,0.008435000665485859,0.06982259452342987,-0.017519155517220497,0.0471412,0.0790421,observed,1.0,0.398142,0.872284,False
297.26,14863,left,False,,,,,,,,,,0.0,,,False
297.26,14863,right,True,0.3913087844848633,0.9940281510353088,-1.247458811803881e-07,0.002853098791092634,0.06891248375177383,-0.02914111688733101,0.0088169,0.1245578,observed,1.0,0.384994,0.895579,False
297.38,14869,left,False,,,,,,,,,,0.0,,,False
297.38,14869,right,True,0.3626580238342285,0.9733945727348328,2.1976673281187686e-07,0.0036518739070743322,0.080927275121212,0.05090219900012016,0.2609578,0.22189,observed,1.0,0.356641,0.879897,False
297.5,14875,left,False,,,,,,,,,,0.0,,,False
297.5,14875,right,True,0.3362967073917389,0.947392463684082,3.7294242360985663e-07,0.0014989847550168633,0.0638735443353653,0.03642936423420906,0.3785608,0.3240455,observed,1.0,0.330061,0.845116,False
297.64,14882,left,True,0.6009132862091064,0.9599639177322388,1.3103031903938245e-07,-0.0014150855131447315,0.06097744405269623,0.035590436309576035,,,,0.0,0.602765,0.856011,False
297.64,14882,right,True,0.3530176877975464,0.9076749682426453,2.771322726857761e-07,-0.006375604774802923,0.06283149123191833,0.0395696796476841,0.3987665,0.3509112,observed,1.0,0.354406,0.795578,False
297.76,14888,left,True,0.5843338370323181,0.8755416870117188,1.4811543280757178e-07,0.0036324607208371162,0.09047787636518478,0.03261883929371834,0.6131316,0.3685133,observed,1.0,0.578776,0.75921,False
297.76,14888,right,True,0.3768715262413025,0.8695510029792786,2.440640116674331e-07,-0.011052743531763554,0.0690385103225708,0.03298059105873108,0.327159,0.2917935,observed,1.0,0.384011,0.755901,False
297.88,14894,left,True,0.5958150029182434,0.8240958452224731,-1.2562626494627693e-08,0.007609115447849035,0.08055097609758377,0.0398557074368,0.2879618,0.3007662,observed,1.0,0.59178,0.709171,False
297.88,14894,right,True,0.39484211802482605,0.8401371240615845,2.0117916221806809e-07,-0.014079765416681767,0.07028120756149292,0.035237137228250504,0.1776154,0.2297425,observed,1.0,0.403633,0.734127,False
298.0,14900,left,True,0.6173889636993408,0.8034794330596924,-1.7611542091344745e-07,0.0034047726076096296,0.05087822675704956,0.01991133950650692,0.1712853,0.2219948,observed,1.0,0.618558,0.699711,False
298.0,14900,right,True,0.396132230758667,0.8321006894111633,2.1903896652020194e-07,-0.007948777638375759,0.05411231890320778,0.05760551244020462,0.1271434,0.1762027,observed,1.0,0.396591,0.728758,False
298.14,14907,left,True,0.6069217324256897,0.8437817692756653,-5.791860147041916e-08,0.002948773792013526,0.04824454337358475,0.03862004354596138,0.1520702,0.1755876,observed,1.0,0.603654,0.741156,False
298.14,14907,right,True,0.38079172372817993,0.8261517882347107,2.1773848857264966e-07,9.895302355289459e-05,0.06485498696565628,0.05805807560682297,0.1891234,0.1235178,observed,1.0,0.376539,0.719865,False
298.26,14913,left,True,0.5729748606681824,0.8493385910987854,-5.2901729219456683e-08,-0.024633845314383507,0.07281814515590668,0.03495476022362709,0.1839518,0.1805311,observed,1.0,0.587225,0.752553,False
298.26,14913,right,True,0.38992947340011597,0.8449052572250366,9.660788435894574e-08,-0.0137860719114542,0.06246645376086235,0.0489560067653656,0.0823078,0.095085,observed,1.0,0.395201,0.736594,False
298.38,14919,left,True,0.5570757985115051,0.8426111340522766,-1.7338852842385677e-07,-0.01950543001294136,0.08142875134944916,0.047719694674015045,0.2862388,0.182649,observed,1.0,0.566281,0.740415,False
298.38,14919,right,True,0.40594103932380676,0.8428499698638916,1.5894818261585897e-07,-0.018053743988275528,0.07059492915868759,0.04859231412410736,0.0560062,0.0895843,observed,1.0,0.416623,0.737968,False
298.5,14925,left,True,0.55818110704422,0.8353702425956726,-1.5202734005015373e-07,-0.014749303460121155,0.08185376226902008,0.04594848304986954,0.141278,0.1733583,observed,1.0,0.565806,0.736199,False
298.5,14925,right,True,0.4123954772949219,0.848042368888855,6.923004036707425e-08,-0.020676003769040108,0.05856659263372421,0.049283720552921295,0.0989701,0.1375708,observed,1.0,0.425833,0.742652,False
298.64,14932,left,True,0.5478487610816956,0.8533607721328735,-2.040607114395243e-07,-0.00132713932543993,0.08531579375267029,0.05098237097263336,0.1821326,0.1356248,observed,1.0,0.546003,0.748454,False
298.64,14932,right,True,0.39536595344543457,0.8925915360450745,9.946928969384317e-08,-0.0032380511984229088,0.05609770864248276,0.0525132417678833,0.3420322,0.2424062,observed,1.0,0.389388,0.788794,False
298.76,14938,left,True,0.5570892691612244,0.8613037467002869,-2.2008761391134612e-07,-0.0017847656272351742,0.08044439554214478,0.046846430748701096,0.0334952,0.1085287,observed,1.0,0.553986,0.755274,False
298.76,14938,right,True,0.3813001215457916,0.9344528913497925,1.1589123971589288e-07,0.0030875958036631346,0.05811058357357979,0.05631274729967117,0.291494,0.2681882,observed,1.0,0.372341,0.832713,False
298.88,14944,left,True,0.5684091448783875,0.829180896282196,-4.2780644804452095e-08,-0.01457853615283966,0.08133971691131592,0.04371446371078491,0.0969823,0.0998802,observed,1.0,0.576356,0.730521,False
298.88,14944,right,True,0.39695730805397034,0.8972200155258179,3.089839140102413e-07,-0.008061290718615055,0.07029010355472565,0.03838319331407547,0.2206502,0.2429365,observed,1.0,0.40463,0.778809,False
299.0,14950,left,True,0.5652874112129211,0.8328349590301514,-1.1400753407997399e-07,-0.011543416418135166,0.08864462375640869,0.036046672612428665,0.166467,0.088479,observed,1.0,0.567334,0.736191,False
299.0,14950,right,True,0.4149988889694214,0.8530575037002563,2.8052880907125655e-07,-0.0167764313519001,0.09019985795021057,0.03094744123518467,0.2175235,0.2208664,observed,1.0,0.431869,0.726252,False
299.14,14957,left,False,,,,,,,0.0595664,0.0685565,interpolated_for_motion,0.4,0.580403,0.741245,True
299.14,14957,right,True,0.40740692615509033,0.8456592559814453,1.2841061902690853e-07,-0.02056790515780449,0.08081050962209702,0.03287740424275398,0.085391,0.2089924,observed,1.0,0.423228,0.724378,False
299.26,14963,left,False,,,,,,,0.0599942,0.0701164,interpolated_for_motion,0.4,0.588958,0.743238,True
299.26,14963,right,True,0.41593578457832336,0.7862465977668762,4.820496428692422e-07,-0.02627352438867092,0.10649522393941879,0.008971791714429855,0.2064456,0.2033427,observed,1.0,0.439013,0.674962,False
299.38,14969,left,True,0.5961810946464539,0.8235834836959839,-2.2883094530357084e-08,-0.006131789647042751,0.06993283331394196,0.009358947165310383,0.060859,0.0997848,interpolated_for_motion,0.4,0.599509,0.746124,False
299.38,14969,right,True,0.4254954755306244,0.732258141040802,2.6221812277071876e-07,-0.04709833860397339,0.08234205842018127,0.024406874552369118,0.279303,0.194082,observed,1.0,0.466665,0.616599,False
299.5,14975,left,False,,,,,,,0.2129935,0.1603219,interpolated_for_motion,0.4,0.570954,0.774123,True
299.5,14975,right,True,0.4206807613372803,0.6983925104141235,2.7492316689858853e-07,-0.034984271973371506,0.07842639088630676,0.010769887827336788,0.1290959,0.1682469,observed,1.0,0.45037,0.588371,False
299.64,14982,left,True,0.540661096572876,0.8939859867095947,-9.37302928605277e-08,0.007376811467111111,0.0726897120475769,0.0237404927611351,0.2112724,0.2118334,interpolated_for_motion,0.4,0.537883,0.80819,False
299.64,14982,right,True,0.4009428024291992,0.6848300695419312,2.4110318008752074e-07,-0.025167390704154968,0.0785694569349289,0.03206263482570648,0.1590146,0.1441175,observed,1.0,0.420716,0.573341,False
299.76,14988,left,False,,,,,,,,,,0.0,,,False
299.76,14988,right,True,0.41279369592666626,0.6939786672592163,1.1620991102745393e-07,-0.024310220032930374,0.07916538417339325,0.03858856484293938,0.0673932,0.142407,observed,1.0,0.432865,0.587254,False
299.88,14994,left,False,,,,,,,,,,0.0,,,False
299.88,14994,right,True,0.42577165365219116,0.7291424870491028,-3.3511920349837965e-08,-0.03504770249128342,0.07315627485513687,0.04494206979870796,0.1913858,0.1398084,observed,1.0,0.453465,0.627314,False
